2026-05-18 18:23:34.025776: I tensorflow/core/util/port.cc:113] oneDNN custom operations are on. You may see slightly different numerical results due to floating-point round-off errors from different computation orders. To turn them off, set the environment variable `TF_ENABLE_ONEDNN_OPTS=0`.
2026-05-18 18:23:34.494343: E external/local_xla/xla/stream_executor/cuda/cuda_dnn.cc:9261] Unable to register cuDNN factory: Attempting to register factory for plugin cuDNN when one has already been registered
2026-05-18 18:23:34.494432: E external/local_xla/xla/stream_executor/cuda/cuda_fft.cc:607] Unable to register cuFFT factory: Attempting to register factory for plugin cuFFT when one has already been registered
2026-05-18 18:23:34.541398: E external/local_xla/xla/stream_executor/cuda/cuda_blas.cc:1515] Unable to register cuBLAS factory: Attempting to register factory for plugin cuBLAS when one has already been registered
2026-05-18 18:23:34.704004: I tensorflow/core/platform/cpu_feature_guard.cc:182] This TensorFlow binary is optimized to use available CPU instructions in performance-critical operations.
To enable the following instructions: AVX2 AVX512F AVX512_VNNI FMA, in other operations, rebuild TensorFlow with the appropriate compiler flags.
2026-05-18 18:23:38.167969: W tensorflow/compiler/tf2tensorrt/utils/py_utils.cc:38] TF-TRT Warning: Could not find TensorRT
[robosuite WARNING] No private macro file found! (macros.py:53)
[robosuite WARNING] It is recommended to use a private macro file (macros.py:54)
[robosuite WARNING] To setup, run: python <home_path>/miniconda3/envs/pub-ddpvla2/lib/python3.10/site-packages/robosuite/scripts/setup_macros.py (macros.py:55)
<frozen importlib._bootstrap>:283: DeprecationWarning: the load_module() method is deprecated and slated for removal in Python 3.12; use exec_module() instead
Using LIBERO constants:
  NUM_ACTIONS_CHUNK = 8
  ACTION_DIM = 7
  PROPRIO_DIM = 8
  ACTION_PROPRIO_NORMALIZATION_TYPE = bounds_q99
If needed, manually set the correct constants in `prismatic/vla/constants.py`!
Instantiating pretrained VLA policy...
Created backup of original config at: <home_path>/checkpoints/ddpvla_checkpoints/discrete-openvla-oft-libero-spatial-from-ckpt-new/openvla-7b-exp+libero_spatial_no_noops+b8+lr-0.0005+lora-r32+dropout-0.0--image_aug--parallel_dec--8_acts_chunk--bin_acts--discrete_diffusion--3rd_person_img--wrist_img--proprio_state--20250622_1141--95000_chkpt/config.json.back.20260518_182411
Updated config.json at: <home_path>/checkpoints/ddpvla_checkpoints/discrete-openvla-oft-libero-spatial-from-ckpt-new/openvla-7b-exp+libero_spatial_no_noops+b8+lr-0.0005+lora-r32+dropout-0.0--image_aug--parallel_dec--8_acts_chunk--bin_acts--discrete_diffusion--3rd_person_img--wrist_img--proprio_state--20250622_1141--95000_chkpt/config.json
Changes made:
  - Set AutoConfig to "configuration_prismatic.OpenVLAConfig"
  - Set AutoModelForVision2Seq to "modeling_prismatic.OpenVLAForActionPrediction"

Loading checkpoint shards:   0%|          | 0/4 [00:00<?, ?it/s]
Loading checkpoint shards:  25%|██▌       | 1/4 [00:00<00:02,  1.25it/s]
Loading checkpoint shards:  50%|█████     | 2/4 [00:01<00:00,  2.07it/s]
Loading checkpoint shards:  75%|███████▌  | 3/4 [00:01<00:00,  2.50it/s]
Loading checkpoint shards: 100%|██████████| 4/4 [00:01<00:00,  3.09it/s]
Loading checkpoint shards: 100%|██████████| 4/4 [00:01<00:00,  2.55it/s]
Loaded model: <class 'transformers_modules.openvla-7b-exp+libero_spatial_no_noops+b8+lr-0.0005+lora-r32+dropout-0.0--image_aug--parallel_dec--8_acts_chunk--bin_acts--discrete_diffusion--3rd_person_img--wrist_img--proprio_state--20250622_1141--95000_chkpt.modeling_prismatic.OpenVLAForActionPrediction'>
05/18 [18:26:14] INFO     | >> Logging to local log file: run_libero_eval.py:208
                          ./experiments/logs/EVAL-libero_                       
                          spatial-openvla-2026_05_18-18_2                       
                          4_11.txt                                              
wandb: Currently logged in as: zxliang to https://api.wandb.ai. Use `wandb login --relogin` to force relogin
<home_path>/miniconda3/envs/pub-ddpvla2/lib/python3.10/site-packages/wandb/analytics/sentry.py:259: DeprecationWarning: The `Scope.user` setter is deprecated in favor of `Scope.set_user()`.
  self.scope.user = {"email": email}  # noqa
wandb: creating run
<home_path>/miniconda3/envs/pub-ddpvla2/lib/python3.10/site-packages/wandb/analytics/sentry.py:259: DeprecationWarning: The `Scope.user` setter is deprecated in favor of `Scope.set_user()`.
  self.scope.user = {"email": email}  # noqa
wandb: Tracking run with wandb version 0.19.11
wandb: Run data is saved locally in <home_path>/code/publish-ddpvla/wandb/run-20260518_182615-4j14i8je
wandb: Run `wandb offline` to turn off syncing.
wandb: Syncing run EVAL-libero_spatial-openvla-2026_05_18-18_24_11
wandb: ⭐️ View project at https://wandb.ai/zxliang/openvla-oft-evaluation
wandb: 🚀 View run at https://wandb.ai/zxliang/openvla-oft-evaluation/runs/4j14i8je
[info] using task orders [0, 1, 2, 3, 4, 5, 6, 7, 8, 9]
05/18 [18:26:18] INFO     | >> Task suite: libero_spatial run_libero_eval.py:223

  0%|          | 0/10 [00:00<?, ?it/s][Warning]: datasets path <home_path>/code/publish-ddpvla/LIBERO/datasets does not exist!
                 INFO     | >> Using default initial      run_libero_eval.py:223
                          states                                                
[Warning]: datasets path <home_path>/code/publish-ddpvla/LIBERO/datasets does not exist!


  0%|          | 0/50 [00:00<?, ?it/s][A05/18 [18:26:24] INFO     | >>                            run_libero_eval.py:223
                          Task: pick up the black bowl                          
                          between the plate and the                             
                          ramekin and place it on the                           
                          plate                                                 
                 INFO     | >> Starting episode 1...      run_libero_eval.py:223
05/18 [18:26:39] INFO     | >> Success: True              run_libero_eval.py:223
                 INFO     | >> # episodes completed so    run_libero_eval.py:223
                          far: 1                                                
                 INFO     | >> # successes: 1 (100.0%)    run_libero_eval.py:223


  2%|▏         | 1/50 [00:15<12:25, 15.22s/it][A                 INFO     | >>                            run_libero_eval.py:223
                          Task: pick up the black bowl                          
                          between the plate and the                             
                          ramekin and place it on the                           
                          plate                                                 
                 INFO     | >> Starting episode 2...      run_libero_eval.py:223
05/18 [18:26:52] INFO     | >> Success: True              run_libero_eval.py:223
                 INFO     | >> # episodes completed so    run_libero_eval.py:223
                          far: 2                                                
                 INFO     | >> # successes: 2 (100.0%)    run_libero_eval.py:223


  4%|▍         | 2/50 [00:27<10:57, 13.69s/it][A                 INFO     | >>                            run_libero_eval.py:223
                          Task: pick up the black bowl                          
                          between the plate and the                             
                          ramekin and place it on the                           
                          plate                                                 
                 INFO     | >> Starting episode 3...      run_libero_eval.py:223
05/18 [18:27:06] INFO     | >> Success: True              run_libero_eval.py:223
                 INFO     | >> # episodes completed so    run_libero_eval.py:223
                          far: 3                                                
                 INFO     | >> # successes: 3 (100.0%)    run_libero_eval.py:223


  6%|▌         | 3/50 [00:41<10:44, 13.71s/it][A                 INFO     | >>                            run_libero_eval.py:223
                          Task: pick up the black bowl                          
                          between the plate and the                             
                          ramekin and place it on the                           
                          plate                                                 
                 INFO     | >> Starting episode 4...      run_libero_eval.py:223
05/18 [18:27:18] INFO     | >> Success: True              run_libero_eval.py:223
                 INFO     | >> # episodes completed so    run_libero_eval.py:223
                          far: 4                                                
                 INFO     | >> # successes: 4 (100.0%)    run_libero_eval.py:223


  8%|▊         | 4/50 [00:53<10:00, 13.06s/it][A                 INFO     | >>                            run_libero_eval.py:223
                          Task: pick up the black bowl                          
                          between the plate and the                             
                          ramekin and place it on the                           
                          plate                                                 
                 INFO     | >> Starting episode 5...      run_libero_eval.py:223
05/18 [18:27:31] INFO     | >> Success: True              run_libero_eval.py:223
                 INFO     | >> # episodes completed so    run_libero_eval.py:223
                          far: 5                                                
                 INFO     | >> # successes: 5 (100.0%)    run_libero_eval.py:223


 10%|█         | 5/50 [01:06<09:45, 13.01s/it][A                 INFO     | >>                            run_libero_eval.py:223
                          Task: pick up the black bowl                          
                          between the plate and the                             
                          ramekin and place it on the                           
                          plate                                                 
                 INFO     | >> Starting episode 6...      run_libero_eval.py:223
05/18 [18:27:45] INFO     | >> Success: True              run_libero_eval.py:223
                 INFO     | >> # episodes completed so    run_libero_eval.py:223
                          far: 6                                                
                 INFO     | >> # successes: 6 (100.0%)    run_libero_eval.py:223


 12%|█▏        | 6/50 [01:20<09:47, 13.36s/it][A                 INFO     | >>                            run_libero_eval.py:223
                          Task: pick up the black bowl                          
                          between the plate and the                             
                          ramekin and place it on the                           
                          plate                                                 
                 INFO     | >> Starting episode 7...      run_libero_eval.py:223
05/18 [18:27:56] INFO     | >> Success: True              run_libero_eval.py:223
                 INFO     | >> # episodes completed so    run_libero_eval.py:223
                          far: 7                                                
                 INFO     | >> # successes: 7 (100.0%)    run_libero_eval.py:223


 14%|█▍        | 7/50 [01:32<09:10, 12.81s/it][A                 INFO     | >>                            run_libero_eval.py:223
                          Task: pick up the black bowl                          
                          between the plate and the                             
                          ramekin and place it on the                           
                          plate                                                 
                 INFO     | >> Starting episode 8...      run_libero_eval.py:223
05/18 [18:28:10] INFO     | >> Success: True              run_libero_eval.py:223
                 INFO     | >> # episodes completed so    run_libero_eval.py:223
                          far: 8                                                
                 INFO     | >> # successes: 8 (100.0%)    run_libero_eval.py:223


 16%|█▌        | 8/50 [01:45<09:10, 13.10s/it][A                 INFO     | >>                            run_libero_eval.py:223
                          Task: pick up the black bowl                          
                          between the plate and the                             
                          ramekin and place it on the                           
                          plate                                                 
                 INFO     | >> Starting episode 9...      run_libero_eval.py:223
05/18 [18:28:23] INFO     | >> Success: True              run_libero_eval.py:223
                 INFO     | >> # episodes completed so    run_libero_eval.py:223
                          far: 9                                                
                 INFO     | >> # successes: 9 (100.0%)    run_libero_eval.py:223


 18%|█▊        | 9/50 [01:58<08:51, 12.96s/it][A                 INFO     | >>                            run_libero_eval.py:223
                          Task: pick up the black bowl                          
                          between the plate and the                             
                          ramekin and place it on the                           
                          plate                                                 
                 INFO     | >> Starting episode 10...     run_libero_eval.py:223
05/18 [18:28:36] INFO     | >> Success: True              run_libero_eval.py:223
                 INFO     | >> # episodes completed so    run_libero_eval.py:223
                          far: 10                                               
                 INFO     | >> # successes: 10 (100.0%)   run_libero_eval.py:223


 20%|██        | 10/50 [02:11<08:40, 13.01s/it][A                 INFO     | >>                            run_libero_eval.py:223
                          Task: pick up the black bowl                          
                          between the plate and the                             
                          ramekin and place it on the                           
                          plate                                                 
                 INFO     | >> Starting episode 11...     run_libero_eval.py:223
05/18 [18:28:49] INFO     | >> Success: True              run_libero_eval.py:223
                 INFO     | >> # episodes completed so    run_libero_eval.py:223
                          far: 11                                               
                 INFO     | >> # successes: 11 (100.0%)   run_libero_eval.py:223


 22%|██▏       | 11/50 [02:24<08:28, 13.04s/it][A                 INFO     | >>                            run_libero_eval.py:223
                          Task: pick up the black bowl                          
                          between the plate and the                             
                          ramekin and place it on the                           
                          plate                                                 
                 INFO     | >> Starting episode 12...     run_libero_eval.py:223
05/18 [18:29:02] INFO     | >> Success: True              run_libero_eval.py:223
                 INFO     | >> # episodes completed so    run_libero_eval.py:223
                          far: 12                                               
                 INFO     | >> # successes: 12 (100.0%)   run_libero_eval.py:223


 24%|██▍       | 12/50 [02:37<08:13, 12.98s/it][A                 INFO     | >>                            run_libero_eval.py:223
                          Task: pick up the black bowl                          
                          between the plate and the                             
                          ramekin and place it on the                           
                          plate                                                 
                 INFO     | >> Starting episode 13...     run_libero_eval.py:223
05/18 [18:29:14] INFO     | >> Success: True              run_libero_eval.py:223
                 INFO     | >> # episodes completed so    run_libero_eval.py:223
                          far: 13                                               
                 INFO     | >> # successes: 13 (100.0%)   run_libero_eval.py:223


 26%|██▌       | 13/50 [02:50<07:54, 12.82s/it][A                 INFO     | >>                            run_libero_eval.py:223
                          Task: pick up the black bowl                          
                          between the plate and the                             
                          ramekin and place it on the                           
                          plate                                                 
                 INFO     | >> Starting episode 14...     run_libero_eval.py:223
05/18 [18:29:31] INFO     | >> Success: True              run_libero_eval.py:223
                 INFO     | >> # episodes completed so    run_libero_eval.py:223
                          far: 14                                               
                 INFO     | >> # successes: 14 (100.0%)   run_libero_eval.py:223


 28%|██▊       | 14/50 [03:07<08:26, 14.07s/it][A                 INFO     | >>                            run_libero_eval.py:223
                          Task: pick up the black bowl                          
                          between the plate and the                             
                          ramekin and place it on the                           
                          plate                                                 
                 INFO     | >> Starting episode 15...     run_libero_eval.py:223
05/18 [18:29:44] INFO     | >> Success: True              run_libero_eval.py:223
                 INFO     | >> # episodes completed so    run_libero_eval.py:223
                          far: 15                                               
                 INFO     | >> # successes: 15 (100.0%)   run_libero_eval.py:223


 30%|███       | 15/50 [03:19<07:55, 13.59s/it][A                 INFO     | >>                            run_libero_eval.py:223
                          Task: pick up the black bowl                          
                          between the plate and the                             
                          ramekin and place it on the                           
                          plate                                                 
                 INFO     | >> Starting episode 16...     run_libero_eval.py:223
05/18 [18:29:56] INFO     | >> Success: True              run_libero_eval.py:223
                 INFO     | >> # episodes completed so    run_libero_eval.py:223
                          far: 16                                               
                 INFO     | >> # successes: 16 (100.0%)   run_libero_eval.py:223


 32%|███▏      | 16/50 [03:31<07:24, 13.08s/it][A                 INFO     | >>                            run_libero_eval.py:223
                          Task: pick up the black bowl                          
                          between the plate and the                             
                          ramekin and place it on the                           
                          plate                                                 
                 INFO     | >> Starting episode 17...     run_libero_eval.py:223
05/18 [18:30:10] INFO     | >> Success: True              run_libero_eval.py:223
                 INFO     | >> # episodes completed so    run_libero_eval.py:223
                          far: 17                                               
                 INFO     | >> # successes: 17 (100.0%)   run_libero_eval.py:223


 34%|███▍      | 17/50 [03:45<07:21, 13.38s/it][A                 INFO     | >>                            run_libero_eval.py:223
                          Task: pick up the black bowl                          
                          between the plate and the                             
                          ramekin and place it on the                           
                          plate                                                 
                 INFO     | >> Starting episode 18...     run_libero_eval.py:223
05/18 [18:30:21] INFO     | >> Success: True              run_libero_eval.py:223
                 INFO     | >> # episodes completed so    run_libero_eval.py:223
                          far: 18                                               
                 INFO     | >> # successes: 18 (100.0%)   run_libero_eval.py:223


 36%|███▌      | 18/50 [03:56<06:45, 12.66s/it][A                 INFO     | >>                            run_libero_eval.py:223
                          Task: pick up the black bowl                          
                          between the plate and the                             
                          ramekin and place it on the                           
                          plate                                                 
                 INFO     | >> Starting episode 19...     run_libero_eval.py:223
05/18 [18:30:34] INFO     | >> Success: True              run_libero_eval.py:223
                 INFO     | >> # episodes completed so    run_libero_eval.py:223
                          far: 19                                               
                 INFO     | >> # successes: 19 (100.0%)   run_libero_eval.py:223


 38%|███▊      | 19/50 [04:09<06:34, 12.73s/it][A                 INFO     | >>                            run_libero_eval.py:223
                          Task: pick up the black bowl                          
                          between the plate and the                             
                          ramekin and place it on the                           
                          plate                                                 
                 INFO     | >> Starting episode 20...     run_libero_eval.py:223
05/18 [18:30:46] INFO     | >> Success: True              run_libero_eval.py:223
                 INFO     | >> # episodes completed so    run_libero_eval.py:223
                          far: 20                                               
                 INFO     | >> # successes: 20 (100.0%)   run_libero_eval.py:223


 40%|████      | 20/50 [04:21<06:17, 12.57s/it][A                 INFO     | >>                            run_libero_eval.py:223
                          Task: pick up the black bowl                          
                          between the plate and the                             
                          ramekin and place it on the                           
                          plate                                                 
                 INFO     | >> Starting episode 21...     run_libero_eval.py:223
05/18 [18:30:58] INFO     | >> Success: True              run_libero_eval.py:223
                 INFO     | >> # episodes completed so    run_libero_eval.py:223
                          far: 21                                               
                 INFO     | >> # successes: 21 (100.0%)   run_libero_eval.py:223


 42%|████▏     | 21/50 [04:33<06:01, 12.45s/it][A                 INFO     | >>                            run_libero_eval.py:223
                          Task: pick up the black bowl                          
                          between the plate and the                             
                          ramekin and place it on the                           
                          plate                                                 
                 INFO     | >> Starting episode 22...     run_libero_eval.py:223
05/18 [18:31:10] INFO     | >> Success: True              run_libero_eval.py:223
                 INFO     | >> # episodes completed so    run_libero_eval.py:223
                          far: 22                                               
                 INFO     | >> # successes: 22 (100.0%)   run_libero_eval.py:223


 44%|████▍     | 22/50 [04:45<05:41, 12.19s/it][A                 INFO     | >>                            run_libero_eval.py:223
                          Task: pick up the black bowl                          
                          between the plate and the                             
                          ramekin and place it on the                           
                          plate                                                 
                 INFO     | >> Starting episode 23...     run_libero_eval.py:223
05/18 [18:31:22] INFO     | >> Success: True              run_libero_eval.py:223
                 INFO     | >> # episodes completed so    run_libero_eval.py:223
                          far: 23                                               
                 INFO     | >> # successes: 23 (100.0%)   run_libero_eval.py:223


 46%|████▌     | 23/50 [04:57<05:28, 12.16s/it][A                 INFO     | >>                            run_libero_eval.py:223
                          Task: pick up the black bowl                          
                          between the plate and the                             
                          ramekin and place it on the                           
                          plate                                                 
                 INFO     | >> Starting episode 24...     run_libero_eval.py:223
05/18 [18:31:34] INFO     | >> Success: True              run_libero_eval.py:223
                 INFO     | >> # episodes completed so    run_libero_eval.py:223
                          far: 24                                               
                 INFO     | >> # successes: 24 (100.0%)   run_libero_eval.py:223


 48%|████▊     | 24/50 [05:09<05:17, 12.23s/it][A                 INFO     | >>                            run_libero_eval.py:223
                          Task: pick up the black bowl                          
                          between the plate and the                             
                          ramekin and place it on the                           
                          plate                                                 
                 INFO     | >> Starting episode 25...     run_libero_eval.py:223
05/18 [18:31:45] INFO     | >> Success: True              run_libero_eval.py:223
                 INFO     | >> # episodes completed so    run_libero_eval.py:223
                          far: 25                                               
                 INFO     | >> # successes: 25 (100.0%)   run_libero_eval.py:223


 50%|█████     | 25/50 [05:21<04:59, 11.99s/it][A                 INFO     | >>                            run_libero_eval.py:223
                          Task: pick up the black bowl                          
                          between the plate and the                             
                          ramekin and place it on the                           
                          plate                                                 
                 INFO     | >> Starting episode 26...     run_libero_eval.py:223
05/18 [18:31:57] INFO     | >> Success: True              run_libero_eval.py:223
                 INFO     | >> # episodes completed so    run_libero_eval.py:223
                          far: 26                                               
                 INFO     | >> # successes: 26 (100.0%)   run_libero_eval.py:223


 52%|█████▏    | 26/50 [05:32<04:42, 11.76s/it][A                 INFO     | >>                            run_libero_eval.py:223
                          Task: pick up the black bowl                          
                          between the plate and the                             
                          ramekin and place it on the                           
                          plate                                                 
                 INFO     | >> Starting episode 27...     run_libero_eval.py:223
05/18 [18:32:09] INFO     | >> Success: True              run_libero_eval.py:223
                 INFO     | >> # episodes completed so    run_libero_eval.py:223
                          far: 27                                               
                 INFO     | >> # successes: 27 (100.0%)   run_libero_eval.py:223


 54%|█████▍    | 27/50 [05:44<04:31, 11.79s/it][A                 INFO     | >>                            run_libero_eval.py:223
                          Task: pick up the black bowl                          
                          between the plate and the                             
                          ramekin and place it on the                           
                          plate                                                 
                 INFO     | >> Starting episode 28...     run_libero_eval.py:223
05/18 [18:32:22] INFO     | >> Success: True              run_libero_eval.py:223
                 INFO     | >> # episodes completed so    run_libero_eval.py:223
                          far: 28                                               
                 INFO     | >> # successes: 28 (100.0%)   run_libero_eval.py:223


 56%|█████▌    | 28/50 [05:57<04:30, 12.28s/it][A                 INFO     | >>                            run_libero_eval.py:223
                          Task: pick up the black bowl                          
                          between the plate and the                             
                          ramekin and place it on the                           
                          plate                                                 
                 INFO     | >> Starting episode 29...     run_libero_eval.py:223
05/18 [18:32:33] INFO     | >> Success: True              run_libero_eval.py:223
                 INFO     | >> # episodes completed so    run_libero_eval.py:223
                          far: 29                                               
                 INFO     | >> # successes: 29 (100.0%)   run_libero_eval.py:223


 58%|█████▊    | 29/50 [06:09<04:11, 11.96s/it][A                 INFO     | >>                            run_libero_eval.py:223
                          Task: pick up the black bowl                          
                          between the plate and the                             
                          ramekin and place it on the                           
                          plate                                                 
                 INFO     | >> Starting episode 30...     run_libero_eval.py:223
05/18 [18:32:44] INFO     | >> Success: True              run_libero_eval.py:223
                 INFO     | >> # episodes completed so    run_libero_eval.py:223
                          far: 30                                               
                 INFO     | >> # successes: 30 (100.0%)   run_libero_eval.py:223


 60%|██████    | 30/50 [06:20<03:53, 11.68s/it][A                 INFO     | >>                            run_libero_eval.py:223
                          Task: pick up the black bowl                          
                          between the plate and the                             
                          ramekin and place it on the                           
                          plate                                                 
                 INFO     | >> Starting episode 31...     run_libero_eval.py:223
05/18 [18:32:57] INFO     | >> Success: True              run_libero_eval.py:223
                 INFO     | >> # episodes completed so    run_libero_eval.py:223
                          far: 31                                               
                 INFO     | >> # successes: 31 (100.0%)   run_libero_eval.py:223


 62%|██████▏   | 31/50 [06:33<03:51, 12.16s/it][A                 INFO     | >>                            run_libero_eval.py:223
                          Task: pick up the black bowl                          
                          between the plate and the                             
                          ramekin and place it on the                           
                          plate                                                 
                 INFO     | >> Starting episode 32...     run_libero_eval.py:223
05/18 [18:33:09] INFO     | >> Success: True              run_libero_eval.py:223
                 INFO     | >> # episodes completed so    run_libero_eval.py:223
                          far: 32                                               
                 INFO     | >> # successes: 32 (100.0%)   run_libero_eval.py:223


 64%|██████▍   | 32/50 [06:45<03:37, 12.06s/it][A                 INFO     | >>                            run_libero_eval.py:223
                          Task: pick up the black bowl                          
                          between the plate and the                             
                          ramekin and place it on the                           
                          plate                                                 
                 INFO     | >> Starting episode 33...     run_libero_eval.py:223
05/18 [18:33:23] INFO     | >> Success: True              run_libero_eval.py:223
                 INFO     | >> # episodes completed so    run_libero_eval.py:223
                          far: 33                                               
                 INFO     | >> # successes: 33 (100.0%)   run_libero_eval.py:223


 66%|██████▌   | 33/50 [06:58<03:31, 12.45s/it][A                 INFO     | >>                            run_libero_eval.py:223
                          Task: pick up the black bowl                          
                          between the plate and the                             
                          ramekin and place it on the                           
                          plate                                                 
                 INFO     | >> Starting episode 34...     run_libero_eval.py:223
05/18 [18:33:35] INFO     | >> Success: True              run_libero_eval.py:223
                 INFO     | >> # episodes completed so    run_libero_eval.py:223
                          far: 34                                               
                 INFO     | >> # successes: 34 (100.0%)   run_libero_eval.py:223


 68%|██████▊   | 34/50 [07:10<03:17, 12.34s/it][A                 INFO     | >>                            run_libero_eval.py:223
                          Task: pick up the black bowl                          
                          between the plate and the                             
                          ramekin and place it on the                           
                          plate                                                 
                 INFO     | >> Starting episode 35...     run_libero_eval.py:223
05/18 [18:33:47] INFO     | >> Success: True              run_libero_eval.py:223
                 INFO     | >> # episodes completed so    run_libero_eval.py:223
                          far: 35                                               
                 INFO     | >> # successes: 35 (100.0%)   run_libero_eval.py:223


 70%|███████   | 35/50 [07:22<03:04, 12.32s/it][A                 INFO     | >>                            run_libero_eval.py:223
                          Task: pick up the black bowl                          
                          between the plate and the                             
                          ramekin and place it on the                           
                          plate                                                 
                 INFO     | >> Starting episode 36...     run_libero_eval.py:223
05/18 [18:34:01] INFO     | >> Success: True              run_libero_eval.py:223
                 INFO     | >> # episodes completed so    run_libero_eval.py:223
                          far: 36                                               
                 INFO     | >> # successes: 36 (100.0%)   run_libero_eval.py:223


 72%|███████▏  | 36/50 [07:36<02:57, 12.69s/it][A                 INFO     | >>                            run_libero_eval.py:223
                          Task: pick up the black bowl                          
                          between the plate and the                             
                          ramekin and place it on the                           
                          plate                                                 
                 INFO     | >> Starting episode 37...     run_libero_eval.py:223
05/18 [18:34:13] INFO     | >> Success: True              run_libero_eval.py:223
                 INFO     | >> # episodes completed so    run_libero_eval.py:223
                          far: 37                                               
                 INFO     | >> # successes: 37 (100.0%)   run_libero_eval.py:223


 74%|███████▍  | 37/50 [07:48<02:42, 12.46s/it][A                 INFO     | >>                            run_libero_eval.py:223
                          Task: pick up the black bowl                          
                          between the plate and the                             
                          ramekin and place it on the                           
                          plate                                                 
                 INFO     | >> Starting episode 38...     run_libero_eval.py:223
05/18 [18:34:24] INFO     | >> Success: True              run_libero_eval.py:223
                 INFO     | >> # episodes completed so    run_libero_eval.py:223
                          far: 38                                               
                 INFO     | >> # successes: 38 (100.0%)   run_libero_eval.py:223


 76%|███████▌  | 38/50 [08:00<02:27, 12.30s/it][A                 INFO     | >>                            run_libero_eval.py:223
                          Task: pick up the black bowl                          
                          between the plate and the                             
                          ramekin and place it on the                           
                          plate                                                 
                 INFO     | >> Starting episode 39...     run_libero_eval.py:223
05/18 [18:34:36] INFO     | >> Success: True              run_libero_eval.py:223
                 INFO     | >> # episodes completed so    run_libero_eval.py:223
                          far: 39                                               
                 INFO     | >> # successes: 39 (100.0%)   run_libero_eval.py:223


 78%|███████▊  | 39/50 [08:12<02:13, 12.14s/it][A                 INFO     | >>                            run_libero_eval.py:223
                          Task: pick up the black bowl                          
                          between the plate and the                             
                          ramekin and place it on the                           
                          plate                                                 
                 INFO     | >> Starting episode 40...     run_libero_eval.py:223
05/18 [18:34:49] INFO     | >> Success: True              run_libero_eval.py:223
                 INFO     | >> # episodes completed so    run_libero_eval.py:223
                          far: 40                                               
                 INFO     | >> # successes: 40 (100.0%)   run_libero_eval.py:223


 80%|████████  | 40/50 [08:24<02:02, 12.26s/it][A                 INFO     | >>                            run_libero_eval.py:223
                          Task: pick up the black bowl                          
                          between the plate and the                             
                          ramekin and place it on the                           
                          plate                                                 
                 INFO     | >> Starting episode 41...     run_libero_eval.py:223
05/18 [18:35:01] INFO     | >> Success: True              run_libero_eval.py:223
                 INFO     | >> # episodes completed so    run_libero_eval.py:223
                          far: 41                                               
                 INFO     | >> # successes: 41 (100.0%)   run_libero_eval.py:223


 82%|████████▏ | 41/50 [08:36<01:49, 12.15s/it][A                 INFO     | >>                            run_libero_eval.py:223
                          Task: pick up the black bowl                          
                          between the plate and the                             
                          ramekin and place it on the                           
                          plate                                                 
                 INFO     | >> Starting episode 42...     run_libero_eval.py:223
05/18 [18:35:13] INFO     | >> Success: True              run_libero_eval.py:223
                 INFO     | >> # episodes completed so    run_libero_eval.py:223
                          far: 42                                               
                 INFO     | >> # successes: 42 (100.0%)   run_libero_eval.py:223


 84%|████████▍ | 42/50 [08:49<01:38, 12.27s/it][A                 INFO     | >>                            run_libero_eval.py:223
                          Task: pick up the black bowl                          
                          between the plate and the                             
                          ramekin and place it on the                           
                          plate                                                 
                 INFO     | >> Starting episode 43...     run_libero_eval.py:223
05/18 [18:35:25] INFO     | >> Success: True              run_libero_eval.py:223
                 INFO     | >> # episodes completed so    run_libero_eval.py:223
                          far: 43                                               
                 INFO     | >> # successes: 43 (100.0%)   run_libero_eval.py:223


 86%|████████▌ | 43/50 [09:00<01:25, 12.18s/it][A                 INFO     | >>                            run_libero_eval.py:223
                          Task: pick up the black bowl                          
                          between the plate and the                             
                          ramekin and place it on the                           
                          plate                                                 
                 INFO     | >> Starting episode 44...     run_libero_eval.py:223
05/18 [18:35:37] INFO     | >> Success: True              run_libero_eval.py:223
                 INFO     | >> # episodes completed so    run_libero_eval.py:223
                          far: 44                                               
                 INFO     | >> # successes: 44 (100.0%)   run_libero_eval.py:223


 88%|████████▊ | 44/50 [09:12<01:12, 12.02s/it][A                 INFO     | >>                            run_libero_eval.py:223
                          Task: pick up the black bowl                          
                          between the plate and the                             
                          ramekin and place it on the                           
                          plate                                                 
                 INFO     | >> Starting episode 45...     run_libero_eval.py:223
05/18 [18:35:49] INFO     | >> Success: True              run_libero_eval.py:223
                 INFO     | >> # episodes completed so    run_libero_eval.py:223
                          far: 45                                               
                 INFO     | >> # successes: 45 (100.0%)   run_libero_eval.py:223


 90%|█████████ | 45/50 [09:24<01:00, 12.03s/it][A                 INFO     | >>                            run_libero_eval.py:223
                          Task: pick up the black bowl                          
                          between the plate and the                             
                          ramekin and place it on the                           
                          plate                                                 
                 INFO     | >> Starting episode 46...     run_libero_eval.py:223
05/18 [18:36:00] INFO     | >> Success: True              run_libero_eval.py:223
                 INFO     | >> # episodes completed so    run_libero_eval.py:223
                          far: 46                                               
                 INFO     | >> # successes: 46 (100.0%)   run_libero_eval.py:223


 92%|█████████▏| 46/50 [09:36<00:47, 11.86s/it][A                 INFO     | >>                            run_libero_eval.py:223
                          Task: pick up the black bowl                          
                          between the plate and the                             
                          ramekin and place it on the                           
                          plate                                                 
                 INFO     | >> Starting episode 47...     run_libero_eval.py:223
05/18 [18:36:13] INFO     | >> Success: True              run_libero_eval.py:223
                 INFO     | >> # episodes completed so    run_libero_eval.py:223
                          far: 47                                               
                 INFO     | >> # successes: 47 (100.0%)   run_libero_eval.py:223


 94%|█████████▍| 47/50 [09:48<00:35, 12.00s/it][A                 INFO     | >>                            run_libero_eval.py:223
                          Task: pick up the black bowl                          
                          between the plate and the                             
                          ramekin and place it on the                           
                          plate                                                 
                 INFO     | >> Starting episode 48...     run_libero_eval.py:223
05/18 [18:36:24] INFO     | >> Success: True              run_libero_eval.py:223
                 INFO     | >> # episodes completed so    run_libero_eval.py:223
                          far: 48                                               
                 INFO     | >> # successes: 48 (100.0%)   run_libero_eval.py:223


 96%|█████████▌| 48/50 [09:59<00:23, 11.81s/it][A                 INFO     | >>                            run_libero_eval.py:223
                          Task: pick up the black bowl                          
                          between the plate and the                             
                          ramekin and place it on the                           
                          plate                                                 
                 INFO     | >> Starting episode 49...     run_libero_eval.py:223
05/18 [18:36:41] INFO     | >> Success: True              run_libero_eval.py:223
                 INFO     | >> # episodes completed so    run_libero_eval.py:223
                          far: 49                                               
                 INFO     | >> # successes: 49 (100.0%)   run_libero_eval.py:223


 98%|█████████▊| 49/50 [10:16<00:13, 13.30s/it][A                 INFO     | >>                            run_libero_eval.py:223
                          Task: pick up the black bowl                          
                          between the plate and the                             
                          ramekin and place it on the                           
                          plate                                                 
                 INFO     | >> Starting episode 50...     run_libero_eval.py:223
05/18 [18:36:53] INFO     | >> Success: True              run_libero_eval.py:223
                 INFO     | >> # episodes completed so    run_libero_eval.py:223
                          far: 50                                               
                 INFO     | >> # successes: 50 (100.0%)   run_libero_eval.py:223


100%|██████████| 50/50 [10:29<00:00, 13.08s/it][A
100%|██████████| 50/50 [10:29<00:00, 12.58s/it]
                 INFO     | >> Current task success rate: run_libero_eval.py:223
                          1.0                                                   
                 INFO     | >> Current total success      run_libero_eval.py:223
                          rate: 1.0                                             

 10%|█         | 1/10 [10:35<1:35:17, 635.27s/it][Warning]: datasets path <home_path>/code/publish-ddpvla/LIBERO/datasets does not exist!
                 INFO     | >> Using default initial      run_libero_eval.py:223
                          states                                                
[Warning]: datasets path <home_path>/code/publish-ddpvla/LIBERO/datasets does not exist!


  0%|          | 0/50 [00:00<?, ?it/s][A05/18 [18:36:55] INFO     | >>                            run_libero_eval.py:223
                          Task: pick up the black bowl                          
                          next to the ramekin and place                         
                          it on the plate                                       
                 INFO     | >> Starting episode 1...      run_libero_eval.py:223
05/18 [18:37:10] INFO     | >> Success: True              run_libero_eval.py:223
                 INFO     | >> # episodes completed so    run_libero_eval.py:223
                          far: 51                                               
                 INFO     | >> # successes: 51 (100.0%)   run_libero_eval.py:223


  2%|▏         | 1/50 [00:15<12:35, 15.41s/it][A                 INFO     | >>                            run_libero_eval.py:223
                          Task: pick up the black bowl                          
                          next to the ramekin and place                         
                          it on the plate                                       
                 INFO     | >> Starting episode 2...      run_libero_eval.py:223
05/18 [18:37:39] INFO     | >> Success: False             run_libero_eval.py:223
                 INFO     | >> # episodes completed so    run_libero_eval.py:223
                          far: 52                                               
                 INFO     | >> # successes: 51 (98.1%)    run_libero_eval.py:223


  4%|▍         | 2/50 [00:44<18:32, 23.17s/it][A                 INFO     | >>                            run_libero_eval.py:223
                          Task: pick up the black bowl                          
                          next to the ramekin and place                         
                          it on the plate                                       
                 INFO     | >> Starting episode 3...      run_libero_eval.py:223
05/18 [18:37:55] INFO     | >> Success: True              run_libero_eval.py:223
                 INFO     | >> # episodes completed so    run_libero_eval.py:223
                          far: 53                                               
                 INFO     | >> # successes: 52 (98.1%)    run_libero_eval.py:223


  6%|▌         | 3/50 [01:00<15:35, 19.91s/it][A                 INFO     | >>                            run_libero_eval.py:223
                          Task: pick up the black bowl                          
                          next to the ramekin and place                         
                          it on the plate                                       
                 INFO     | >> Starting episode 4...      run_libero_eval.py:223
05/18 [18:38:10] INFO     | >> Success: True              run_libero_eval.py:223
                 INFO     | >> # episodes completed so    run_libero_eval.py:223
                          far: 54                                               
                 INFO     | >> # successes: 53 (98.1%)    run_libero_eval.py:223


  8%|▊         | 4/50 [01:15<13:59, 18.25s/it][A                 INFO     | >>                            run_libero_eval.py:223
                          Task: pick up the black bowl                          
                          next to the ramekin and place                         
                          it on the plate                                       
                 INFO     | >> Starting episode 5...      run_libero_eval.py:223
05/18 [18:38:25] INFO     | >> Success: True              run_libero_eval.py:223
                 INFO     | >> # episodes completed so    run_libero_eval.py:223
                          far: 55                                               
                 INFO     | >> # successes: 54 (98.2%)    run_libero_eval.py:223


 10%|█         | 5/50 [01:30<12:48, 17.08s/it][A                 INFO     | >>                            run_libero_eval.py:223
                          Task: pick up the black bowl                          
                          next to the ramekin and place                         
                          it on the plate                                       
                 INFO     | >> Starting episode 6...      run_libero_eval.py:223
05/18 [18:38:39] INFO     | >> Success: True              run_libero_eval.py:223
                 INFO     | >> # episodes completed so    run_libero_eval.py:223
                          far: 56                                               
                 INFO     | >> # successes: 55 (98.2%)    run_libero_eval.py:223


 12%|█▏        | 6/50 [01:44<11:43, 15.99s/it][A                 INFO     | >>                            run_libero_eval.py:223
                          Task: pick up the black bowl                          
                          next to the ramekin and place                         
                          it on the plate                                       
                 INFO     | >> Starting episode 7...      run_libero_eval.py:223
05/18 [18:38:55] INFO     | >> Success: True              run_libero_eval.py:223
                 INFO     | >> # episodes completed so    run_libero_eval.py:223
                          far: 57                                               
                 INFO     | >> # successes: 56 (98.2%)    run_libero_eval.py:223


 14%|█▍        | 7/50 [02:00<11:22, 15.88s/it][A                 INFO     | >>                            run_libero_eval.py:223
                          Task: pick up the black bowl                          
                          next to the ramekin and place                         
                          it on the plate                                       
                 INFO     | >> Starting episode 8...      run_libero_eval.py:223
05/18 [18:39:11] INFO     | >> Success: True              run_libero_eval.py:223
                 INFO     | >> # episodes completed so    run_libero_eval.py:223
                          far: 58                                               
                 INFO     | >> # successes: 57 (98.3%)    run_libero_eval.py:223


 16%|█▌        | 8/50 [02:16<11:13, 16.03s/it][A                 INFO     | >>                            run_libero_eval.py:223
                          Task: pick up the black bowl                          
                          next to the ramekin and place                         
                          it on the plate                                       
                 INFO     | >> Starting episode 9...      run_libero_eval.py:223
05/18 [18:39:26] INFO     | >> Success: True              run_libero_eval.py:223
                 INFO     | >> # episodes completed so    run_libero_eval.py:223
                          far: 59                                               
                 INFO     | >> # successes: 58 (98.3%)    run_libero_eval.py:223


 18%|█▊        | 9/50 [02:31<10:41, 15.64s/it][A                 INFO     | >>                            run_libero_eval.py:223
                          Task: pick up the black bowl                          
                          next to the ramekin and place                         
                          it on the plate                                       
                 INFO     | >> Starting episode 10...     run_libero_eval.py:223
05/18 [18:39:42] INFO     | >> Success: True              run_libero_eval.py:223
                 INFO     | >> # episodes completed so    run_libero_eval.py:223
                          far: 60                                               
                 INFO     | >> # successes: 59 (98.3%)    run_libero_eval.py:223


 20%|██        | 10/50 [02:47<10:30, 15.75s/it][A                 INFO     | >>                            run_libero_eval.py:223
                          Task: pick up the black bowl                          
                          next to the ramekin and place                         
                          it on the plate                                       
                 INFO     | >> Starting episode 11...     run_libero_eval.py:223
05/18 [18:39:58] INFO     | >> Success: True              run_libero_eval.py:223
                 INFO     | >> # episodes completed so    run_libero_eval.py:223
                          far: 61                                               
                 INFO     | >> # successes: 60 (98.4%)    run_libero_eval.py:223


 22%|██▏       | 11/50 [03:02<10:11, 15.69s/it][A                 INFO     | >>                            run_libero_eval.py:223
                          Task: pick up the black bowl                          
                          next to the ramekin and place                         
                          it on the plate                                       
                 INFO     | >> Starting episode 12...     run_libero_eval.py:223
05/18 [18:40:14] INFO     | >> Success: True              run_libero_eval.py:223
                 INFO     | >> # episodes completed so    run_libero_eval.py:223
                          far: 62                                               
                 INFO     | >> # successes: 61 (98.4%)    run_libero_eval.py:223


 24%|██▍       | 12/50 [03:19<10:02, 15.87s/it][A                 INFO     | >>                            run_libero_eval.py:223
                          Task: pick up the black bowl                          
                          next to the ramekin and place                         
                          it on the plate                                       
                 INFO     | >> Starting episode 13...     run_libero_eval.py:223
05/18 [18:40:29] INFO     | >> Success: True              run_libero_eval.py:223
                 INFO     | >> # episodes completed so    run_libero_eval.py:223
                          far: 63                                               
                 INFO     | >> # successes: 62 (98.4%)    run_libero_eval.py:223


 26%|██▌       | 13/50 [03:33<09:33, 15.49s/it][A                 INFO     | >>                            run_libero_eval.py:223
                          Task: pick up the black bowl                          
                          next to the ramekin and place                         
                          it on the plate                                       
                 INFO     | >> Starting episode 14...     run_libero_eval.py:223
05/18 [18:40:45] INFO     | >> Success: True              run_libero_eval.py:223
                 INFO     | >> # episodes completed so    run_libero_eval.py:223
                          far: 64                                               
                 INFO     | >> # successes: 63 (98.4%)    run_libero_eval.py:223


 28%|██▊       | 14/50 [03:50<09:30, 15.86s/it][A                 INFO     | >>                            run_libero_eval.py:223
                          Task: pick up the black bowl                          
                          next to the ramekin and place                         
                          it on the plate                                       
                 INFO     | >> Starting episode 15...     run_libero_eval.py:223
05/18 [18:41:01] INFO     | >> Success: True              run_libero_eval.py:223
                 INFO     | >> # episodes completed so    run_libero_eval.py:223
                          far: 65                                               
                 INFO     | >> # successes: 64 (98.5%)    run_libero_eval.py:223


 30%|███       | 15/50 [04:06<09:15, 15.87s/it][A                 INFO     | >>                            run_libero_eval.py:223
                          Task: pick up the black bowl                          
                          next to the ramekin and place                         
                          it on the plate                                       
                 INFO     | >> Starting episode 16...     run_libero_eval.py:223
05/18 [18:41:15] INFO     | >> Success: True              run_libero_eval.py:223
                 INFO     | >> # episodes completed so    run_libero_eval.py:223
                          far: 66                                               
                 INFO     | >> # successes: 65 (98.5%)    run_libero_eval.py:223


 32%|███▏      | 16/50 [04:20<08:43, 15.38s/it][A                 INFO     | >>                            run_libero_eval.py:223
                          Task: pick up the black bowl                          
                          next to the ramekin and place                         
                          it on the plate                                       
                 INFO     | >> Starting episode 17...     run_libero_eval.py:223
05/18 [18:41:31] INFO     | >> Success: True              run_libero_eval.py:223
                 INFO     | >> # episodes completed so    run_libero_eval.py:223
                          far: 67                                               
                 INFO     | >> # successes: 66 (98.5%)    run_libero_eval.py:223


 34%|███▍      | 17/50 [04:36<08:31, 15.51s/it][A                 INFO     | >>                            run_libero_eval.py:223
                          Task: pick up the black bowl                          
                          next to the ramekin and place                         
                          it on the plate                                       
                 INFO     | >> Starting episode 18...     run_libero_eval.py:223
05/18 [18:41:46] INFO     | >> Success: True              run_libero_eval.py:223
                 INFO     | >> # episodes completed so    run_libero_eval.py:223
                          far: 68                                               
                 INFO     | >> # successes: 67 (98.5%)    run_libero_eval.py:223


 36%|███▌      | 18/50 [04:51<08:12, 15.40s/it][A                 INFO     | >>                            run_libero_eval.py:223
                          Task: pick up the black bowl                          
                          next to the ramekin and place                         
                          it on the plate                                       
                 INFO     | >> Starting episode 19...     run_libero_eval.py:223
05/18 [18:42:02] INFO     | >> Success: True              run_libero_eval.py:223
                 INFO     | >> # episodes completed so    run_libero_eval.py:223
                          far: 69                                               
                 INFO     | >> # successes: 68 (98.6%)    run_libero_eval.py:223


 38%|███▊      | 19/50 [05:07<08:03, 15.58s/it][A                 INFO     | >>                            run_libero_eval.py:223
                          Task: pick up the black bowl                          
                          next to the ramekin and place                         
                          it on the plate                                       
                 INFO     | >> Starting episode 20...     run_libero_eval.py:223
05/18 [18:42:18] INFO     | >> Success: True              run_libero_eval.py:223
                 INFO     | >> # episodes completed so    run_libero_eval.py:223
                          far: 70                                               
                 INFO     | >> # successes: 69 (98.6%)    run_libero_eval.py:223


 40%|████      | 20/50 [05:23<07:48, 15.63s/it][A                 INFO     | >>                            run_libero_eval.py:223
                          Task: pick up the black bowl                          
                          next to the ramekin and place                         
                          it on the plate                                       
                 INFO     | >> Starting episode 21...     run_libero_eval.py:223
05/18 [18:42:34] INFO     | >> Success: True              run_libero_eval.py:223
                 INFO     | >> # episodes completed so    run_libero_eval.py:223
                          far: 71                                               
                 INFO     | >> # successes: 70 (98.6%)    run_libero_eval.py:223


 42%|████▏     | 21/50 [05:39<07:35, 15.69s/it][A                 INFO     | >>                            run_libero_eval.py:223
                          Task: pick up the black bowl                          
                          next to the ramekin and place                         
                          it on the plate                                       
                 INFO     | >> Starting episode 22...     run_libero_eval.py:223
05/18 [18:42:49] INFO     | >> Success: True              run_libero_eval.py:223
                 INFO     | >> # episodes completed so    run_libero_eval.py:223
                          far: 72                                               
                 INFO     | >> # successes: 71 (98.6%)    run_libero_eval.py:223


 44%|████▍     | 22/50 [05:54<07:17, 15.62s/it][A                 INFO     | >>                            run_libero_eval.py:223
                          Task: pick up the black bowl                          
                          next to the ramekin and place                         
                          it on the plate                                       
                 INFO     | >> Starting episode 23...     run_libero_eval.py:223
05/18 [18:43:05] INFO     | >> Success: True              run_libero_eval.py:223
                 INFO     | >> # episodes completed so    run_libero_eval.py:223
                          far: 73                                               
                 INFO     | >> # successes: 72 (98.6%)    run_libero_eval.py:223


 46%|████▌     | 23/50 [06:10<07:02, 15.65s/it][A                 INFO     | >>                            run_libero_eval.py:223
                          Task: pick up the black bowl                          
                          next to the ramekin and place                         
                          it on the plate                                       
                 INFO     | >> Starting episode 24...     run_libero_eval.py:223
05/18 [18:43:21] INFO     | >> Success: True              run_libero_eval.py:223
                 INFO     | >> # episodes completed so    run_libero_eval.py:223
                          far: 74                                               
                 INFO     | >> # successes: 73 (98.6%)    run_libero_eval.py:223


 48%|████▊     | 24/50 [06:26<06:49, 15.75s/it][A                 INFO     | >>                            run_libero_eval.py:223
                          Task: pick up the black bowl                          
                          next to the ramekin and place                         
                          it on the plate                                       
                 INFO     | >> Starting episode 25...     run_libero_eval.py:223
05/18 [18:43:41] INFO     | >> Success: True              run_libero_eval.py:223
                 INFO     | >> # episodes completed so    run_libero_eval.py:223
                          far: 75                                               
                 INFO     | >> # successes: 74 (98.7%)    run_libero_eval.py:223


 50%|█████     | 25/50 [06:45<07:01, 16.88s/it][A                 INFO     | >>                            run_libero_eval.py:223
                          Task: pick up the black bowl                          
                          next to the ramekin and place                         
                          it on the plate                                       
                 INFO     | >> Starting episode 26...     run_libero_eval.py:223
05/18 [18:43:56] INFO     | >> Success: True              run_libero_eval.py:223
                 INFO     | >> # episodes completed so    run_libero_eval.py:223
                          far: 76                                               
                 INFO     | >> # successes: 75 (98.7%)    run_libero_eval.py:223


 52%|█████▏    | 26/50 [07:01<06:33, 16.41s/it][A                 INFO     | >>                            run_libero_eval.py:223
                          Task: pick up the black bowl                          
                          next to the ramekin and place                         
                          it on the plate                                       
                 INFO     | >> Starting episode 27...     run_libero_eval.py:223
05/18 [18:44:10] INFO     | >> Success: True              run_libero_eval.py:223
                 INFO     | >> # episodes completed so    run_libero_eval.py:223
                          far: 77                                               
                 INFO     | >> # successes: 76 (98.7%)    run_libero_eval.py:223


 54%|█████▍    | 27/50 [07:15<06:03, 15.81s/it][A                 INFO     | >>                            run_libero_eval.py:223
                          Task: pick up the black bowl                          
                          next to the ramekin and place                         
                          it on the plate                                       
                 INFO     | >> Starting episode 28...     run_libero_eval.py:223
05/18 [18:44:26] INFO     | >> Success: True              run_libero_eval.py:223
                 INFO     | >> # episodes completed so    run_libero_eval.py:223
                          far: 78                                               
                 INFO     | >> # successes: 77 (98.7%)    run_libero_eval.py:223


 56%|█████▌    | 28/50 [07:31<05:47, 15.81s/it][A                 INFO     | >>                            run_libero_eval.py:223
                          Task: pick up the black bowl                          
                          next to the ramekin and place                         
                          it on the plate                                       
                 INFO     | >> Starting episode 29...     run_libero_eval.py:223
05/18 [18:44:42] INFO     | >> Success: True              run_libero_eval.py:223
                 INFO     | >> # episodes completed so    run_libero_eval.py:223
                          far: 79                                               
                 INFO     | >> # successes: 78 (98.7%)    run_libero_eval.py:223


 58%|█████▊    | 29/50 [07:47<05:31, 15.78s/it][A                 INFO     | >>                            run_libero_eval.py:223
                          Task: pick up the black bowl                          
                          next to the ramekin and place                         
                          it on the plate                                       
                 INFO     | >> Starting episode 30...     run_libero_eval.py:223
05/18 [18:44:58] INFO     | >> Success: True              run_libero_eval.py:223
                 INFO     | >> # episodes completed so    run_libero_eval.py:223
                          far: 80                                               
                 INFO     | >> # successes: 79 (98.8%)    run_libero_eval.py:223


 60%|██████    | 30/50 [08:03<05:19, 15.98s/it][A                 INFO     | >>                            run_libero_eval.py:223
                          Task: pick up the black bowl                          
                          next to the ramekin and place                         
                          it on the plate                                       
                 INFO     | >> Starting episode 31...     run_libero_eval.py:223
05/18 [18:45:15] INFO     | >> Success: True              run_libero_eval.py:223
                 INFO     | >> # episodes completed so    run_libero_eval.py:223
                          far: 81                                               
                 INFO     | >> # successes: 80 (98.8%)    run_libero_eval.py:223


 62%|██████▏   | 31/50 [08:20<05:07, 16.18s/it][A                 INFO     | >>                            run_libero_eval.py:223
                          Task: pick up the black bowl                          
                          next to the ramekin and place                         
                          it on the plate                                       
                 INFO     | >> Starting episode 32...     run_libero_eval.py:223
05/18 [18:45:30] INFO     | >> Success: True              run_libero_eval.py:223
                 INFO     | >> # episodes completed so    run_libero_eval.py:223
                          far: 82                                               
                 INFO     | >> # successes: 81 (98.8%)    run_libero_eval.py:223


 64%|██████▍   | 32/50 [08:35<04:44, 15.83s/it][A                 INFO     | >>                            run_libero_eval.py:223
                          Task: pick up the black bowl                          
                          next to the ramekin and place                         
                          it on the plate                                       
                 INFO     | >> Starting episode 33...     run_libero_eval.py:223
05/18 [18:45:47] INFO     | >> Success: True              run_libero_eval.py:223
                 INFO     | >> # episodes completed so    run_libero_eval.py:223
                          far: 83                                               
                 INFO     | >> # successes: 82 (98.8%)    run_libero_eval.py:223


 66%|██████▌   | 33/50 [08:52<04:34, 16.16s/it][A                 INFO     | >>                            run_libero_eval.py:223
                          Task: pick up the black bowl                          
                          next to the ramekin and place                         
                          it on the plate                                       
                 INFO     | >> Starting episode 34...     run_libero_eval.py:223
05/18 [18:46:04] INFO     | >> Success: True              run_libero_eval.py:223
                 INFO     | >> # episodes completed so    run_libero_eval.py:223
                          far: 84                                               
                 INFO     | >> # successes: 83 (98.8%)    run_libero_eval.py:223


 68%|██████▊   | 34/50 [09:09<04:24, 16.55s/it][A                 INFO     | >>                            run_libero_eval.py:223
                          Task: pick up the black bowl                          
                          next to the ramekin and place                         
                          it on the plate                                       
                 INFO     | >> Starting episode 35...     run_libero_eval.py:223
05/18 [18:46:20] INFO     | >> Success: True              run_libero_eval.py:223
                 INFO     | >> # episodes completed so    run_libero_eval.py:223
                          far: 85                                               
                 INFO     | >> # successes: 84 (98.8%)    run_libero_eval.py:223


 70%|███████   | 35/50 [09:25<04:05, 16.35s/it][A                 INFO     | >>                            run_libero_eval.py:223
                          Task: pick up the black bowl                          
                          next to the ramekin and place                         
                          it on the plate                                       
                 INFO     | >> Starting episode 36...     run_libero_eval.py:223
05/18 [18:46:37] INFO     | >> Success: True              run_libero_eval.py:223
                 INFO     | >> # episodes completed so    run_libero_eval.py:223
                          far: 86                                               
                 INFO     | >> # successes: 85 (98.8%)    run_libero_eval.py:223


 72%|███████▏  | 36/50 [09:42<03:50, 16.48s/it][A                 INFO     | >>                            run_libero_eval.py:223
                          Task: pick up the black bowl                          
                          next to the ramekin and place                         
                          it on the plate                                       
                 INFO     | >> Starting episode 37...     run_libero_eval.py:223
05/18 [18:46:55] INFO     | >> Success: True              run_libero_eval.py:223
                 INFO     | >> # episodes completed so    run_libero_eval.py:223
                          far: 87                                               
                 INFO     | >> # successes: 86 (98.9%)    run_libero_eval.py:223


 74%|███████▍  | 37/50 [10:00<03:40, 16.99s/it][A                 INFO     | >>                            run_libero_eval.py:223
                          Task: pick up the black bowl                          
                          next to the ramekin and place                         
                          it on the plate                                       
                 INFO     | >> Starting episode 38...     run_libero_eval.py:223
05/18 [18:47:11] INFO     | >> Success: True              run_libero_eval.py:223
                 INFO     | >> # episodes completed so    run_libero_eval.py:223
                          far: 88                                               
                 INFO     | >> # successes: 87 (98.9%)    run_libero_eval.py:223


 76%|███████▌  | 38/50 [10:16<03:19, 16.59s/it][A                 INFO     | >>                            run_libero_eval.py:223
                          Task: pick up the black bowl                          
                          next to the ramekin and place                         
                          it on the plate                                       
                 INFO     | >> Starting episode 39...     run_libero_eval.py:223
05/18 [18:47:27] INFO     | >> Success: True              run_libero_eval.py:223
                 INFO     | >> # episodes completed so    run_libero_eval.py:223
                          far: 89                                               
                 INFO     | >> # successes: 88 (98.9%)    run_libero_eval.py:223


 78%|███████▊  | 39/50 [10:32<03:00, 16.41s/it][A                 INFO     | >>                            run_libero_eval.py:223
                          Task: pick up the black bowl                          
                          next to the ramekin and place                         
                          it on the plate                                       
                 INFO     | >> Starting episode 40...     run_libero_eval.py:223
05/18 [18:47:42] INFO     | >> Success: True              run_libero_eval.py:223
                 INFO     | >> # episodes completed so    run_libero_eval.py:223
                          far: 90                                               
                 INFO     | >> # successes: 89 (98.9%)    run_libero_eval.py:223


 80%|████████  | 40/50 [10:47<02:41, 16.18s/it][A                 INFO     | >>                            run_libero_eval.py:223
                          Task: pick up the black bowl                          
                          next to the ramekin and place                         
                          it on the plate                                       
                 INFO     | >> Starting episode 41...     run_libero_eval.py:223
05/18 [18:48:11] INFO     | >> Success: False             run_libero_eval.py:223
                 INFO     | >> # episodes completed so    run_libero_eval.py:223
                          far: 91                                               
                 INFO     | >> # successes: 89 (97.8%)    run_libero_eval.py:223


 82%|████████▏ | 41/50 [11:16<02:59, 20.00s/it][A                 INFO     | >>                            run_libero_eval.py:223
                          Task: pick up the black bowl                          
                          next to the ramekin and place                         
                          it on the plate                                       
                 INFO     | >> Starting episode 42...     run_libero_eval.py:223
05/18 [18:48:28] INFO     | >> Success: True              run_libero_eval.py:223
                 INFO     | >> # episodes completed so    run_libero_eval.py:223
                          far: 92                                               
                 INFO     | >> # successes: 90 (97.8%)    run_libero_eval.py:223


 84%|████████▍ | 42/50 [11:33<02:31, 18.90s/it][A                 INFO     | >>                            run_libero_eval.py:223
                          Task: pick up the black bowl                          
                          next to the ramekin and place                         
                          it on the plate                                       
                 INFO     | >> Starting episode 43...     run_libero_eval.py:223
05/18 [18:48:44] INFO     | >> Success: True              run_libero_eval.py:223
                 INFO     | >> # episodes completed so    run_libero_eval.py:223
                          far: 93                                               
                 INFO     | >> # successes: 91 (97.8%)    run_libero_eval.py:223


 86%|████████▌ | 43/50 [11:49<02:06, 18.07s/it][A                 INFO     | >>                            run_libero_eval.py:223
                          Task: pick up the black bowl                          
                          next to the ramekin and place                         
                          it on the plate                                       
                 INFO     | >> Starting episode 44...     run_libero_eval.py:223
05/18 [18:49:00] INFO     | >> Success: True              run_libero_eval.py:223
                 INFO     | >> # episodes completed so    run_libero_eval.py:223
                          far: 94                                               
                 INFO     | >> # successes: 92 (97.9%)    run_libero_eval.py:223


 88%|████████▊ | 44/50 [12:05<01:45, 17.58s/it][A                 INFO     | >>                            run_libero_eval.py:223
                          Task: pick up the black bowl                          
                          next to the ramekin and place                         
                          it on the plate                                       
                 INFO     | >> Starting episode 45...     run_libero_eval.py:223
05/18 [18:49:16] INFO     | >> Success: True              run_libero_eval.py:223
                 INFO     | >> # episodes completed so    run_libero_eval.py:223
                          far: 95                                               
                 INFO     | >> # successes: 93 (97.9%)    run_libero_eval.py:223


 90%|█████████ | 45/50 [12:21<01:24, 16.95s/it][A                 INFO     | >>                            run_libero_eval.py:223
                          Task: pick up the black bowl                          
                          next to the ramekin and place                         
                          it on the plate                                       
                 INFO     | >> Starting episode 46...     run_libero_eval.py:223
05/18 [18:49:32] INFO     | >> Success: True              run_libero_eval.py:223
                 INFO     | >> # episodes completed so    run_libero_eval.py:223
                          far: 96                                               
                 INFO     | >> # successes: 94 (97.9%)    run_libero_eval.py:223


 92%|█████████▏| 46/50 [12:37<01:06, 16.68s/it][A                 INFO     | >>                            run_libero_eval.py:223
                          Task: pick up the black bowl                          
                          next to the ramekin and place                         
                          it on the plate                                       
                 INFO     | >> Starting episode 47...     run_libero_eval.py:223
05/18 [18:49:48] INFO     | >> Success: True              run_libero_eval.py:223
                 INFO     | >> # episodes completed so    run_libero_eval.py:223
                          far: 97                                               
                 INFO     | >> # successes: 95 (97.9%)    run_libero_eval.py:223


 94%|█████████▍| 47/50 [12:53<00:49, 16.58s/it][A                 INFO     | >>                            run_libero_eval.py:223
                          Task: pick up the black bowl                          
                          next to the ramekin and place                         
                          it on the plate                                       
                 INFO     | >> Starting episode 48...     run_libero_eval.py:223
05/18 [18:50:05] INFO     | >> Success: True              run_libero_eval.py:223
                 INFO     | >> # episodes completed so    run_libero_eval.py:223
                          far: 98                                               
                 INFO     | >> # successes: 96 (98.0%)    run_libero_eval.py:223


 96%|█████████▌| 48/50 [13:10<00:33, 16.59s/it][A                 INFO     | >>                            run_libero_eval.py:223
                          Task: pick up the black bowl                          
                          next to the ramekin and place                         
                          it on the plate                                       
                 INFO     | >> Starting episode 49...     run_libero_eval.py:223
05/18 [18:50:21] INFO     | >> Success: True              run_libero_eval.py:223
                 INFO     | >> # episodes completed so    run_libero_eval.py:223
                          far: 99                                               
                 INFO     | >> # successes: 97 (98.0%)    run_libero_eval.py:223


 98%|█████████▊| 49/50 [13:26<00:16, 16.59s/it][A                 INFO     | >>                            run_libero_eval.py:223
                          Task: pick up the black bowl                          
                          next to the ramekin and place                         
                          it on the plate                                       
                 INFO     | >> Starting episode 50...     run_libero_eval.py:223
05/18 [18:50:38] INFO     | >> Success: True              run_libero_eval.py:223
                 INFO     | >> # episodes completed so    run_libero_eval.py:223
                          far: 100                                              
                 INFO     | >> # successes: 98 (98.0%)    run_libero_eval.py:223


100%|██████████| 50/50 [13:43<00:00, 16.54s/it][A
100%|██████████| 50/50 [13:43<00:00, 16.46s/it]
                 INFO     | >> Current task success rate: run_libero_eval.py:223
                          0.96                                                  
                 INFO     | >> Current total success      run_libero_eval.py:223
                          rate: 0.98                                            

 20%|██        | 2/10 [24:19<1:39:32, 746.57s/it][Warning]: datasets path <home_path>/code/publish-ddpvla/LIBERO/datasets does not exist!
                 INFO     | >> Using default initial      run_libero_eval.py:223
                          states                                                
[Warning]: datasets path <home_path>/code/publish-ddpvla/LIBERO/datasets does not exist!


  0%|          | 0/50 [00:00<?, ?it/s][A05/18 [18:50:39] INFO     | >>                            run_libero_eval.py:223
                          Task: pick up the black bowl                          
                          from table center and place it                        
                          on the plate                                          
                 INFO     | >> Starting episode 1...      run_libero_eval.py:223
05/18 [18:50:54] INFO     | >> Success: True              run_libero_eval.py:223
                 INFO     | >> # episodes completed so    run_libero_eval.py:223
                          far: 101                                              
                 INFO     | >> # successes: 99 (98.0%)    run_libero_eval.py:223


  2%|▏         | 1/50 [00:14<12:10, 14.92s/it][A                 INFO     | >>                            run_libero_eval.py:223
                          Task: pick up the black bowl                          
                          from table center and place it                        
                          on the plate                                          
                 INFO     | >> Starting episode 2...      run_libero_eval.py:223
05/18 [18:51:10] INFO     | >> Success: True              run_libero_eval.py:223
                 INFO     | >> # episodes completed so    run_libero_eval.py:223
                          far: 102                                              
                 INFO     | >> # successes: 100 (98.0%)   run_libero_eval.py:223


  4%|▍         | 2/50 [00:30<12:21, 15.44s/it][A                 INFO     | >>                            run_libero_eval.py:223
                          Task: pick up the black bowl                          
                          from table center and place it                        
                          on the plate                                          
                 INFO     | >> Starting episode 3...      run_libero_eval.py:223
05/18 [18:51:24] INFO     | >> Success: True              run_libero_eval.py:223
                 INFO     | >> # episodes completed so    run_libero_eval.py:223
                          far: 103                                              
                 INFO     | >> # successes: 101 (98.1%)   run_libero_eval.py:223


  6%|▌         | 3/50 [00:44<11:37, 14.84s/it][A                 INFO     | >>                            run_libero_eval.py:223
                          Task: pick up the black bowl                          
                          from table center and place it                        
                          on the plate                                          
                 INFO     | >> Starting episode 4...      run_libero_eval.py:223
05/18 [18:51:39] INFO     | >> Success: True              run_libero_eval.py:223
                 INFO     | >> # episodes completed so    run_libero_eval.py:223
                          far: 104                                              
                 INFO     | >> # successes: 102 (98.1%)   run_libero_eval.py:223


  8%|▊         | 4/50 [00:59<11:22, 14.83s/it][A                 INFO     | >>                            run_libero_eval.py:223
                          Task: pick up the black bowl                          
                          from table center and place it                        
                          on the plate                                          
                 INFO     | >> Starting episode 5...      run_libero_eval.py:223
05/18 [18:51:55] INFO     | >> Success: True              run_libero_eval.py:223
                 INFO     | >> # episodes completed so    run_libero_eval.py:223
                          far: 105                                              
                 INFO     | >> # successes: 103 (98.1%)   run_libero_eval.py:223


 10%|█         | 5/50 [01:15<11:22, 15.17s/it][A                 INFO     | >>                            run_libero_eval.py:223
                          Task: pick up the black bowl                          
                          from table center and place it                        
                          on the plate                                          
                 INFO     | >> Starting episode 6...      run_libero_eval.py:223
05/18 [18:52:11] INFO     | >> Success: True              run_libero_eval.py:223
                 INFO     | >> # episodes completed so    run_libero_eval.py:223
                          far: 106                                              
                 INFO     | >> # successes: 104 (98.1%)   run_libero_eval.py:223


 12%|█▏        | 6/50 [01:31<11:24, 15.57s/it][A                 INFO     | >>                            run_libero_eval.py:223
                          Task: pick up the black bowl                          
                          from table center and place it                        
                          on the plate                                          
                 INFO     | >> Starting episode 7...      run_libero_eval.py:223
05/18 [18:52:26] INFO     | >> Success: True              run_libero_eval.py:223
                 INFO     | >> # episodes completed so    run_libero_eval.py:223
                          far: 107                                              
                 INFO     | >> # successes: 105 (98.1%)   run_libero_eval.py:223


 14%|█▍        | 7/50 [01:46<10:57, 15.28s/it][A                 INFO     | >>                            run_libero_eval.py:223
                          Task: pick up the black bowl                          
                          from table center and place it                        
                          on the plate                                          
                 INFO     | >> Starting episode 8...      run_libero_eval.py:223
05/18 [18:52:42] INFO     | >> Success: True              run_libero_eval.py:223
                 INFO     | >> # episodes completed so    run_libero_eval.py:223
                          far: 108                                              
                 INFO     | >> # successes: 106 (98.1%)   run_libero_eval.py:223


 16%|█▌        | 8/50 [02:02<10:50, 15.48s/it][A                 INFO     | >>                            run_libero_eval.py:223
                          Task: pick up the black bowl                          
                          from table center and place it                        
                          on the plate                                          
                 INFO     | >> Starting episode 9...      run_libero_eval.py:223
05/18 [18:52:56] INFO     | >> Success: True              run_libero_eval.py:223
                 INFO     | >> # episodes completed so    run_libero_eval.py:223
                          far: 109                                              
                 INFO     | >> # successes: 107 (98.2%)   run_libero_eval.py:223


 18%|█▊        | 9/50 [02:16<10:19, 15.10s/it][A                 INFO     | >>                            run_libero_eval.py:223
                          Task: pick up the black bowl                          
                          from table center and place it                        
                          on the plate                                          
                 INFO     | >> Starting episode 10...     run_libero_eval.py:223
05/18 [18:53:11] INFO     | >> Success: True              run_libero_eval.py:223
                 INFO     | >> # episodes completed so    run_libero_eval.py:223
                          far: 110                                              
                 INFO     | >> # successes: 108 (98.2%)   run_libero_eval.py:223


 20%|██        | 10/50 [02:31<10:04, 15.11s/it][A                 INFO     | >>                            run_libero_eval.py:223
                          Task: pick up the black bowl                          
                          from table center and place it                        
                          on the plate                                          
                 INFO     | >> Starting episode 11...     run_libero_eval.py:223
05/18 [18:53:26] INFO     | >> Success: True              run_libero_eval.py:223
                 INFO     | >> # episodes completed so    run_libero_eval.py:223
                          far: 111                                              
                 INFO     | >> # successes: 109 (98.2%)   run_libero_eval.py:223


 22%|██▏       | 11/50 [02:46<09:42, 14.95s/it][A                 INFO     | >>                            run_libero_eval.py:223
                          Task: pick up the black bowl                          
                          from table center and place it                        
                          on the plate                                          
                 INFO     | >> Starting episode 12...     run_libero_eval.py:223
05/18 [18:53:41] INFO     | >> Success: True              run_libero_eval.py:223
                 INFO     | >> # episodes completed so    run_libero_eval.py:223
                          far: 112                                              
                 INFO     | >> # successes: 110 (98.2%)   run_libero_eval.py:223


 24%|██▍       | 12/50 [03:01<09:30, 15.02s/it][A                 INFO     | >>                            run_libero_eval.py:223
                          Task: pick up the black bowl                          
                          from table center and place it                        
                          on the plate                                          
                 INFO     | >> Starting episode 13...     run_libero_eval.py:223
05/18 [18:53:54] INFO     | >> Success: True              run_libero_eval.py:223
                 INFO     | >> # episodes completed so    run_libero_eval.py:223
                          far: 113                                              
                 INFO     | >> # successes: 111 (98.2%)   run_libero_eval.py:223


 26%|██▌       | 13/50 [03:15<08:59, 14.59s/it][A                 INFO     | >>                            run_libero_eval.py:223
                          Task: pick up the black bowl                          
                          from table center and place it                        
                          on the plate                                          
                 INFO     | >> Starting episode 14...     run_libero_eval.py:223
05/18 [18:54:10] INFO     | >> Success: True              run_libero_eval.py:223
                 INFO     | >> # episodes completed so    run_libero_eval.py:223
                          far: 114                                              
                 INFO     | >> # successes: 112 (98.2%)   run_libero_eval.py:223


 28%|██▊       | 14/50 [03:30<08:53, 14.82s/it][A                 INFO     | >>                            run_libero_eval.py:223
                          Task: pick up the black bowl                          
                          from table center and place it                        
                          on the plate                                          
                 INFO     | >> Starting episode 15...     run_libero_eval.py:223
05/18 [18:54:25] INFO     | >> Success: True              run_libero_eval.py:223
                 INFO     | >> # episodes completed so    run_libero_eval.py:223
                          far: 115                                              
                 INFO     | >> # successes: 113 (98.3%)   run_libero_eval.py:223


 30%|███       | 15/50 [03:46<08:47, 15.08s/it][A                 INFO     | >>                            run_libero_eval.py:223
                          Task: pick up the black bowl                          
                          from table center and place it                        
                          on the plate                                          
                 INFO     | >> Starting episode 16...     run_libero_eval.py:223
05/18 [18:54:40] INFO     | >> Success: True              run_libero_eval.py:223
                 INFO     | >> # episodes completed so    run_libero_eval.py:223
                          far: 116                                              
                 INFO     | >> # successes: 114 (98.3%)   run_libero_eval.py:223


 32%|███▏      | 16/50 [04:00<08:27, 14.94s/it][A                 INFO     | >>                            run_libero_eval.py:223
                          Task: pick up the black bowl                          
                          from table center and place it                        
                          on the plate                                          
                 INFO     | >> Starting episode 17...     run_libero_eval.py:223
05/18 [18:54:55] INFO     | >> Success: True              run_libero_eval.py:223
                 INFO     | >> # episodes completed so    run_libero_eval.py:223
                          far: 117                                              
                 INFO     | >> # successes: 115 (98.3%)   run_libero_eval.py:223


 34%|███▍      | 17/50 [04:15<08:14, 14.99s/it][A                 INFO     | >>                            run_libero_eval.py:223
                          Task: pick up the black bowl                          
                          from table center and place it                        
                          on the plate                                          
                 INFO     | >> Starting episode 18...     run_libero_eval.py:223
05/18 [18:55:09] INFO     | >> Success: True              run_libero_eval.py:223
                 INFO     | >> # episodes completed so    run_libero_eval.py:223
                          far: 118                                              
                 INFO     | >> # successes: 116 (98.3%)   run_libero_eval.py:223


 36%|███▌      | 18/50 [04:29<07:47, 14.61s/it][A                 INFO     | >>                            run_libero_eval.py:223
                          Task: pick up the black bowl                          
                          from table center and place it                        
                          on the plate                                          
                 INFO     | >> Starting episode 19...     run_libero_eval.py:223
05/18 [18:55:24] INFO     | >> Success: True              run_libero_eval.py:223
                 INFO     | >> # episodes completed so    run_libero_eval.py:223
                          far: 119                                              
                 INFO     | >> # successes: 117 (98.3%)   run_libero_eval.py:223


 38%|███▊      | 19/50 [04:44<07:35, 14.71s/it][A                 INFO     | >>                            run_libero_eval.py:223
                          Task: pick up the black bowl                          
                          from table center and place it                        
                          on the plate                                          
                 INFO     | >> Starting episode 20...     run_libero_eval.py:223
05/18 [18:55:37] INFO     | >> Success: True              run_libero_eval.py:223
                 INFO     | >> # episodes completed so    run_libero_eval.py:223
                          far: 120                                              
                 INFO     | >> # successes: 118 (98.3%)   run_libero_eval.py:223


 40%|████      | 20/50 [04:58<07:11, 14.37s/it][A                 INFO     | >>                            run_libero_eval.py:223
                          Task: pick up the black bowl                          
                          from table center and place it                        
                          on the plate                                          
                 INFO     | >> Starting episode 21...     run_libero_eval.py:223
05/18 [18:55:52] INFO     | >> Success: True              run_libero_eval.py:223
                 INFO     | >> # episodes completed so    run_libero_eval.py:223
                          far: 121                                              
                 INFO     | >> # successes: 119 (98.3%)   run_libero_eval.py:223


 42%|████▏     | 21/50 [05:13<07:01, 14.53s/it][A                 INFO     | >>                            run_libero_eval.py:223
                          Task: pick up the black bowl                          
                          from table center and place it                        
                          on the plate                                          
                 INFO     | >> Starting episode 22...     run_libero_eval.py:223
05/18 [18:56:07] INFO     | >> Success: True              run_libero_eval.py:223
                 INFO     | >> # episodes completed so    run_libero_eval.py:223
                          far: 122                                              
                 INFO     | >> # successes: 120 (98.4%)   run_libero_eval.py:223


 44%|████▍     | 22/50 [05:27<06:47, 14.54s/it][A                 INFO     | >>                            run_libero_eval.py:223
                          Task: pick up the black bowl                          
                          from table center and place it                        
                          on the plate                                          
                 INFO     | >> Starting episode 23...     run_libero_eval.py:223
05/18 [18:56:22] INFO     | >> Success: True              run_libero_eval.py:223
                 INFO     | >> # episodes completed so    run_libero_eval.py:223
                          far: 123                                              
                 INFO     | >> # successes: 121 (98.4%)   run_libero_eval.py:223


 46%|████▌     | 23/50 [05:42<06:34, 14.61s/it][A                 INFO     | >>                            run_libero_eval.py:223
                          Task: pick up the black bowl                          
                          from table center and place it                        
                          on the plate                                          
                 INFO     | >> Starting episode 24...     run_libero_eval.py:223
05/18 [18:56:37] INFO     | >> Success: True              run_libero_eval.py:223
                 INFO     | >> # episodes completed so    run_libero_eval.py:223
                          far: 124                                              
                 INFO     | >> # successes: 122 (98.4%)   run_libero_eval.py:223


 48%|████▊     | 24/50 [05:57<06:25, 14.83s/it][A                 INFO     | >>                            run_libero_eval.py:223
                          Task: pick up the black bowl                          
                          from table center and place it                        
                          on the plate                                          
                 INFO     | >> Starting episode 25...     run_libero_eval.py:223
05/18 [18:56:52] INFO     | >> Success: True              run_libero_eval.py:223
                 INFO     | >> # episodes completed so    run_libero_eval.py:223
                          far: 125                                              
                 INFO     | >> # successes: 123 (98.4%)   run_libero_eval.py:223


 50%|█████     | 25/50 [06:12<06:09, 14.79s/it][A                 INFO     | >>                            run_libero_eval.py:223
                          Task: pick up the black bowl                          
                          from table center and place it                        
                          on the plate                                          
                 INFO     | >> Starting episode 26...     run_libero_eval.py:223
05/18 [18:57:06] INFO     | >> Success: True              run_libero_eval.py:223
                 INFO     | >> # episodes completed so    run_libero_eval.py:223
                          far: 126                                              
                 INFO     | >> # successes: 124 (98.4%)   run_libero_eval.py:223


 52%|█████▏    | 26/50 [06:26<05:50, 14.62s/it][A                 INFO     | >>                            run_libero_eval.py:223
                          Task: pick up the black bowl                          
                          from table center and place it                        
                          on the plate                                          
                 INFO     | >> Starting episode 27...     run_libero_eval.py:223
05/18 [18:57:21] INFO     | >> Success: True              run_libero_eval.py:223
                 INFO     | >> # episodes completed so    run_libero_eval.py:223
                          far: 127                                              
                 INFO     | >> # successes: 125 (98.4%)   run_libero_eval.py:223


 54%|█████▍    | 27/50 [06:41<05:38, 14.73s/it][A                 INFO     | >>                            run_libero_eval.py:223
                          Task: pick up the black bowl                          
                          from table center and place it                        
                          on the plate                                          
                 INFO     | >> Starting episode 28...     run_libero_eval.py:223
05/18 [18:57:35] INFO     | >> Success: True              run_libero_eval.py:223
                 INFO     | >> # episodes completed so    run_libero_eval.py:223
                          far: 128                                              
                 INFO     | >> # successes: 126 (98.4%)   run_libero_eval.py:223


 56%|█████▌    | 28/50 [06:55<05:18, 14.49s/it][A                 INFO     | >>                            run_libero_eval.py:223
                          Task: pick up the black bowl                          
                          from table center and place it                        
                          on the plate                                          
                 INFO     | >> Starting episode 29...     run_libero_eval.py:223
05/18 [18:58:04] INFO     | >> Success: False             run_libero_eval.py:223
                 INFO     | >> # episodes completed so    run_libero_eval.py:223
                          far: 129                                              
                 INFO     | >> # successes: 126 (97.7%)   run_libero_eval.py:223


 58%|█████▊    | 29/50 [07:24<06:35, 18.82s/it][A                 INFO     | >>                            run_libero_eval.py:223
                          Task: pick up the black bowl                          
                          from table center and place it                        
                          on the plate                                          
                 INFO     | >> Starting episode 30...     run_libero_eval.py:223
05/18 [18:58:19] INFO     | >> Success: True              run_libero_eval.py:223
                 INFO     | >> # episodes completed so    run_libero_eval.py:223
                          far: 130                                              
                 INFO     | >> # successes: 127 (97.7%)   run_libero_eval.py:223


 60%|██████    | 30/50 [07:39<05:52, 17.64s/it][A                 INFO     | >>                            run_libero_eval.py:223
                          Task: pick up the black bowl                          
                          from table center and place it                        
                          on the plate                                          
                 INFO     | >> Starting episode 31...     run_libero_eval.py:223
05/18 [18:58:34] INFO     | >> Success: True              run_libero_eval.py:223
                 INFO     | >> # episodes completed so    run_libero_eval.py:223
                          far: 131                                              
                 INFO     | >> # successes: 128 (97.7%)   run_libero_eval.py:223


 62%|██████▏   | 31/50 [07:54<05:22, 17.00s/it][A                 INFO     | >>                            run_libero_eval.py:223
                          Task: pick up the black bowl                          
                          from table center and place it                        
                          on the plate                                          
                 INFO     | >> Starting episode 32...     run_libero_eval.py:223
05/18 [18:58:49] INFO     | >> Success: True              run_libero_eval.py:223
                 INFO     | >> # episodes completed so    run_libero_eval.py:223
                          far: 132                                              
                 INFO     | >> # successes: 129 (97.7%)   run_libero_eval.py:223


 64%|██████▍   | 32/50 [08:09<04:52, 16.23s/it][A                 INFO     | >>                            run_libero_eval.py:223
                          Task: pick up the black bowl                          
                          from table center and place it                        
                          on the plate                                          
                 INFO     | >> Starting episode 33...     run_libero_eval.py:223
05/18 [18:59:03] INFO     | >> Success: True              run_libero_eval.py:223
                 INFO     | >> # episodes completed so    run_libero_eval.py:223
                          far: 133                                              
                 INFO     | >> # successes: 130 (97.7%)   run_libero_eval.py:223


 66%|██████▌   | 33/50 [08:23<04:27, 15.73s/it][A                 INFO     | >>                            run_libero_eval.py:223
                          Task: pick up the black bowl                          
                          from table center and place it                        
                          on the plate                                          
                 INFO     | >> Starting episode 34...     run_libero_eval.py:223
05/18 [18:59:18] INFO     | >> Success: True              run_libero_eval.py:223
                 INFO     | >> # episodes completed so    run_libero_eval.py:223
                          far: 134                                              
                 INFO     | >> # successes: 131 (97.8%)   run_libero_eval.py:223


 68%|██████▊   | 34/50 [08:39<04:09, 15.59s/it][A                 INFO     | >>                            run_libero_eval.py:223
                          Task: pick up the black bowl                          
                          from table center and place it                        
                          on the plate                                          
                 INFO     | >> Starting episode 35...     run_libero_eval.py:223
05/18 [18:59:33] INFO     | >> Success: True              run_libero_eval.py:223
                 INFO     | >> # episodes completed so    run_libero_eval.py:223
                          far: 135                                              
                 INFO     | >> # successes: 132 (97.8%)   run_libero_eval.py:223


 70%|███████   | 35/50 [08:54<03:51, 15.42s/it][A                 INFO     | >>                            run_libero_eval.py:223
                          Task: pick up the black bowl                          
                          from table center and place it                        
                          on the plate                                          
                 INFO     | >> Starting episode 36...     run_libero_eval.py:223
05/18 [18:59:47] INFO     | >> Success: True              run_libero_eval.py:223
                 INFO     | >> # episodes completed so    run_libero_eval.py:223
                          far: 136                                              
                 INFO     | >> # successes: 133 (97.8%)   run_libero_eval.py:223


 72%|███████▏  | 36/50 [09:08<03:29, 14.97s/it][A                 INFO     | >>                            run_libero_eval.py:223
                          Task: pick up the black bowl                          
                          from table center and place it                        
                          on the plate                                          
                 INFO     | >> Starting episode 37...     run_libero_eval.py:223
05/18 [19:00:04] INFO     | >> Success: True              run_libero_eval.py:223
                 INFO     | >> # episodes completed so    run_libero_eval.py:223
                          far: 137                                              
                 INFO     | >> # successes: 134 (97.8%)   run_libero_eval.py:223


 74%|███████▍  | 37/50 [09:24<03:20, 15.39s/it][A                 INFO     | >>                            run_libero_eval.py:223
                          Task: pick up the black bowl                          
                          from table center and place it                        
                          on the plate                                          
                 INFO     | >> Starting episode 38...     run_libero_eval.py:223
05/18 [19:00:19] INFO     | >> Success: True              run_libero_eval.py:223
                 INFO     | >> # episodes completed so    run_libero_eval.py:223
                          far: 138                                              
                 INFO     | >> # successes: 135 (97.8%)   run_libero_eval.py:223


 76%|███████▌  | 38/50 [09:39<03:04, 15.33s/it][A                 INFO     | >>                            run_libero_eval.py:223
                          Task: pick up the black bowl                          
                          from table center and place it                        
                          on the plate                                          
                 INFO     | >> Starting episode 39...     run_libero_eval.py:223
05/18 [19:00:34] INFO     | >> Success: True              run_libero_eval.py:223
                 INFO     | >> # episodes completed so    run_libero_eval.py:223
                          far: 139                                              
                 INFO     | >> # successes: 136 (97.8%)   run_libero_eval.py:223


 78%|███████▊  | 39/50 [09:54<02:46, 15.15s/it][A                 INFO     | >>                            run_libero_eval.py:223
                          Task: pick up the black bowl                          
                          from table center and place it                        
                          on the plate                                          
                 INFO     | >> Starting episode 40...     run_libero_eval.py:223
05/18 [19:00:49] INFO     | >> Success: True              run_libero_eval.py:223
                 INFO     | >> # episodes completed so    run_libero_eval.py:223
                          far: 140                                              
                 INFO     | >> # successes: 137 (97.9%)   run_libero_eval.py:223


 80%|████████  | 40/50 [10:09<02:30, 15.07s/it][A                 INFO     | >>                            run_libero_eval.py:223
                          Task: pick up the black bowl                          
                          from table center and place it                        
                          on the plate                                          
                 INFO     | >> Starting episode 41...     run_libero_eval.py:223
05/18 [19:01:04] INFO     | >> Success: True              run_libero_eval.py:223
                 INFO     | >> # episodes completed so    run_libero_eval.py:223
                          far: 141                                              
                 INFO     | >> # successes: 138 (97.9%)   run_libero_eval.py:223


 82%|████████▏ | 41/50 [10:25<02:17, 15.30s/it][A                 INFO     | >>                            run_libero_eval.py:223
                          Task: pick up the black bowl                          
                          from table center and place it                        
                          on the plate                                          
                 INFO     | >> Starting episode 42...     run_libero_eval.py:223
05/18 [19:01:18] INFO     | >> Success: True              run_libero_eval.py:223
                 INFO     | >> # episodes completed so    run_libero_eval.py:223
                          far: 142                                              
                 INFO     | >> # successes: 139 (97.9%)   run_libero_eval.py:223


 84%|████████▍ | 42/50 [10:39<01:59, 14.94s/it][A                 INFO     | >>                            run_libero_eval.py:223
                          Task: pick up the black bowl                          
                          from table center and place it                        
                          on the plate                                          
                 INFO     | >> Starting episode 43...     run_libero_eval.py:223
05/18 [19:01:33] INFO     | >> Success: True              run_libero_eval.py:223
                 INFO     | >> # episodes completed so    run_libero_eval.py:223
                          far: 143                                              
                 INFO     | >> # successes: 140 (97.9%)   run_libero_eval.py:223


 86%|████████▌ | 43/50 [10:53<01:42, 14.67s/it][A                 INFO     | >>                            run_libero_eval.py:223
                          Task: pick up the black bowl                          
                          from table center and place it                        
                          on the plate                                          
                 INFO     | >> Starting episode 44...     run_libero_eval.py:223
05/18 [19:01:47] INFO     | >> Success: True              run_libero_eval.py:223
                 INFO     | >> # episodes completed so    run_libero_eval.py:223
                          far: 144                                              
                 INFO     | >> # successes: 141 (97.9%)   run_libero_eval.py:223


 88%|████████▊ | 44/50 [11:07<01:27, 14.54s/it][A                 INFO     | >>                            run_libero_eval.py:223
                          Task: pick up the black bowl                          
                          from table center and place it                        
                          on the plate                                          
                 INFO     | >> Starting episode 45...     run_libero_eval.py:223
05/18 [19:02:02] INFO     | >> Success: True              run_libero_eval.py:223
                 INFO     | >> # episodes completed so    run_libero_eval.py:223
                          far: 145                                              
                 INFO     | >> # successes: 142 (97.9%)   run_libero_eval.py:223


 90%|█████████ | 45/50 [11:22<01:13, 14.69s/it][A                 INFO     | >>                            run_libero_eval.py:223
                          Task: pick up the black bowl                          
                          from table center and place it                        
                          on the plate                                          
                 INFO     | >> Starting episode 46...     run_libero_eval.py:223
05/18 [19:02:18] INFO     | >> Success: True              run_libero_eval.py:223
                 INFO     | >> # episodes completed so    run_libero_eval.py:223
                          far: 146                                              
                 INFO     | >> # successes: 143 (97.9%)   run_libero_eval.py:223


 92%|█████████▏| 46/50 [11:38<01:00, 15.13s/it][A                 INFO     | >>                            run_libero_eval.py:223
                          Task: pick up the black bowl                          
                          from table center and place it                        
                          on the plate                                          
                 INFO     | >> Starting episode 47...     run_libero_eval.py:223
05/18 [19:02:33] INFO     | >> Success: True              run_libero_eval.py:223
                 INFO     | >> # episodes completed so    run_libero_eval.py:223
                          far: 147                                              
                 INFO     | >> # successes: 144 (98.0%)   run_libero_eval.py:223


 94%|█████████▍| 47/50 [11:53<00:45, 15.17s/it][A                 INFO     | >>                            run_libero_eval.py:223
                          Task: pick up the black bowl                          
                          from table center and place it                        
                          on the plate                                          
                 INFO     | >> Starting episode 48...     run_libero_eval.py:223
05/18 [19:02:48] INFO     | >> Success: True              run_libero_eval.py:223
                 INFO     | >> # episodes completed so    run_libero_eval.py:223
                          far: 148                                              
                 INFO     | >> # successes: 145 (98.0%)   run_libero_eval.py:223


 96%|█████████▌| 48/50 [12:08<00:29, 14.94s/it][A                 INFO     | >>                            run_libero_eval.py:223
                          Task: pick up the black bowl                          
                          from table center and place it                        
                          on the plate                                          
                 INFO     | >> Starting episode 49...     run_libero_eval.py:223
05/18 [19:03:03] INFO     | >> Success: True              run_libero_eval.py:223
                 INFO     | >> # episodes completed so    run_libero_eval.py:223
                          far: 149                                              
                 INFO     | >> # successes: 146 (98.0%)   run_libero_eval.py:223


 98%|█████████▊| 49/50 [12:23<00:15, 15.13s/it][A                 INFO     | >>                            run_libero_eval.py:223
                          Task: pick up the black bowl                          
                          from table center and place it                        
                          on the plate                                          
                 INFO     | >> Starting episode 50...     run_libero_eval.py:223
05/18 [19:03:18] INFO     | >> Success: True              run_libero_eval.py:223
                 INFO     | >> # episodes completed so    run_libero_eval.py:223
                          far: 150                                              
                 INFO     | >> # successes: 147 (98.0%)   run_libero_eval.py:223


100%|██████████| 50/50 [12:38<00:00, 15.05s/it][A
100%|██████████| 50/50 [12:38<00:00, 15.18s/it]
                 INFO     | >> Current task success rate: run_libero_eval.py:223
                          0.98                                                  
                 INFO     | >> Current total success      run_libero_eval.py:223
                          rate: 0.98                                            

 30%|███       | 3/10 [37:00<1:27:49, 752.83s/it][Warning]: datasets path <home_path>/code/publish-ddpvla/LIBERO/datasets does not exist!
                 INFO     | >> Using default initial      run_libero_eval.py:223
                          states                                                
[Warning]: datasets path <home_path>/code/publish-ddpvla/LIBERO/datasets does not exist!


  0%|          | 0/50 [00:00<?, ?it/s][A05/18 [19:03:20] INFO     | >>                            run_libero_eval.py:223
                          Task: pick up the black bowl on                       
                          the cookie box and place it on                        
                          the plate                                             
                 INFO     | >> Starting episode 1...      run_libero_eval.py:223
05/18 [19:03:33] INFO     | >> Success: True              run_libero_eval.py:223
                 INFO     | >> # episodes completed so    run_libero_eval.py:223
                          far: 151                                              
                 INFO     | >> # successes: 148 (98.0%)   run_libero_eval.py:223


  2%|▏         | 1/50 [00:12<10:26, 12.79s/it][A                 INFO     | >>                            run_libero_eval.py:223
                          Task: pick up the black bowl on                       
                          the cookie box and place it on                        
                          the plate                                             
                 INFO     | >> Starting episode 2...      run_libero_eval.py:223
05/18 [19:03:46] INFO     | >> Success: True              run_libero_eval.py:223
                 INFO     | >> # episodes completed so    run_libero_eval.py:223
                          far: 152                                              
                 INFO     | >> # successes: 149 (98.0%)   run_libero_eval.py:223


  4%|▍         | 2/50 [00:26<10:36, 13.25s/it][A                 INFO     | >>                            run_libero_eval.py:223
                          Task: pick up the black bowl on                       
                          the cookie box and place it on                        
                          the plate                                             
                 INFO     | >> Starting episode 3...      run_libero_eval.py:223
05/18 [19:04:02] INFO     | >> Success: True              run_libero_eval.py:223
                 INFO     | >> # episodes completed so    run_libero_eval.py:223
                          far: 153                                              
                 INFO     | >> # successes: 150 (98.0%)   run_libero_eval.py:223


  6%|▌         | 3/50 [00:42<11:28, 14.66s/it][A                 INFO     | >>                            run_libero_eval.py:223
                          Task: pick up the black bowl on                       
                          the cookie box and place it on                        
                          the plate                                             
                 INFO     | >> Starting episode 4...      run_libero_eval.py:223
05/18 [19:04:15] INFO     | >> Success: True              run_libero_eval.py:223
                 INFO     | >> # episodes completed so    run_libero_eval.py:223
                          far: 154                                              
                 INFO     | >> # successes: 151 (98.1%)   run_libero_eval.py:223


  8%|▊         | 4/50 [00:55<10:43, 13.99s/it][A                 INFO     | >>                            run_libero_eval.py:223
                          Task: pick up the black bowl on                       
                          the cookie box and place it on                        
                          the plate                                             
                 INFO     | >> Starting episode 5...      run_libero_eval.py:223
05/18 [19:04:29] INFO     | >> Success: True              run_libero_eval.py:223
                 INFO     | >> # episodes completed so    run_libero_eval.py:223
                          far: 155                                              
                 INFO     | >> # successes: 152 (98.1%)   run_libero_eval.py:223


 10%|█         | 5/50 [01:09<10:24, 13.88s/it][A                 INFO     | >>                            run_libero_eval.py:223
                          Task: pick up the black bowl on                       
                          the cookie box and place it on                        
                          the plate                                             
                 INFO     | >> Starting episode 6...      run_libero_eval.py:223
05/18 [19:04:43] INFO     | >> Success: True              run_libero_eval.py:223
                 INFO     | >> # episodes completed so    run_libero_eval.py:223
                          far: 156                                              
                 INFO     | >> # successes: 153 (98.1%)   run_libero_eval.py:223


 12%|█▏        | 6/50 [01:23<10:09, 13.84s/it][A                 INFO     | >>                            run_libero_eval.py:223
                          Task: pick up the black bowl on                       
                          the cookie box and place it on                        
                          the plate                                             
                 INFO     | >> Starting episode 7...      run_libero_eval.py:223
05/18 [19:04:56] INFO     | >> Success: True              run_libero_eval.py:223
                 INFO     | >> # episodes completed so    run_libero_eval.py:223
                          far: 157                                              
                 INFO     | >> # successes: 154 (98.1%)   run_libero_eval.py:223


 14%|█▍        | 7/50 [01:36<09:50, 13.73s/it][A                 INFO     | >>                            run_libero_eval.py:223
                          Task: pick up the black bowl on                       
                          the cookie box and place it on                        
                          the plate                                             
                 INFO     | >> Starting episode 8...      run_libero_eval.py:223
05/18 [19:05:09] INFO     | >> Success: True              run_libero_eval.py:223
                 INFO     | >> # episodes completed so    run_libero_eval.py:223
                          far: 158                                              
                 INFO     | >> # successes: 155 (98.1%)   run_libero_eval.py:223


 16%|█▌        | 8/50 [01:49<09:24, 13.45s/it][A                 INFO     | >>                            run_libero_eval.py:223
                          Task: pick up the black bowl on                       
                          the cookie box and place it on                        
                          the plate                                             
                 INFO     | >> Starting episode 9...      run_libero_eval.py:223
05/18 [19:05:22] INFO     | >> Success: True              run_libero_eval.py:223
                 INFO     | >> # episodes completed so    run_libero_eval.py:223
                          far: 159                                              
                 INFO     | >> # successes: 156 (98.1%)   run_libero_eval.py:223


 18%|█▊        | 9/50 [02:02<09:02, 13.24s/it][A                 INFO     | >>                            run_libero_eval.py:223
                          Task: pick up the black bowl on                       
                          the cookie box and place it on                        
                          the plate                                             
                 INFO     | >> Starting episode 10...     run_libero_eval.py:223
05/18 [19:05:35] INFO     | >> Success: True              run_libero_eval.py:223
                 INFO     | >> # episodes completed so    run_libero_eval.py:223
                          far: 160                                              
                 INFO     | >> # successes: 157 (98.1%)   run_libero_eval.py:223


 20%|██        | 10/50 [02:15<08:45, 13.14s/it][A                 INFO     | >>                            run_libero_eval.py:223
                          Task: pick up the black bowl on                       
                          the cookie box and place it on                        
                          the plate                                             
                 INFO     | >> Starting episode 11...     run_libero_eval.py:223
05/18 [19:05:48] INFO     | >> Success: True              run_libero_eval.py:223
                 INFO     | >> # episodes completed so    run_libero_eval.py:223
                          far: 161                                              
                 INFO     | >> # successes: 158 (98.1%)   run_libero_eval.py:223


 22%|██▏       | 11/50 [02:28<08:33, 13.17s/it][A                 INFO     | >>                            run_libero_eval.py:223
                          Task: pick up the black bowl on                       
                          the cookie box and place it on                        
                          the plate                                             
                 INFO     | >> Starting episode 12...     run_libero_eval.py:223
05/18 [19:06:02] INFO     | >> Success: True              run_libero_eval.py:223
                 INFO     | >> # episodes completed so    run_libero_eval.py:223
                          far: 162                                              
                 INFO     | >> # successes: 159 (98.1%)   run_libero_eval.py:223


 24%|██▍       | 12/50 [02:42<08:27, 13.36s/it][A                 INFO     | >>                            run_libero_eval.py:223
                          Task: pick up the black bowl on                       
                          the cookie box and place it on                        
                          the plate                                             
                 INFO     | >> Starting episode 13...     run_libero_eval.py:223
05/18 [19:06:16] INFO     | >> Success: True              run_libero_eval.py:223
                 INFO     | >> # episodes completed so    run_libero_eval.py:223
                          far: 163                                              
                 INFO     | >> # successes: 160 (98.2%)   run_libero_eval.py:223


 26%|██▌       | 13/50 [02:56<08:23, 13.60s/it][A                 INFO     | >>                            run_libero_eval.py:223
                          Task: pick up the black bowl on                       
                          the cookie box and place it on                        
                          the plate                                             
                 INFO     | >> Starting episode 14...     run_libero_eval.py:223
05/18 [19:06:30] INFO     | >> Success: True              run_libero_eval.py:223
                 INFO     | >> # episodes completed so    run_libero_eval.py:223
                          far: 164                                              
                 INFO     | >> # successes: 161 (98.2%)   run_libero_eval.py:223


 28%|██▊       | 14/50 [03:10<08:13, 13.72s/it][A                 INFO     | >>                            run_libero_eval.py:223
                          Task: pick up the black bowl on                       
                          the cookie box and place it on                        
                          the plate                                             
                 INFO     | >> Starting episode 15...     run_libero_eval.py:223
05/18 [19:06:43] INFO     | >> Success: True              run_libero_eval.py:223
                 INFO     | >> # episodes completed so    run_libero_eval.py:223
                          far: 165                                              
                 INFO     | >> # successes: 162 (98.2%)   run_libero_eval.py:223


 30%|███       | 15/50 [03:23<07:56, 13.61s/it][A                 INFO     | >>                            run_libero_eval.py:223
                          Task: pick up the black bowl on                       
                          the cookie box and place it on                        
                          the plate                                             
                 INFO     | >> Starting episode 16...     run_libero_eval.py:223
05/18 [19:06:58] INFO     | >> Success: True              run_libero_eval.py:223
                 INFO     | >> # episodes completed so    run_libero_eval.py:223
                          far: 166                                              
                 INFO     | >> # successes: 163 (98.2%)   run_libero_eval.py:223


 32%|███▏      | 16/50 [03:37<07:47, 13.76s/it][A                 INFO     | >>                            run_libero_eval.py:223
                          Task: pick up the black bowl on                       
                          the cookie box and place it on                        
                          the plate                                             
                 INFO     | >> Starting episode 17...     run_libero_eval.py:223
05/18 [19:07:11] INFO     | >> Success: True              run_libero_eval.py:223
                 INFO     | >> # episodes completed so    run_libero_eval.py:223
                          far: 167                                              
                 INFO     | >> # successes: 164 (98.2%)   run_libero_eval.py:223


 34%|███▍      | 17/50 [03:51<07:32, 13.70s/it][A                 INFO     | >>                            run_libero_eval.py:223
                          Task: pick up the black bowl on                       
                          the cookie box and place it on                        
                          the plate                                             
                 INFO     | >> Starting episode 18...     run_libero_eval.py:223
05/18 [19:07:25] INFO     | >> Success: True              run_libero_eval.py:223
                 INFO     | >> # episodes completed so    run_libero_eval.py:223
                          far: 168                                              
                 INFO     | >> # successes: 165 (98.2%)   run_libero_eval.py:223


 36%|███▌      | 18/50 [04:05<07:23, 13.87s/it][A                 INFO     | >>                            run_libero_eval.py:223
                          Task: pick up the black bowl on                       
                          the cookie box and place it on                        
                          the plate                                             
                 INFO     | >> Starting episode 19...     run_libero_eval.py:223
05/18 [19:07:39] INFO     | >> Success: True              run_libero_eval.py:223
                 INFO     | >> # episodes completed so    run_libero_eval.py:223
                          far: 169                                              
                 INFO     | >> # successes: 166 (98.2%)   run_libero_eval.py:223


 38%|███▊      | 19/50 [04:18<07:03, 13.66s/it][A                 INFO     | >>                            run_libero_eval.py:223
                          Task: pick up the black bowl on                       
                          the cookie box and place it on                        
                          the plate                                             
                 INFO     | >> Starting episode 20...     run_libero_eval.py:223
05/18 [19:07:52] INFO     | >> Success: True              run_libero_eval.py:223
                 INFO     | >> # episodes completed so    run_libero_eval.py:223
                          far: 170                                              
                 INFO     | >> # successes: 167 (98.2%)   run_libero_eval.py:223


 40%|████      | 20/50 [04:31<06:44, 13.50s/it][A                 INFO     | >>                            run_libero_eval.py:223
                          Task: pick up the black bowl on                       
                          the cookie box and place it on                        
                          the plate                                             
                 INFO     | >> Starting episode 21...     run_libero_eval.py:223
05/18 [19:08:04] INFO     | >> Success: True              run_libero_eval.py:223
                 INFO     | >> # episodes completed so    run_libero_eval.py:223
                          far: 171                                              
                 INFO     | >> # successes: 168 (98.2%)   run_libero_eval.py:223


 42%|████▏     | 21/50 [04:44<06:25, 13.30s/it][A                 INFO     | >>                            run_libero_eval.py:223
                          Task: pick up the black bowl on                       
                          the cookie box and place it on                        
                          the plate                                             
                 INFO     | >> Starting episode 22...     run_libero_eval.py:223
05/18 [19:08:17] INFO     | >> Success: True              run_libero_eval.py:223
                 INFO     | >> # episodes completed so    run_libero_eval.py:223
                          far: 172                                              
                 INFO     | >> # successes: 169 (98.3%)   run_libero_eval.py:223


 44%|████▍     | 22/50 [04:57<06:04, 13.03s/it][A                 INFO     | >>                            run_libero_eval.py:223
                          Task: pick up the black bowl on                       
                          the cookie box and place it on                        
                          the plate                                             
                 INFO     | >> Starting episode 23...     run_libero_eval.py:223
05/18 [19:08:30] INFO     | >> Success: True              run_libero_eval.py:223
                 INFO     | >> # episodes completed so    run_libero_eval.py:223
                          far: 173                                              
                 INFO     | >> # successes: 170 (98.3%)   run_libero_eval.py:223


 46%|████▌     | 23/50 [05:10<05:50, 12.98s/it][A                 INFO     | >>                            run_libero_eval.py:223
                          Task: pick up the black bowl on                       
                          the cookie box and place it on                        
                          the plate                                             
                 INFO     | >> Starting episode 24...     run_libero_eval.py:223
05/18 [19:08:44] INFO     | >> Success: True              run_libero_eval.py:223
                 INFO     | >> # episodes completed so    run_libero_eval.py:223
                          far: 174                                              
                 INFO     | >> # successes: 171 (98.3%)   run_libero_eval.py:223


 48%|████▊     | 24/50 [05:24<05:49, 13.45s/it][A                 INFO     | >>                            run_libero_eval.py:223
                          Task: pick up the black bowl on                       
                          the cookie box and place it on                        
                          the plate                                             
                 INFO     | >> Starting episode 25...     run_libero_eval.py:223
05/18 [19:08:58] INFO     | >> Success: True              run_libero_eval.py:223
                 INFO     | >> # episodes completed so    run_libero_eval.py:223
                          far: 175                                              
                 INFO     | >> # successes: 172 (98.3%)   run_libero_eval.py:223


 50%|█████     | 25/50 [05:38<05:40, 13.60s/it][A                 INFO     | >>                            run_libero_eval.py:223
                          Task: pick up the black bowl on                       
                          the cookie box and place it on                        
                          the plate                                             
                 INFO     | >> Starting episode 26...     run_libero_eval.py:223
05/18 [19:09:11] INFO     | >> Success: True              run_libero_eval.py:223
                 INFO     | >> # episodes completed so    run_libero_eval.py:223
                          far: 176                                              
                 INFO     | >> # successes: 173 (98.3%)   run_libero_eval.py:223


 52%|█████▏    | 26/50 [05:51<05:22, 13.44s/it][A                 INFO     | >>                            run_libero_eval.py:223
                          Task: pick up the black bowl on                       
                          the cookie box and place it on                        
                          the plate                                             
                 INFO     | >> Starting episode 27...     run_libero_eval.py:223
05/18 [19:09:24] INFO     | >> Success: True              run_libero_eval.py:223
                 INFO     | >> # episodes completed so    run_libero_eval.py:223
                          far: 177                                              
                 INFO     | >> # successes: 174 (98.3%)   run_libero_eval.py:223


 54%|█████▍    | 27/50 [06:04<05:05, 13.27s/it][A                 INFO     | >>                            run_libero_eval.py:223
                          Task: pick up the black bowl on                       
                          the cookie box and place it on                        
                          the plate                                             
                 INFO     | >> Starting episode 28...     run_libero_eval.py:223
05/18 [19:09:37] INFO     | >> Success: True              run_libero_eval.py:223
                 INFO     | >> # episodes completed so    run_libero_eval.py:223
                          far: 178                                              
                 INFO     | >> # successes: 175 (98.3%)   run_libero_eval.py:223


 56%|█████▌    | 28/50 [06:17<04:50, 13.21s/it][A                 INFO     | >>                            run_libero_eval.py:223
                          Task: pick up the black bowl on                       
                          the cookie box and place it on                        
                          the plate                                             
                 INFO     | >> Starting episode 29...     run_libero_eval.py:223
05/18 [19:09:51] INFO     | >> Success: True              run_libero_eval.py:223
                 INFO     | >> # episodes completed so    run_libero_eval.py:223
                          far: 179                                              
                 INFO     | >> # successes: 176 (98.3%)   run_libero_eval.py:223


 58%|█████▊    | 29/50 [06:31<04:41, 13.42s/it][A                 INFO     | >>                            run_libero_eval.py:223
                          Task: pick up the black bowl on                       
                          the cookie box and place it on                        
                          the plate                                             
                 INFO     | >> Starting episode 30...     run_libero_eval.py:223
05/18 [19:10:06] INFO     | >> Success: True              run_libero_eval.py:223
                 INFO     | >> # episodes completed so    run_libero_eval.py:223
                          far: 180                                              
                 INFO     | >> # successes: 177 (98.3%)   run_libero_eval.py:223


 60%|██████    | 30/50 [06:45<04:34, 13.73s/it][A                 INFO     | >>                            run_libero_eval.py:223
                          Task: pick up the black bowl on                       
                          the cookie box and place it on                        
                          the plate                                             
                 INFO     | >> Starting episode 31...     run_libero_eval.py:223
05/18 [19:10:20] INFO     | >> Success: True              run_libero_eval.py:223
                 INFO     | >> # episodes completed so    run_libero_eval.py:223
                          far: 181                                              
                 INFO     | >> # successes: 178 (98.3%)   run_libero_eval.py:223


 62%|██████▏   | 31/50 [07:00<04:23, 13.87s/it][A                 INFO     | >>                            run_libero_eval.py:223
                          Task: pick up the black bowl on                       
                          the cookie box and place it on                        
                          the plate                                             
                 INFO     | >> Starting episode 32...     run_libero_eval.py:223
05/18 [19:10:32] INFO     | >> Success: True              run_libero_eval.py:223
                 INFO     | >> # episodes completed so    run_libero_eval.py:223
                          far: 182                                              
                 INFO     | >> # successes: 179 (98.4%)   run_libero_eval.py:223


 64%|██████▍   | 32/50 [07:12<04:02, 13.47s/it][A                 INFO     | >>                            run_libero_eval.py:223
                          Task: pick up the black bowl on                       
                          the cookie box and place it on                        
                          the plate                                             
                 INFO     | >> Starting episode 33...     run_libero_eval.py:223
05/18 [19:10:47] INFO     | >> Success: True              run_libero_eval.py:223
                 INFO     | >> # episodes completed so    run_libero_eval.py:223
                          far: 183                                              
                 INFO     | >> # successes: 180 (98.4%)   run_libero_eval.py:223


 66%|██████▌   | 33/50 [07:26<03:53, 13.73s/it][A                 INFO     | >>                            run_libero_eval.py:223
                          Task: pick up the black bowl on                       
                          the cookie box and place it on                        
                          the plate                                             
                 INFO     | >> Starting episode 34...     run_libero_eval.py:223
05/18 [19:11:09] INFO     | >> Success: True              run_libero_eval.py:223
                 INFO     | >> # episodes completed so    run_libero_eval.py:223
                          far: 184                                              
                 INFO     | >> # successes: 181 (98.4%)   run_libero_eval.py:223


 68%|██████▊   | 34/50 [07:48<04:19, 16.19s/it][A                 INFO     | >>                            run_libero_eval.py:223
                          Task: pick up the black bowl on                       
                          the cookie box and place it on                        
                          the plate                                             
                 INFO     | >> Starting episode 35...     run_libero_eval.py:223
05/18 [19:11:23] INFO     | >> Success: True              run_libero_eval.py:223
                 INFO     | >> # episodes completed so    run_libero_eval.py:223
                          far: 185                                              
                 INFO     | >> # successes: 182 (98.4%)   run_libero_eval.py:223


 70%|███████   | 35/50 [08:03<03:55, 15.68s/it][A                 INFO     | >>                            run_libero_eval.py:223
                          Task: pick up the black bowl on                       
                          the cookie box and place it on                        
                          the plate                                             
                 INFO     | >> Starting episode 36...     run_libero_eval.py:223
05/18 [19:11:37] INFO     | >> Success: True              run_libero_eval.py:223
                 INFO     | >> # episodes completed so    run_libero_eval.py:223
                          far: 186                                              
                 INFO     | >> # successes: 183 (98.4%)   run_libero_eval.py:223


 72%|███████▏  | 36/50 [08:17<03:33, 15.29s/it][A                 INFO     | >>                            run_libero_eval.py:223
                          Task: pick up the black bowl on                       
                          the cookie box and place it on                        
                          the plate                                             
                 INFO     | >> Starting episode 37...     run_libero_eval.py:223
05/18 [19:11:51] INFO     | >> Success: True              run_libero_eval.py:223
                 INFO     | >> # episodes completed so    run_libero_eval.py:223
                          far: 187                                              
                 INFO     | >> # successes: 184 (98.4%)   run_libero_eval.py:223


 74%|███████▍  | 37/50 [08:31<03:12, 14.82s/it][A                 INFO     | >>                            run_libero_eval.py:223
                          Task: pick up the black bowl on                       
                          the cookie box and place it on                        
                          the plate                                             
                 INFO     | >> Starting episode 38...     run_libero_eval.py:223
05/18 [19:12:05] INFO     | >> Success: True              run_libero_eval.py:223
                 INFO     | >> # episodes completed so    run_libero_eval.py:223
                          far: 188                                              
                 INFO     | >> # successes: 185 (98.4%)   run_libero_eval.py:223


 76%|███████▌  | 38/50 [08:45<02:54, 14.53s/it][A                 INFO     | >>                            run_libero_eval.py:223
                          Task: pick up the black bowl on                       
                          the cookie box and place it on                        
                          the plate                                             
                 INFO     | >> Starting episode 39...     run_libero_eval.py:223
05/18 [19:12:17] INFO     | >> Success: True              run_libero_eval.py:223
                 INFO     | >> # episodes completed so    run_libero_eval.py:223
                          far: 189                                              
                 INFO     | >> # successes: 186 (98.4%)   run_libero_eval.py:223


 78%|███████▊  | 39/50 [08:57<02:32, 13.89s/it][A                 INFO     | >>                            run_libero_eval.py:223
                          Task: pick up the black bowl on                       
                          the cookie box and place it on                        
                          the plate                                             
                 INFO     | >> Starting episode 40...     run_libero_eval.py:223
05/18 [19:12:30] INFO     | >> Success: True              run_libero_eval.py:223
                 INFO     | >> # episodes completed so    run_libero_eval.py:223
                          far: 190                                              
                 INFO     | >> # successes: 187 (98.4%)   run_libero_eval.py:223


 80%|████████  | 40/50 [09:10<02:15, 13.57s/it][A                 INFO     | >>                            run_libero_eval.py:223
                          Task: pick up the black bowl on                       
                          the cookie box and place it on                        
                          the plate                                             
                 INFO     | >> Starting episode 41...     run_libero_eval.py:223
05/18 [19:12:44] INFO     | >> Success: True              run_libero_eval.py:223
                 INFO     | >> # episodes completed so    run_libero_eval.py:223
                          far: 191                                              
                 INFO     | >> # successes: 188 (98.4%)   run_libero_eval.py:223


 82%|████████▏ | 41/50 [09:23<02:01, 13.53s/it][A                 INFO     | >>                            run_libero_eval.py:223
                          Task: pick up the black bowl on                       
                          the cookie box and place it on                        
                          the plate                                             
                 INFO     | >> Starting episode 42...     run_libero_eval.py:223
05/18 [19:12:56] INFO     | >> Success: True              run_libero_eval.py:223
                 INFO     | >> # episodes completed so    run_libero_eval.py:223
                          far: 192                                              
                 INFO     | >> # successes: 189 (98.4%)   run_libero_eval.py:223


 84%|████████▍ | 42/50 [09:36<01:45, 13.24s/it][A                 INFO     | >>                            run_libero_eval.py:223
                          Task: pick up the black bowl on                       
                          the cookie box and place it on                        
                          the plate                                             
                 INFO     | >> Starting episode 43...     run_libero_eval.py:223
05/18 [19:13:11] INFO     | >> Success: True              run_libero_eval.py:223
                 INFO     | >> # episodes completed so    run_libero_eval.py:223
                          far: 193                                              
                 INFO     | >> # successes: 190 (98.4%)   run_libero_eval.py:223


 86%|████████▌ | 43/50 [09:51<01:35, 13.63s/it][A                 INFO     | >>                            run_libero_eval.py:223
                          Task: pick up the black bowl on                       
                          the cookie box and place it on                        
                          the plate                                             
                 INFO     | >> Starting episode 44...     run_libero_eval.py:223
05/18 [19:13:24] INFO     | >> Success: True              run_libero_eval.py:223
                 INFO     | >> # episodes completed so    run_libero_eval.py:223
                          far: 194                                              
                 INFO     | >> # successes: 191 (98.5%)   run_libero_eval.py:223


 88%|████████▊ | 44/50 [10:03<01:20, 13.42s/it][A                 INFO     | >>                            run_libero_eval.py:223
                          Task: pick up the black bowl on                       
                          the cookie box and place it on                        
                          the plate                                             
                 INFO     | >> Starting episode 45...     run_libero_eval.py:223
05/18 [19:13:38] INFO     | >> Success: True              run_libero_eval.py:223
                 INFO     | >> # episodes completed so    run_libero_eval.py:223
                          far: 195                                              
                 INFO     | >> # successes: 192 (98.5%)   run_libero_eval.py:223


 90%|█████████ | 45/50 [10:17<01:07, 13.55s/it][A                 INFO     | >>                            run_libero_eval.py:223
                          Task: pick up the black bowl on                       
                          the cookie box and place it on                        
                          the plate                                             
                 INFO     | >> Starting episode 46...     run_libero_eval.py:223
05/18 [19:13:51] INFO     | >> Success: True              run_libero_eval.py:223
                 INFO     | >> # episodes completed so    run_libero_eval.py:223
                          far: 196                                              
                 INFO     | >> # successes: 193 (98.5%)   run_libero_eval.py:223


 92%|█████████▏| 46/50 [10:31<00:54, 13.63s/it][A                 INFO     | >>                            run_libero_eval.py:223
                          Task: pick up the black bowl on                       
                          the cookie box and place it on                        
                          the plate                                             
                 INFO     | >> Starting episode 47...     run_libero_eval.py:223
05/18 [19:14:06] INFO     | >> Success: True              run_libero_eval.py:223
                 INFO     | >> # episodes completed so    run_libero_eval.py:223
                          far: 197                                              
                 INFO     | >> # successes: 194 (98.5%)   run_libero_eval.py:223


 94%|█████████▍| 47/50 [10:45<00:41, 13.77s/it][A                 INFO     | >>                            run_libero_eval.py:223
                          Task: pick up the black bowl on                       
                          the cookie box and place it on                        
                          the plate                                             
                 INFO     | >> Starting episode 48...     run_libero_eval.py:223
05/18 [19:14:19] INFO     | >> Success: True              run_libero_eval.py:223
                 INFO     | >> # episodes completed so    run_libero_eval.py:223
                          far: 198                                              
                 INFO     | >> # successes: 195 (98.5%)   run_libero_eval.py:223


 96%|█████████▌| 48/50 [10:58<00:27, 13.55s/it][A                 INFO     | >>                            run_libero_eval.py:223
                          Task: pick up the black bowl on                       
                          the cookie box and place it on                        
                          the plate                                             
                 INFO     | >> Starting episode 49...     run_libero_eval.py:223
05/18 [19:14:32] INFO     | >> Success: True              run_libero_eval.py:223
                 INFO     | >> # episodes completed so    run_libero_eval.py:223
                          far: 199                                              
                 INFO     | >> # successes: 196 (98.5%)   run_libero_eval.py:223


 98%|█████████▊| 49/50 [11:11<00:13, 13.43s/it][A                 INFO     | >>                            run_libero_eval.py:223
                          Task: pick up the black bowl on                       
                          the cookie box and place it on                        
                          the plate                                             
                 INFO     | >> Starting episode 50...     run_libero_eval.py:223
05/18 [19:14:46] INFO     | >> Success: True              run_libero_eval.py:223
                 INFO     | >> # episodes completed so    run_libero_eval.py:223
                          far: 200                                              
                 INFO     | >> # successes: 197 (98.5%)   run_libero_eval.py:223


100%|██████████| 50/50 [11:25<00:00, 13.58s/it][A
100%|██████████| 50/50 [11:25<00:00, 13.72s/it]
                 INFO     | >> Current task success rate: run_libero_eval.py:223
                          1.0                                                   
                 INFO     | >> Current total success      run_libero_eval.py:223
                          rate: 0.985                                           

 40%|████      | 4/10 [48:27<1:12:42, 727.06s/it][Warning]: datasets path <home_path>/code/publish-ddpvla/LIBERO/datasets does not exist!
                 INFO     | >> Using default initial      run_libero_eval.py:223
                          states                                                
[Warning]: datasets path <home_path>/code/publish-ddpvla/LIBERO/datasets does not exist!


  0%|          | 0/50 [00:00<?, ?it/s][A05/18 [19:14:47] INFO     | >>                            run_libero_eval.py:223
                          Task: pick up the black bowl in                       
                          the top drawer of the wooden                          
                          cabinet and place it on the                           
                          plate                                                 
                 INFO     | >> Starting episode 1...      run_libero_eval.py:223
05/18 [19:15:05] INFO     | >> Success: True              run_libero_eval.py:223
                 INFO     | >> # episodes completed so    run_libero_eval.py:223
                          far: 201                                              
                 INFO     | >> # successes: 198 (98.5%)   run_libero_eval.py:223


  2%|▏         | 1/50 [00:18<14:44, 18.06s/it][A                 INFO     | >>                            run_libero_eval.py:223
                          Task: pick up the black bowl in                       
                          the top drawer of the wooden                          
                          cabinet and place it on the                           
                          plate                                                 
                 INFO     | >> Starting episode 2...      run_libero_eval.py:223
05/18 [19:15:34] INFO     | >> Success: False             run_libero_eval.py:223
                 INFO     | >> # episodes completed so    run_libero_eval.py:223
                          far: 202                                              
                 INFO     | >> # successes: 198 (98.0%)   run_libero_eval.py:223


  4%|▍         | 2/50 [00:46<19:32, 24.42s/it][A                 INFO     | >>                            run_libero_eval.py:223
                          Task: pick up the black bowl in                       
                          the top drawer of the wooden                          
                          cabinet and place it on the                           
                          plate                                                 
                 INFO     | >> Starting episode 3...      run_libero_eval.py:223
05/18 [19:15:51] INFO     | >> Success: True              run_libero_eval.py:223
                 INFO     | >> # episodes completed so    run_libero_eval.py:223
                          far: 203                                              
                 INFO     | >> # successes: 199 (98.0%)   run_libero_eval.py:223


  6%|▌         | 3/50 [01:04<16:33, 21.15s/it][A                 INFO     | >>                            run_libero_eval.py:223
                          Task: pick up the black bowl in                       
                          the top drawer of the wooden                          
                          cabinet and place it on the                           
                          plate                                                 
                 INFO     | >> Starting episode 4...      run_libero_eval.py:223
05/18 [19:16:09] INFO     | >> Success: True              run_libero_eval.py:223
                 INFO     | >> # episodes completed so    run_libero_eval.py:223
                          far: 204                                              
                 INFO     | >> # successes: 200 (98.0%)   run_libero_eval.py:223


  8%|▊         | 4/50 [01:22<15:16, 19.93s/it][A                 INFO     | >>                            run_libero_eval.py:223
                          Task: pick up the black bowl in                       
                          the top drawer of the wooden                          
                          cabinet and place it on the                           
                          plate                                                 
                 INFO     | >> Starting episode 5...      run_libero_eval.py:223
05/18 [19:16:29] INFO     | >> Success: True              run_libero_eval.py:223
                 INFO     | >> # episodes completed so    run_libero_eval.py:223
                          far: 205                                              
                 INFO     | >> # successes: 201 (98.0%)   run_libero_eval.py:223


 10%|█         | 5/50 [01:41<14:50, 19.79s/it][A                 INFO     | >>                            run_libero_eval.py:223
                          Task: pick up the black bowl in                       
                          the top drawer of the wooden                          
                          cabinet and place it on the                           
                          plate                                                 
                 INFO     | >> Starting episode 6...      run_libero_eval.py:223
05/18 [19:16:48] INFO     | >> Success: True              run_libero_eval.py:223
                 INFO     | >> # episodes completed so    run_libero_eval.py:223
                          far: 206                                              
                 INFO     | >> # successes: 202 (98.1%)   run_libero_eval.py:223


 12%|█▏        | 6/50 [02:00<14:17, 19.49s/it][A                 INFO     | >>                            run_libero_eval.py:223
                          Task: pick up the black bowl in                       
                          the top drawer of the wooden                          
                          cabinet and place it on the                           
                          plate                                                 
                 INFO     | >> Starting episode 7...      run_libero_eval.py:223
05/18 [19:17:08] INFO     | >> Success: True              run_libero_eval.py:223
                 INFO     | >> # episodes completed so    run_libero_eval.py:223
                          far: 207                                              
                 INFO     | >> # successes: 203 (98.1%)   run_libero_eval.py:223


 14%|█▍        | 7/50 [02:20<14:09, 19.75s/it][A                 INFO     | >>                            run_libero_eval.py:223
                          Task: pick up the black bowl in                       
                          the top drawer of the wooden                          
                          cabinet and place it on the                           
                          plate                                                 
                 INFO     | >> Starting episode 8...      run_libero_eval.py:223
05/18 [19:17:26] INFO     | >> Success: True              run_libero_eval.py:223
                 INFO     | >> # episodes completed so    run_libero_eval.py:223
                          far: 208                                              
                 INFO     | >> # successes: 204 (98.1%)   run_libero_eval.py:223


 16%|█▌        | 8/50 [02:38<13:19, 19.03s/it][A                 INFO     | >>                            run_libero_eval.py:223
                          Task: pick up the black bowl in                       
                          the top drawer of the wooden                          
                          cabinet and place it on the                           
                          plate                                                 
                 INFO     | >> Starting episode 9...      run_libero_eval.py:223
05/18 [19:17:45] INFO     | >> Success: True              run_libero_eval.py:223
                 INFO     | >> # episodes completed so    run_libero_eval.py:223
                          far: 209                                              
                 INFO     | >> # successes: 205 (98.1%)   run_libero_eval.py:223


 18%|█▊        | 9/50 [02:58<13:07, 19.22s/it][A                 INFO     | >>                            run_libero_eval.py:223
                          Task: pick up the black bowl in                       
                          the top drawer of the wooden                          
                          cabinet and place it on the                           
                          plate                                                 
                 INFO     | >> Starting episode 10...     run_libero_eval.py:223
05/18 [19:18:04] INFO     | >> Success: True              run_libero_eval.py:223
                 INFO     | >> # episodes completed so    run_libero_eval.py:223
                          far: 210                                              
                 INFO     | >> # successes: 206 (98.1%)   run_libero_eval.py:223


 20%|██        | 10/50 [03:17<12:47, 19.20s/it][A                 INFO     | >>                            run_libero_eval.py:223
                          Task: pick up the black bowl in                       
                          the top drawer of the wooden                          
                          cabinet and place it on the                           
                          plate                                                 
                 INFO     | >> Starting episode 11...     run_libero_eval.py:223
05/18 [19:18:34] INFO     | >> Success: False             run_libero_eval.py:223
                 INFO     | >> # episodes completed so    run_libero_eval.py:223
                          far: 211                                              
                 INFO     | >> # successes: 206 (97.6%)   run_libero_eval.py:223


 22%|██▏       | 11/50 [03:46<14:27, 22.26s/it][A                 INFO     | >>                            run_libero_eval.py:223
                          Task: pick up the black bowl in                       
                          the top drawer of the wooden                          
                          cabinet and place it on the                           
                          plate                                                 
                 INFO     | >> Starting episode 12...     run_libero_eval.py:223
05/18 [19:18:52] INFO     | >> Success: True              run_libero_eval.py:223
                 INFO     | >> # episodes completed so    run_libero_eval.py:223
                          far: 212                                              
                 INFO     | >> # successes: 207 (97.6%)   run_libero_eval.py:223


 24%|██▍       | 12/50 [04:05<13:23, 21.15s/it][A                 INFO     | >>                            run_libero_eval.py:223
                          Task: pick up the black bowl in                       
                          the top drawer of the wooden                          
                          cabinet and place it on the                           
                          plate                                                 
                 INFO     | >> Starting episode 13...     run_libero_eval.py:223
05/18 [19:19:11] INFO     | >> Success: True              run_libero_eval.py:223
                 INFO     | >> # episodes completed so    run_libero_eval.py:223
                          far: 213                                              
                 INFO     | >> # successes: 208 (97.7%)   run_libero_eval.py:223


 26%|██▌       | 13/50 [04:24<12:37, 20.48s/it][A                 INFO     | >>                            run_libero_eval.py:223
                          Task: pick up the black bowl in                       
                          the top drawer of the wooden                          
                          cabinet and place it on the                           
                          plate                                                 
                 INFO     | >> Starting episode 14...     run_libero_eval.py:223
05/18 [19:19:30] INFO     | >> Success: True              run_libero_eval.py:223
                 INFO     | >> # episodes completed so    run_libero_eval.py:223
                          far: 214                                              
                 INFO     | >> # successes: 209 (97.7%)   run_libero_eval.py:223


 28%|██▊       | 14/50 [04:42<11:58, 19.96s/it][A                 INFO     | >>                            run_libero_eval.py:223
                          Task: pick up the black bowl in                       
                          the top drawer of the wooden                          
                          cabinet and place it on the                           
                          plate                                                 
                 INFO     | >> Starting episode 15...     run_libero_eval.py:223
05/18 [19:19:49] INFO     | >> Success: True              run_libero_eval.py:223
                 INFO     | >> # episodes completed so    run_libero_eval.py:223
                          far: 215                                              
                 INFO     | >> # successes: 210 (97.7%)   run_libero_eval.py:223


 30%|███       | 15/50 [05:01<11:25, 19.60s/it][A                 INFO     | >>                            run_libero_eval.py:223
                          Task: pick up the black bowl in                       
                          the top drawer of the wooden                          
                          cabinet and place it on the                           
                          plate                                                 
                 INFO     | >> Starting episode 16...     run_libero_eval.py:223
05/18 [19:20:07] INFO     | >> Success: True              run_libero_eval.py:223
                 INFO     | >> # episodes completed so    run_libero_eval.py:223
                          far: 216                                              
                 INFO     | >> # successes: 211 (97.7%)   run_libero_eval.py:223


 32%|███▏      | 16/50 [05:19<10:53, 19.22s/it][A                 INFO     | >>                            run_libero_eval.py:223
                          Task: pick up the black bowl in                       
                          the top drawer of the wooden                          
                          cabinet and place it on the                           
                          plate                                                 
                 INFO     | >> Starting episode 17...     run_libero_eval.py:223
05/18 [19:20:27] INFO     | >> Success: True              run_libero_eval.py:223
                 INFO     | >> # episodes completed so    run_libero_eval.py:223
                          far: 217                                              
                 INFO     | >> # successes: 212 (97.7%)   run_libero_eval.py:223


 34%|███▍      | 17/50 [05:40<10:45, 19.56s/it][A                 INFO     | >>                            run_libero_eval.py:223
                          Task: pick up the black bowl in                       
                          the top drawer of the wooden                          
                          cabinet and place it on the                           
                          plate                                                 
                 INFO     | >> Starting episode 18...     run_libero_eval.py:223
05/18 [19:20:46] INFO     | >> Success: True              run_libero_eval.py:223
                 INFO     | >> # episodes completed so    run_libero_eval.py:223
                          far: 218                                              
                 INFO     | >> # successes: 213 (97.7%)   run_libero_eval.py:223


 36%|███▌      | 18/50 [05:58<10:14, 19.20s/it][A                 INFO     | >>                            run_libero_eval.py:223
                          Task: pick up the black bowl in                       
                          the top drawer of the wooden                          
                          cabinet and place it on the                           
                          plate                                                 
                 INFO     | >> Starting episode 19...     run_libero_eval.py:223
05/18 [19:21:13] INFO     | >> Success: True              run_libero_eval.py:223
                 INFO     | >> # episodes completed so    run_libero_eval.py:223
                          far: 219                                              
                 INFO     | >> # successes: 214 (97.7%)   run_libero_eval.py:223


 38%|███▊      | 19/50 [06:26<11:12, 21.70s/it][A                 INFO     | >>                            run_libero_eval.py:223
                          Task: pick up the black bowl in                       
                          the top drawer of the wooden                          
                          cabinet and place it on the                           
                          plate                                                 
                 INFO     | >> Starting episode 20...     run_libero_eval.py:223
05/18 [19:21:32] INFO     | >> Success: True              run_libero_eval.py:223
                 INFO     | >> # episodes completed so    run_libero_eval.py:223
                          far: 220                                              
                 INFO     | >> # successes: 215 (97.7%)   run_libero_eval.py:223


 40%|████      | 20/50 [06:44<10:21, 20.72s/it][A                 INFO     | >>                            run_libero_eval.py:223
                          Task: pick up the black bowl in                       
                          the top drawer of the wooden                          
                          cabinet and place it on the                           
                          plate                                                 
                 INFO     | >> Starting episode 21...     run_libero_eval.py:223
05/18 [19:21:52] INFO     | >> Success: True              run_libero_eval.py:223
                 INFO     | >> # episodes completed so    run_libero_eval.py:223
                          far: 221                                              
                 INFO     | >> # successes: 216 (97.7%)   run_libero_eval.py:223


 42%|████▏     | 21/50 [07:04<09:57, 20.59s/it][A                 INFO     | >>                            run_libero_eval.py:223
                          Task: pick up the black bowl in                       
                          the top drawer of the wooden                          
                          cabinet and place it on the                           
                          plate                                                 
                 INFO     | >> Starting episode 22...     run_libero_eval.py:223
05/18 [19:22:22] INFO     | >> Success: False             run_libero_eval.py:223
                 INFO     | >> # episodes completed so    run_libero_eval.py:223
                          far: 222                                              
                 INFO     | >> # successes: 216 (97.3%)   run_libero_eval.py:223


 44%|████▍     | 22/50 [07:34<10:52, 23.30s/it][A                 INFO     | >>                            run_libero_eval.py:223
                          Task: pick up the black bowl in                       
                          the top drawer of the wooden                          
                          cabinet and place it on the                           
                          plate                                                 
                 INFO     | >> Starting episode 23...     run_libero_eval.py:223
05/18 [19:22:40] INFO     | >> Success: True              run_libero_eval.py:223
                 INFO     | >> # episodes completed so    run_libero_eval.py:223
                          far: 223                                              
                 INFO     | >> # successes: 217 (97.3%)   run_libero_eval.py:223


 46%|████▌     | 23/50 [07:52<09:46, 21.72s/it][A                 INFO     | >>                            run_libero_eval.py:223
                          Task: pick up the black bowl in                       
                          the top drawer of the wooden                          
                          cabinet and place it on the                           
                          plate                                                 
                 INFO     | >> Starting episode 24...     run_libero_eval.py:223
05/18 [19:22:59] INFO     | >> Success: True              run_libero_eval.py:223
                 INFO     | >> # episodes completed so    run_libero_eval.py:223
                          far: 224                                              
                 INFO     | >> # successes: 218 (97.3%)   run_libero_eval.py:223


 48%|████▊     | 24/50 [08:11<09:03, 20.91s/it][A                 INFO     | >>                            run_libero_eval.py:223
                          Task: pick up the black bowl in                       
                          the top drawer of the wooden                          
                          cabinet and place it on the                           
                          plate                                                 
                 INFO     | >> Starting episode 25...     run_libero_eval.py:223
05/18 [19:23:18] INFO     | >> Success: True              run_libero_eval.py:223
                 INFO     | >> # episodes completed so    run_libero_eval.py:223
                          far: 225                                              
                 INFO     | >> # successes: 219 (97.3%)   run_libero_eval.py:223


 50%|█████     | 25/50 [08:30<08:29, 20.39s/it][A                 INFO     | >>                            run_libero_eval.py:223
                          Task: pick up the black bowl in                       
                          the top drawer of the wooden                          
                          cabinet and place it on the                           
                          plate                                                 
                 INFO     | >> Starting episode 26...     run_libero_eval.py:223
05/18 [19:23:36] INFO     | >> Success: True              run_libero_eval.py:223
                 INFO     | >> # episodes completed so    run_libero_eval.py:223
                          far: 226                                              
                 INFO     | >> # successes: 220 (97.3%)   run_libero_eval.py:223


 52%|█████▏    | 26/50 [08:48<07:50, 19.61s/it][A                 INFO     | >>                            run_libero_eval.py:223
                          Task: pick up the black bowl in                       
                          the top drawer of the wooden                          
                          cabinet and place it on the                           
                          plate                                                 
                 INFO     | >> Starting episode 27...     run_libero_eval.py:223
05/18 [19:23:54] INFO     | >> Success: True              run_libero_eval.py:223
                 INFO     | >> # episodes completed so    run_libero_eval.py:223
                          far: 227                                              
                 INFO     | >> # successes: 221 (97.4%)   run_libero_eval.py:223


 54%|█████▍    | 27/50 [09:07<07:25, 19.37s/it][A                 INFO     | >>                            run_libero_eval.py:223
                          Task: pick up the black bowl in                       
                          the top drawer of the wooden                          
                          cabinet and place it on the                           
                          plate                                                 
                 INFO     | >> Starting episode 28...     run_libero_eval.py:223
05/18 [19:24:22] INFO     | >> Success: True              run_libero_eval.py:223
                 INFO     | >> # episodes completed so    run_libero_eval.py:223
                          far: 228                                              
                 INFO     | >> # successes: 222 (97.4%)   run_libero_eval.py:223


 56%|█████▌    | 28/50 [09:34<08:01, 21.87s/it][A                 INFO     | >>                            run_libero_eval.py:223
                          Task: pick up the black bowl in                       
                          the top drawer of the wooden                          
                          cabinet and place it on the                           
                          plate                                                 
                 INFO     | >> Starting episode 29...     run_libero_eval.py:223
05/18 [19:24:40] INFO     | >> Success: True              run_libero_eval.py:223
                 INFO     | >> # episodes completed so    run_libero_eval.py:223
                          far: 229                                              
                 INFO     | >> # successes: 223 (97.4%)   run_libero_eval.py:223


 58%|█████▊    | 29/50 [09:53<07:17, 20.81s/it][A                 INFO     | >>                            run_libero_eval.py:223
                          Task: pick up the black bowl in                       
                          the top drawer of the wooden                          
                          cabinet and place it on the                           
                          plate                                                 
                 INFO     | >> Starting episode 30...     run_libero_eval.py:223
05/18 [19:24:59] INFO     | >> Success: True              run_libero_eval.py:223
                 INFO     | >> # episodes completed so    run_libero_eval.py:223
                          far: 230                                              
                 INFO     | >> # successes: 224 (97.4%)   run_libero_eval.py:223


 60%|██████    | 30/50 [10:11<06:41, 20.07s/it][A                 INFO     | >>                            run_libero_eval.py:223
                          Task: pick up the black bowl in                       
                          the top drawer of the wooden                          
                          cabinet and place it on the                           
                          plate                                                 
                 INFO     | >> Starting episode 31...     run_libero_eval.py:223
05/18 [19:25:18] INFO     | >> Success: True              run_libero_eval.py:223
                 INFO     | >> # episodes completed so    run_libero_eval.py:223
                          far: 231                                              
                 INFO     | >> # successes: 225 (97.4%)   run_libero_eval.py:223


 62%|██████▏   | 31/50 [10:31<06:17, 19.87s/it][A                 INFO     | >>                            run_libero_eval.py:223
                          Task: pick up the black bowl in                       
                          the top drawer of the wooden                          
                          cabinet and place it on the                           
                          plate                                                 
                 INFO     | >> Starting episode 32...     run_libero_eval.py:223
05/18 [19:25:36] INFO     | >> Success: True              run_libero_eval.py:223
                 INFO     | >> # episodes completed so    run_libero_eval.py:223
                          far: 232                                              
                 INFO     | >> # successes: 226 (97.4%)   run_libero_eval.py:223


 64%|██████▍   | 32/50 [10:49<05:47, 19.33s/it][A                 INFO     | >>                            run_libero_eval.py:223
                          Task: pick up the black bowl in                       
                          the top drawer of the wooden                          
                          cabinet and place it on the                           
                          plate                                                 
                 INFO     | >> Starting episode 33...     run_libero_eval.py:223
05/18 [19:25:55] INFO     | >> Success: True              run_libero_eval.py:223
                 INFO     | >> # episodes completed so    run_libero_eval.py:223
                          far: 233                                              
                 INFO     | >> # successes: 227 (97.4%)   run_libero_eval.py:223


 66%|██████▌   | 33/50 [11:07<05:24, 19.06s/it][A                 INFO     | >>                            run_libero_eval.py:223
                          Task: pick up the black bowl in                       
                          the top drawer of the wooden                          
                          cabinet and place it on the                           
                          plate                                                 
                 INFO     | >> Starting episode 34...     run_libero_eval.py:223
05/18 [19:26:12] INFO     | >> Success: True              run_libero_eval.py:223
                 INFO     | >> # episodes completed so    run_libero_eval.py:223
                          far: 234                                              
                 INFO     | >> # successes: 228 (97.4%)   run_libero_eval.py:223


 68%|██████▊   | 34/50 [11:25<04:58, 18.65s/it][A                 INFO     | >>                            run_libero_eval.py:223
                          Task: pick up the black bowl in                       
                          the top drawer of the wooden                          
                          cabinet and place it on the                           
                          plate                                                 
                 INFO     | >> Starting episode 35...     run_libero_eval.py:223
05/18 [19:26:33] INFO     | >> Success: True              run_libero_eval.py:223
                 INFO     | >> # episodes completed so    run_libero_eval.py:223
                          far: 235                                              
                 INFO     | >> # successes: 229 (97.4%)   run_libero_eval.py:223


 70%|███████   | 35/50 [11:45<04:47, 19.16s/it][A                 INFO     | >>                            run_libero_eval.py:223
                          Task: pick up the black bowl in                       
                          the top drawer of the wooden                          
                          cabinet and place it on the                           
                          plate                                                 
                 INFO     | >> Starting episode 36...     run_libero_eval.py:223
05/18 [19:26:52] INFO     | >> Success: True              run_libero_eval.py:223
                 INFO     | >> # episodes completed so    run_libero_eval.py:223
                          far: 236                                              
                 INFO     | >> # successes: 230 (97.5%)   run_libero_eval.py:223


 72%|███████▏  | 36/50 [12:04<04:28, 19.16s/it][A                 INFO     | >>                            run_libero_eval.py:223
                          Task: pick up the black bowl in                       
                          the top drawer of the wooden                          
                          cabinet and place it on the                           
                          plate                                                 
                 INFO     | >> Starting episode 37...     run_libero_eval.py:223
05/18 [19:27:11] INFO     | >> Success: True              run_libero_eval.py:223
                 INFO     | >> # episodes completed so    run_libero_eval.py:223
                          far: 237                                              
                 INFO     | >> # successes: 231 (97.5%)   run_libero_eval.py:223


 74%|███████▍  | 37/50 [12:23<04:07, 19.07s/it][A                 INFO     | >>                            run_libero_eval.py:223
                          Task: pick up the black bowl in                       
                          the top drawer of the wooden                          
                          cabinet and place it on the                           
                          plate                                                 
                 INFO     | >> Starting episode 38...     run_libero_eval.py:223
05/18 [19:27:30] INFO     | >> Success: True              run_libero_eval.py:223
                 INFO     | >> # episodes completed so    run_libero_eval.py:223
                          far: 238                                              
                 INFO     | >> # successes: 232 (97.5%)   run_libero_eval.py:223


 76%|███████▌  | 38/50 [12:42<03:49, 19.13s/it][A                 INFO     | >>                            run_libero_eval.py:223
                          Task: pick up the black bowl in                       
                          the top drawer of the wooden                          
                          cabinet and place it on the                           
                          plate                                                 
                 INFO     | >> Starting episode 39...     run_libero_eval.py:223
05/18 [19:28:00] INFO     | >> Success: False             run_libero_eval.py:223
                 INFO     | >> # episodes completed so    run_libero_eval.py:223
                          far: 239                                              
                 INFO     | >> # successes: 232 (97.1%)   run_libero_eval.py:223


 78%|███████▊  | 39/50 [13:12<04:05, 22.29s/it][A                 INFO     | >>                            run_libero_eval.py:223
                          Task: pick up the black bowl in                       
                          the top drawer of the wooden                          
                          cabinet and place it on the                           
                          plate                                                 
                 INFO     | >> Starting episode 40...     run_libero_eval.py:223
05/18 [19:28:19] INFO     | >> Success: True              run_libero_eval.py:223
                 INFO     | >> # episodes completed so    run_libero_eval.py:223
                          far: 240                                              
                 INFO     | >> # successes: 233 (97.1%)   run_libero_eval.py:223


 80%|████████  | 40/50 [13:31<03:33, 21.30s/it][A                 INFO     | >>                            run_libero_eval.py:223
                          Task: pick up the black bowl in                       
                          the top drawer of the wooden                          
                          cabinet and place it on the                           
                          plate                                                 
                 INFO     | >> Starting episode 41...     run_libero_eval.py:223
05/18 [19:28:37] INFO     | >> Success: True              run_libero_eval.py:223
                 INFO     | >> # episodes completed so    run_libero_eval.py:223
                          far: 241                                              
                 INFO     | >> # successes: 234 (97.1%)   run_libero_eval.py:223


 82%|████████▏ | 41/50 [13:49<03:03, 20.42s/it][A                 INFO     | >>                            run_libero_eval.py:223
                          Task: pick up the black bowl in                       
                          the top drawer of the wooden                          
                          cabinet and place it on the                           
                          plate                                                 
                 INFO     | >> Starting episode 42...     run_libero_eval.py:223
05/18 [19:28:59] INFO     | >> Success: True              run_libero_eval.py:223
                 INFO     | >> # episodes completed so    run_libero_eval.py:223
                          far: 242                                              
                 INFO     | >> # successes: 235 (97.1%)   run_libero_eval.py:223


 84%|████████▍ | 42/50 [14:11<02:46, 20.81s/it][A                 INFO     | >>                            run_libero_eval.py:223
                          Task: pick up the black bowl in                       
                          the top drawer of the wooden                          
                          cabinet and place it on the                           
                          plate                                                 
                 INFO     | >> Starting episode 43...     run_libero_eval.py:223
05/18 [19:29:17] INFO     | >> Success: True              run_libero_eval.py:223
                 INFO     | >> # episodes completed so    run_libero_eval.py:223
                          far: 243                                              
                 INFO     | >> # successes: 236 (97.1%)   run_libero_eval.py:223


 86%|████████▌ | 43/50 [14:29<02:19, 19.97s/it][A                 INFO     | >>                            run_libero_eval.py:223
                          Task: pick up the black bowl in                       
                          the top drawer of the wooden                          
                          cabinet and place it on the                           
                          plate                                                 
                 INFO     | >> Starting episode 44...     run_libero_eval.py:223
05/18 [19:29:35] INFO     | >> Success: True              run_libero_eval.py:223
                 INFO     | >> # episodes completed so    run_libero_eval.py:223
                          far: 244                                              
                 INFO     | >> # successes: 237 (97.1%)   run_libero_eval.py:223


 88%|████████▊ | 44/50 [14:47<01:56, 19.36s/it][A                 INFO     | >>                            run_libero_eval.py:223
                          Task: pick up the black bowl in                       
                          the top drawer of the wooden                          
                          cabinet and place it on the                           
                          plate                                                 
                 INFO     | >> Starting episode 45...     run_libero_eval.py:223
05/18 [19:29:53] INFO     | >> Success: True              run_libero_eval.py:223
                 INFO     | >> # episodes completed so    run_libero_eval.py:223
                          far: 245                                              
                 INFO     | >> # successes: 238 (97.1%)   run_libero_eval.py:223


 90%|█████████ | 45/50 [15:05<01:34, 18.90s/it][A                 INFO     | >>                            run_libero_eval.py:223
                          Task: pick up the black bowl in                       
                          the top drawer of the wooden                          
                          cabinet and place it on the                           
                          plate                                                 
                 INFO     | >> Starting episode 46...     run_libero_eval.py:223
05/18 [19:30:10] INFO     | >> Success: True              run_libero_eval.py:223
                 INFO     | >> # episodes completed so    run_libero_eval.py:223
                          far: 246                                              
                 INFO     | >> # successes: 239 (97.2%)   run_libero_eval.py:223


 92%|█████████▏| 46/50 [15:23<01:14, 18.57s/it][A                 INFO     | >>                            run_libero_eval.py:223
                          Task: pick up the black bowl in                       
                          the top drawer of the wooden                          
                          cabinet and place it on the                           
                          plate                                                 
                 INFO     | >> Starting episode 47...     run_libero_eval.py:223
05/18 [19:30:28] INFO     | >> Success: True              run_libero_eval.py:223
                 INFO     | >> # episodes completed so    run_libero_eval.py:223
                          far: 247                                              
                 INFO     | >> # successes: 240 (97.2%)   run_libero_eval.py:223


 94%|█████████▍| 47/50 [15:41<00:55, 18.40s/it][A                 INFO     | >>                            run_libero_eval.py:223
                          Task: pick up the black bowl in                       
                          the top drawer of the wooden                          
                          cabinet and place it on the                           
                          plate                                                 
                 INFO     | >> Starting episode 48...     run_libero_eval.py:223
05/18 [19:30:59] INFO     | >> Success: False             run_libero_eval.py:223
                 INFO     | >> # episodes completed so    run_libero_eval.py:223
                          far: 248                                              
                 INFO     | >> # successes: 240 (96.8%)   run_libero_eval.py:223


 96%|█████████▌| 48/50 [16:11<00:43, 21.98s/it][A                 INFO     | >>                            run_libero_eval.py:223
                          Task: pick up the black bowl in                       
                          the top drawer of the wooden                          
                          cabinet and place it on the                           
                          plate                                                 
                 INFO     | >> Starting episode 49...     run_libero_eval.py:223
05/18 [19:31:18] INFO     | >> Success: True              run_libero_eval.py:223
                 INFO     | >> # episodes completed so    run_libero_eval.py:223
                          far: 249                                              
                 INFO     | >> # successes: 241 (96.8%)   run_libero_eval.py:223


 98%|█████████▊| 49/50 [16:30<00:21, 21.08s/it][A                 INFO     | >>                            run_libero_eval.py:223
                          Task: pick up the black bowl in                       
                          the top drawer of the wooden                          
                          cabinet and place it on the                           
                          plate                                                 
                 INFO     | >> Starting episode 50...     run_libero_eval.py:223
05/18 [19:31:36] INFO     | >> Success: True              run_libero_eval.py:223
                 INFO     | >> # episodes completed so    run_libero_eval.py:223
                          far: 250                                              
                 INFO     | >> # successes: 242 (96.8%)   run_libero_eval.py:223


100%|██████████| 50/50 [16:48<00:00, 20.17s/it][A
100%|██████████| 50/50 [16:48<00:00, 20.17s/it]
                 INFO     | >> Current task success rate: run_libero_eval.py:223
                          0.9                                                   
                 INFO     | >> Current total success      run_libero_eval.py:223
                          rate: 0.968                                           

 50%|█████     | 5/10 [1:05:17<1:09:05, 829.12s/it][Warning]: datasets path <home_path>/code/publish-ddpvla/LIBERO/datasets does not exist!
                 INFO     | >> Using default initial      run_libero_eval.py:223
                          states                                                
[Warning]: datasets path <home_path>/code/publish-ddpvla/LIBERO/datasets does not exist!


  0%|          | 0/50 [00:00<?, ?it/s][A05/18 [19:31:37] INFO     | >>                            run_libero_eval.py:223
                          Task: pick up the black bowl on                       
                          the ramekin and place it on the                       
                          plate                                                 
                 INFO     | >> Starting episode 1...      run_libero_eval.py:223
05/18 [19:31:52] INFO     | >> Success: True              run_libero_eval.py:223
                 INFO     | >> # episodes completed so    run_libero_eval.py:223
                          far: 251                                              
                 INFO     | >> # successes: 243 (96.8%)   run_libero_eval.py:223


  2%|▏         | 1/50 [00:15<12:22, 15.16s/it][A                 INFO     | >>                            run_libero_eval.py:223
                          Task: pick up the black bowl on                       
                          the ramekin and place it on the                       
                          plate                                                 
                 INFO     | >> Starting episode 2...      run_libero_eval.py:223
05/18 [19:32:07] INFO     | >> Success: True              run_libero_eval.py:223
                 INFO     | >> # episodes completed so    run_libero_eval.py:223
                          far: 252                                              
                 INFO     | >> # successes: 244 (96.8%)   run_libero_eval.py:223


  4%|▍         | 2/50 [00:30<12:10, 15.22s/it][A                 INFO     | >>                            run_libero_eval.py:223
                          Task: pick up the black bowl on                       
                          the ramekin and place it on the                       
                          plate                                                 
                 INFO     | >> Starting episode 3...      run_libero_eval.py:223
05/18 [19:32:21] INFO     | >> Success: True              run_libero_eval.py:223
                 INFO     | >> # episodes completed so    run_libero_eval.py:223
                          far: 253                                              
                 INFO     | >> # successes: 245 (96.8%)   run_libero_eval.py:223


  6%|▌         | 3/50 [00:44<11:30, 14.69s/it][A                 INFO     | >>                            run_libero_eval.py:223
                          Task: pick up the black bowl on                       
                          the ramekin and place it on the                       
                          plate                                                 
                 INFO     | >> Starting episode 4...      run_libero_eval.py:223
05/18 [19:32:35] INFO     | >> Success: True              run_libero_eval.py:223
                 INFO     | >> # episodes completed so    run_libero_eval.py:223
                          far: 254                                              
                 INFO     | >> # successes: 246 (96.9%)   run_libero_eval.py:223


  8%|▊         | 4/50 [00:57<10:54, 14.23s/it][A                 INFO     | >>                            run_libero_eval.py:223
                          Task: pick up the black bowl on                       
                          the ramekin and place it on the                       
                          plate                                                 
                 INFO     | >> Starting episode 5...      run_libero_eval.py:223
05/18 [19:32:50] INFO     | >> Success: True              run_libero_eval.py:223
                 INFO     | >> # episodes completed so    run_libero_eval.py:223
                          far: 255                                              
                 INFO     | >> # successes: 247 (96.9%)   run_libero_eval.py:223


 10%|█         | 5/50 [01:13<10:54, 14.55s/it][A                 INFO     | >>                            run_libero_eval.py:223
                          Task: pick up the black bowl on                       
                          the ramekin and place it on the                       
                          plate                                                 
                 INFO     | >> Starting episode 6...      run_libero_eval.py:223
05/18 [19:33:04] INFO     | >> Success: True              run_libero_eval.py:223
                 INFO     | >> # episodes completed so    run_libero_eval.py:223
                          far: 256                                              
                 INFO     | >> # successes: 248 (96.9%)   run_libero_eval.py:223


 12%|█▏        | 6/50 [01:27<10:31, 14.36s/it][A                 INFO     | >>                            run_libero_eval.py:223
                          Task: pick up the black bowl on                       
                          the ramekin and place it on the                       
                          plate                                                 
                 INFO     | >> Starting episode 7...      run_libero_eval.py:223
05/18 [19:33:18] INFO     | >> Success: True              run_libero_eval.py:223
                 INFO     | >> # episodes completed so    run_libero_eval.py:223
                          far: 257                                              
                 INFO     | >> # successes: 249 (96.9%)   run_libero_eval.py:223


 14%|█▍        | 7/50 [01:40<10:08, 14.16s/it][A                 INFO     | >>                            run_libero_eval.py:223
                          Task: pick up the black bowl on                       
                          the ramekin and place it on the                       
                          plate                                                 
                 INFO     | >> Starting episode 8...      run_libero_eval.py:223
05/18 [19:33:33] INFO     | >> Success: True              run_libero_eval.py:223
                 INFO     | >> # episodes completed so    run_libero_eval.py:223
                          far: 258                                              
                 INFO     | >> # successes: 250 (96.9%)   run_libero_eval.py:223


 16%|█▌        | 8/50 [01:55<10:01, 14.33s/it][A                 INFO     | >>                            run_libero_eval.py:223
                          Task: pick up the black bowl on                       
                          the ramekin and place it on the                       
                          plate                                                 
                 INFO     | >> Starting episode 9...      run_libero_eval.py:223
05/18 [19:33:47] INFO     | >> Success: True              run_libero_eval.py:223
                 INFO     | >> # episodes completed so    run_libero_eval.py:223
                          far: 259                                              
                 INFO     | >> # successes: 251 (96.9%)   run_libero_eval.py:223


 18%|█▊        | 9/50 [02:09<09:44, 14.25s/it][A                 INFO     | >>                            run_libero_eval.py:223
                          Task: pick up the black bowl on                       
                          the ramekin and place it on the                       
                          plate                                                 
                 INFO     | >> Starting episode 10...     run_libero_eval.py:223
05/18 [19:34:02] INFO     | >> Success: True              run_libero_eval.py:223
                 INFO     | >> # episodes completed so    run_libero_eval.py:223
                          far: 260                                              
                 INFO     | >> # successes: 252 (96.9%)   run_libero_eval.py:223


 20%|██        | 10/50 [02:25<09:43, 14.60s/it][A                 INFO     | >>                            run_libero_eval.py:223
                          Task: pick up the black bowl on                       
                          the ramekin and place it on the                       
                          plate                                                 
                 INFO     | >> Starting episode 11...     run_libero_eval.py:223
05/18 [19:34:16] INFO     | >> Success: True              run_libero_eval.py:223
                 INFO     | >> # episodes completed so    run_libero_eval.py:223
                          far: 261                                              
                 INFO     | >> # successes: 253 (96.9%)   run_libero_eval.py:223


 22%|██▏       | 11/50 [02:38<09:18, 14.33s/it][A                 INFO     | >>                            run_libero_eval.py:223
                          Task: pick up the black bowl on                       
                          the ramekin and place it on the                       
                          plate                                                 
                 INFO     | >> Starting episode 12...     run_libero_eval.py:223
05/18 [19:34:29] INFO     | >> Success: True              run_libero_eval.py:223
                 INFO     | >> # episodes completed so    run_libero_eval.py:223
                          far: 262                                              
                 INFO     | >> # successes: 254 (96.9%)   run_libero_eval.py:223


 24%|██▍       | 12/50 [02:52<08:54, 14.05s/it][A                 INFO     | >>                            run_libero_eval.py:223
                          Task: pick up the black bowl on                       
                          the ramekin and place it on the                       
                          plate                                                 
                 INFO     | >> Starting episode 13...     run_libero_eval.py:223
05/18 [19:34:43] INFO     | >> Success: True              run_libero_eval.py:223
                 INFO     | >> # episodes completed so    run_libero_eval.py:223
                          far: 263                                              
                 INFO     | >> # successes: 255 (97.0%)   run_libero_eval.py:223


 26%|██▌       | 13/50 [03:06<08:39, 14.05s/it][A                 INFO     | >>                            run_libero_eval.py:223
                          Task: pick up the black bowl on                       
                          the ramekin and place it on the                       
                          plate                                                 
                 INFO     | >> Starting episode 14...     run_libero_eval.py:223
05/18 [19:34:58] INFO     | >> Success: True              run_libero_eval.py:223
                 INFO     | >> # episodes completed so    run_libero_eval.py:223
                          far: 264                                              
                 INFO     | >> # successes: 256 (97.0%)   run_libero_eval.py:223


 28%|██▊       | 14/50 [03:20<08:28, 14.14s/it][A                 INFO     | >>                            run_libero_eval.py:223
                          Task: pick up the black bowl on                       
                          the ramekin and place it on the                       
                          plate                                                 
                 INFO     | >> Starting episode 15...     run_libero_eval.py:223
05/18 [19:35:12] INFO     | >> Success: True              run_libero_eval.py:223
                 INFO     | >> # episodes completed so    run_libero_eval.py:223
                          far: 265                                              
                 INFO     | >> # successes: 257 (97.0%)   run_libero_eval.py:223


 30%|███       | 15/50 [03:34<08:13, 14.11s/it][A                 INFO     | >>                            run_libero_eval.py:223
                          Task: pick up the black bowl on                       
                          the ramekin and place it on the                       
                          plate                                                 
                 INFO     | >> Starting episode 16...     run_libero_eval.py:223
05/18 [19:35:26] INFO     | >> Success: True              run_libero_eval.py:223
                 INFO     | >> # episodes completed so    run_libero_eval.py:223
                          far: 266                                              
                 INFO     | >> # successes: 258 (97.0%)   run_libero_eval.py:223


 32%|███▏      | 16/50 [03:49<08:03, 14.22s/it][A                 INFO     | >>                            run_libero_eval.py:223
                          Task: pick up the black bowl on                       
                          the ramekin and place it on the                       
                          plate                                                 
                 INFO     | >> Starting episode 17...     run_libero_eval.py:223
05/18 [19:35:41] INFO     | >> Success: True              run_libero_eval.py:223
                 INFO     | >> # episodes completed so    run_libero_eval.py:223
                          far: 267                                              
                 INFO     | >> # successes: 259 (97.0%)   run_libero_eval.py:223


 34%|███▍      | 17/50 [04:03<07:52, 14.33s/it][A                 INFO     | >>                            run_libero_eval.py:223
                          Task: pick up the black bowl on                       
                          the ramekin and place it on the                       
                          plate                                                 
                 INFO     | >> Starting episode 18...     run_libero_eval.py:223
05/18 [19:35:55] INFO     | >> Success: True              run_libero_eval.py:223
                 INFO     | >> # episodes completed so    run_libero_eval.py:223
                          far: 268                                              
                 INFO     | >> # successes: 260 (97.0%)   run_libero_eval.py:223


 36%|███▌      | 18/50 [04:17<07:36, 14.25s/it][A                 INFO     | >>                            run_libero_eval.py:223
                          Task: pick up the black bowl on                       
                          the ramekin and place it on the                       
                          plate                                                 
                 INFO     | >> Starting episode 19...     run_libero_eval.py:223
05/18 [19:36:09] INFO     | >> Success: True              run_libero_eval.py:223
                 INFO     | >> # episodes completed so    run_libero_eval.py:223
                          far: 269                                              
                 INFO     | >> # successes: 261 (97.0%)   run_libero_eval.py:223


 38%|███▊      | 19/50 [04:31<07:18, 14.14s/it][A                 INFO     | >>                            run_libero_eval.py:223
                          Task: pick up the black bowl on                       
                          the ramekin and place it on the                       
                          plate                                                 
                 INFO     | >> Starting episode 20...     run_libero_eval.py:223
05/18 [19:36:24] INFO     | >> Success: True              run_libero_eval.py:223
                 INFO     | >> # episodes completed so    run_libero_eval.py:223
                          far: 270                                              
                 INFO     | >> # successes: 262 (97.0%)   run_libero_eval.py:223


 40%|████      | 20/50 [04:47<07:19, 14.65s/it][A                 INFO     | >>                            run_libero_eval.py:223
                          Task: pick up the black bowl on                       
                          the ramekin and place it on the                       
                          plate                                                 
                 INFO     | >> Starting episode 21...     run_libero_eval.py:223
05/18 [19:36:39] INFO     | >> Success: True              run_libero_eval.py:223
                 INFO     | >> # episodes completed so    run_libero_eval.py:223
                          far: 271                                              
                 INFO     | >> # successes: 263 (97.0%)   run_libero_eval.py:223


 42%|████▏     | 21/50 [05:01<07:01, 14.54s/it][A                 INFO     | >>                            run_libero_eval.py:223
                          Task: pick up the black bowl on                       
                          the ramekin and place it on the                       
                          plate                                                 
                 INFO     | >> Starting episode 22...     run_libero_eval.py:223
05/18 [19:36:52] INFO     | >> Success: True              run_libero_eval.py:223
                 INFO     | >> # episodes completed so    run_libero_eval.py:223
                          far: 272                                              
                 INFO     | >> # successes: 264 (97.1%)   run_libero_eval.py:223


 44%|████▍     | 22/50 [05:15<06:40, 14.30s/it][A                 INFO     | >>                            run_libero_eval.py:223
                          Task: pick up the black bowl on                       
                          the ramekin and place it on the                       
                          plate                                                 
                 INFO     | >> Starting episode 23...     run_libero_eval.py:223
05/18 [19:37:08] INFO     | >> Success: True              run_libero_eval.py:223
                 INFO     | >> # episodes completed so    run_libero_eval.py:223
                          far: 273                                              
                 INFO     | >> # successes: 265 (97.1%)   run_libero_eval.py:223


 46%|████▌     | 23/50 [05:31<06:38, 14.76s/it][A                 INFO     | >>                            run_libero_eval.py:223
                          Task: pick up the black bowl on                       
                          the ramekin and place it on the                       
                          plate                                                 
                 INFO     | >> Starting episode 24...     run_libero_eval.py:223
05/18 [19:37:24] INFO     | >> Success: True              run_libero_eval.py:223
                 INFO     | >> # episodes completed so    run_libero_eval.py:223
                          far: 274                                              
                 INFO     | >> # successes: 266 (97.1%)   run_libero_eval.py:223


 48%|████▊     | 24/50 [05:46<06:27, 14.91s/it][A                 INFO     | >>                            run_libero_eval.py:223
                          Task: pick up the black bowl on                       
                          the ramekin and place it on the                       
                          plate                                                 
                 INFO     | >> Starting episode 25...     run_libero_eval.py:223
05/18 [19:37:39] INFO     | >> Success: True              run_libero_eval.py:223
                 INFO     | >> # episodes completed so    run_libero_eval.py:223
                          far: 275                                              
                 INFO     | >> # successes: 267 (97.1%)   run_libero_eval.py:223


 50%|█████     | 25/50 [06:02<06:19, 15.16s/it][A                 INFO     | >>                            run_libero_eval.py:223
                          Task: pick up the black bowl on                       
                          the ramekin and place it on the                       
                          plate                                                 
                 INFO     | >> Starting episode 26...     run_libero_eval.py:223
05/18 [19:37:55] INFO     | >> Success: True              run_libero_eval.py:223
                 INFO     | >> # episodes completed so    run_libero_eval.py:223
                          far: 276                                              
                 INFO     | >> # successes: 268 (97.1%)   run_libero_eval.py:223


 52%|█████▏    | 26/50 [06:18<06:10, 15.43s/it][A                 INFO     | >>                            run_libero_eval.py:223
                          Task: pick up the black bowl on                       
                          the ramekin and place it on the                       
                          plate                                                 
                 INFO     | >> Starting episode 27...     run_libero_eval.py:223
05/18 [19:38:10] INFO     | >> Success: True              run_libero_eval.py:223
                 INFO     | >> # episodes completed so    run_libero_eval.py:223
                          far: 277                                              
                 INFO     | >> # successes: 269 (97.1%)   run_libero_eval.py:223


 54%|█████▍    | 27/50 [06:32<05:47, 15.13s/it][A                 INFO     | >>                            run_libero_eval.py:223
                          Task: pick up the black bowl on                       
                          the ramekin and place it on the                       
                          plate                                                 
                 INFO     | >> Starting episode 28...     run_libero_eval.py:223
05/18 [19:38:24] INFO     | >> Success: True              run_libero_eval.py:223
                 INFO     | >> # episodes completed so    run_libero_eval.py:223
                          far: 278                                              
                 INFO     | >> # successes: 270 (97.1%)   run_libero_eval.py:223


 56%|█████▌    | 28/50 [06:47<05:27, 14.90s/it][A                 INFO     | >>                            run_libero_eval.py:223
                          Task: pick up the black bowl on                       
                          the ramekin and place it on the                       
                          plate                                                 
                 INFO     | >> Starting episode 29...     run_libero_eval.py:223
05/18 [19:38:39] INFO     | >> Success: True              run_libero_eval.py:223
                 INFO     | >> # episodes completed so    run_libero_eval.py:223
                          far: 279                                              
                 INFO     | >> # successes: 271 (97.1%)   run_libero_eval.py:223


 58%|█████▊    | 29/50 [07:01<05:11, 14.82s/it][A                 INFO     | >>                            run_libero_eval.py:223
                          Task: pick up the black bowl on                       
                          the ramekin and place it on the                       
                          plate                                                 
                 INFO     | >> Starting episode 30...     run_libero_eval.py:223
05/18 [19:38:52] INFO     | >> Success: True              run_libero_eval.py:223
                 INFO     | >> # episodes completed so    run_libero_eval.py:223
                          far: 280                                              
                 INFO     | >> # successes: 272 (97.1%)   run_libero_eval.py:223


 60%|██████    | 30/50 [07:15<04:48, 14.45s/it][A                 INFO     | >>                            run_libero_eval.py:223
                          Task: pick up the black bowl on                       
                          the ramekin and place it on the                       
                          plate                                                 
                 INFO     | >> Starting episode 31...     run_libero_eval.py:223
05/18 [19:39:08] INFO     | >> Success: True              run_libero_eval.py:223
                 INFO     | >> # episodes completed so    run_libero_eval.py:223
                          far: 281                                              
                 INFO     | >> # successes: 273 (97.2%)   run_libero_eval.py:223


 62%|██████▏   | 31/50 [07:30<04:39, 14.72s/it][A                 INFO     | >>                            run_libero_eval.py:223
                          Task: pick up the black bowl on                       
                          the ramekin and place it on the                       
                          plate                                                 
                 INFO     | >> Starting episode 32...     run_libero_eval.py:223
05/18 [19:39:22] INFO     | >> Success: True              run_libero_eval.py:223
                 INFO     | >> # episodes completed so    run_libero_eval.py:223
                          far: 282                                              
                 INFO     | >> # successes: 274 (97.2%)   run_libero_eval.py:223


 64%|██████▍   | 32/50 [07:45<04:24, 14.72s/it][A                 INFO     | >>                            run_libero_eval.py:223
                          Task: pick up the black bowl on                       
                          the ramekin and place it on the                       
                          plate                                                 
                 INFO     | >> Starting episode 33...     run_libero_eval.py:223
05/18 [19:39:35] INFO     | >> Success: True              run_libero_eval.py:223
                 INFO     | >> # episodes completed so    run_libero_eval.py:223
                          far: 283                                              
                 INFO     | >> # successes: 275 (97.2%)   run_libero_eval.py:223


 66%|██████▌   | 33/50 [07:58<04:01, 14.22s/it][A                 INFO     | >>                            run_libero_eval.py:223
                          Task: pick up the black bowl on                       
                          the ramekin and place it on the                       
                          plate                                                 
                 INFO     | >> Starting episode 34...     run_libero_eval.py:223
05/18 [19:39:51] INFO     | >> Success: True              run_libero_eval.py:223
                 INFO     | >> # episodes completed so    run_libero_eval.py:223
                          far: 284                                              
                 INFO     | >> # successes: 276 (97.2%)   run_libero_eval.py:223


 68%|██████▊   | 34/50 [08:13<03:51, 14.50s/it][A                 INFO     | >>                            run_libero_eval.py:223
                          Task: pick up the black bowl on                       
                          the ramekin and place it on the                       
                          plate                                                 
                 INFO     | >> Starting episode 35...     run_libero_eval.py:223
05/18 [19:40:05] INFO     | >> Success: True              run_libero_eval.py:223
                 INFO     | >> # episodes completed so    run_libero_eval.py:223
                          far: 285                                              
                 INFO     | >> # successes: 277 (97.2%)   run_libero_eval.py:223


 70%|███████   | 35/50 [08:27<03:34, 14.32s/it][A                 INFO     | >>                            run_libero_eval.py:223
                          Task: pick up the black bowl on                       
                          the ramekin and place it on the                       
                          plate                                                 
                 INFO     | >> Starting episode 36...     run_libero_eval.py:223
05/18 [19:40:20] INFO     | >> Success: True              run_libero_eval.py:223
                 INFO     | >> # episodes completed so    run_libero_eval.py:223
                          far: 286                                              
                 INFO     | >> # successes: 278 (97.2%)   run_libero_eval.py:223


 72%|███████▏  | 36/50 [08:42<03:23, 14.55s/it][A                 INFO     | >>                            run_libero_eval.py:223
                          Task: pick up the black bowl on                       
                          the ramekin and place it on the                       
                          plate                                                 
                 INFO     | >> Starting episode 37...     run_libero_eval.py:223
05/18 [19:40:34] INFO     | >> Success: True              run_libero_eval.py:223
                 INFO     | >> # episodes completed so    run_libero_eval.py:223
                          far: 287                                              
                 INFO     | >> # successes: 279 (97.2%)   run_libero_eval.py:223


 74%|███████▍  | 37/50 [08:56<03:08, 14.48s/it][A                 INFO     | >>                            run_libero_eval.py:223
                          Task: pick up the black bowl on                       
                          the ramekin and place it on the                       
                          plate                                                 
                 INFO     | >> Starting episode 38...     run_libero_eval.py:223
05/18 [19:40:48] INFO     | >> Success: True              run_libero_eval.py:223
                 INFO     | >> # episodes completed so    run_libero_eval.py:223
                          far: 288                                              
                 INFO     | >> # successes: 280 (97.2%)   run_libero_eval.py:223


 76%|███████▌  | 38/50 [09:11<02:53, 14.46s/it][A                 INFO     | >>                            run_libero_eval.py:223
                          Task: pick up the black bowl on                       
                          the ramekin and place it on the                       
                          plate                                                 
                 INFO     | >> Starting episode 39...     run_libero_eval.py:223
05/18 [19:41:03] INFO     | >> Success: True              run_libero_eval.py:223
                 INFO     | >> # episodes completed so    run_libero_eval.py:223
                          far: 289                                              
                 INFO     | >> # successes: 281 (97.2%)   run_libero_eval.py:223


 78%|███████▊  | 39/50 [09:26<02:39, 14.55s/it][A                 INFO     | >>                            run_libero_eval.py:223
                          Task: pick up the black bowl on                       
                          the ramekin and place it on the                       
                          plate                                                 
                 INFO     | >> Starting episode 40...     run_libero_eval.py:223
05/18 [19:41:18] INFO     | >> Success: True              run_libero_eval.py:223
                 INFO     | >> # episodes completed so    run_libero_eval.py:223
                          far: 290                                              
                 INFO     | >> # successes: 282 (97.2%)   run_libero_eval.py:223


 80%|████████  | 40/50 [09:41<02:27, 14.79s/it][A                 INFO     | >>                            run_libero_eval.py:223
                          Task: pick up the black bowl on                       
                          the ramekin and place it on the                       
                          plate                                                 
                 INFO     | >> Starting episode 41...     run_libero_eval.py:223
05/18 [19:41:34] INFO     | >> Success: True              run_libero_eval.py:223
                 INFO     | >> # episodes completed so    run_libero_eval.py:223
                          far: 291                                              
                 INFO     | >> # successes: 283 (97.3%)   run_libero_eval.py:223


 82%|████████▏ | 41/50 [09:56<02:15, 15.01s/it][A                 INFO     | >>                            run_libero_eval.py:223
                          Task: pick up the black bowl on                       
                          the ramekin and place it on the                       
                          plate                                                 
                 INFO     | >> Starting episode 42...     run_libero_eval.py:223
05/18 [19:41:48] INFO     | >> Success: True              run_libero_eval.py:223
                 INFO     | >> # episodes completed so    run_libero_eval.py:223
                          far: 292                                              
                 INFO     | >> # successes: 284 (97.3%)   run_libero_eval.py:223


 84%|████████▍ | 42/50 [10:10<01:57, 14.64s/it][A                 INFO     | >>                            run_libero_eval.py:223
                          Task: pick up the black bowl on                       
                          the ramekin and place it on the                       
                          plate                                                 
                 INFO     | >> Starting episode 43...     run_libero_eval.py:223
05/18 [19:42:03] INFO     | >> Success: True              run_libero_eval.py:223
                 INFO     | >> # episodes completed so    run_libero_eval.py:223
                          far: 293                                              
                 INFO     | >> # successes: 285 (97.3%)   run_libero_eval.py:223


 86%|████████▌ | 43/50 [10:26<01:44, 14.91s/it][A                 INFO     | >>                            run_libero_eval.py:223
                          Task: pick up the black bowl on                       
                          the ramekin and place it on the                       
                          plate                                                 
                 INFO     | >> Starting episode 44...     run_libero_eval.py:223
05/18 [19:42:17] INFO     | >> Success: True              run_libero_eval.py:223
                 INFO     | >> # episodes completed so    run_libero_eval.py:223
                          far: 294                                              
                 INFO     | >> # successes: 286 (97.3%)   run_libero_eval.py:223


 88%|████████▊ | 44/50 [10:40<01:27, 14.63s/it][A                 INFO     | >>                            run_libero_eval.py:223
                          Task: pick up the black bowl on                       
                          the ramekin and place it on the                       
                          plate                                                 
                 INFO     | >> Starting episode 45...     run_libero_eval.py:223
05/18 [19:42:44] INFO     | >> Success: True              run_libero_eval.py:223
                 INFO     | >> # episodes completed so    run_libero_eval.py:223
                          far: 295                                              
                 INFO     | >> # successes: 287 (97.3%)   run_libero_eval.py:223


 90%|█████████ | 45/50 [11:07<01:32, 18.41s/it][A                 INFO     | >>                            run_libero_eval.py:223
                          Task: pick up the black bowl on                       
                          the ramekin and place it on the                       
                          plate                                                 
                 INFO     | >> Starting episode 46...     run_libero_eval.py:223
05/18 [19:43:00] INFO     | >> Success: True              run_libero_eval.py:223
                 INFO     | >> # episodes completed so    run_libero_eval.py:223
                          far: 296                                              
                 INFO     | >> # successes: 288 (97.3%)   run_libero_eval.py:223


 92%|█████████▏| 46/50 [11:22<01:09, 17.42s/it][A                 INFO     | >>                            run_libero_eval.py:223
                          Task: pick up the black bowl on                       
                          the ramekin and place it on the                       
                          plate                                                 
                 INFO     | >> Starting episode 47...     run_libero_eval.py:223
05/18 [19:43:13] INFO     | >> Success: True              run_libero_eval.py:223
                 INFO     | >> # episodes completed so    run_libero_eval.py:223
                          far: 297                                              
                 INFO     | >> # successes: 289 (97.3%)   run_libero_eval.py:223


 94%|█████████▍| 47/50 [11:35<00:48, 16.10s/it][A                 INFO     | >>                            run_libero_eval.py:223
                          Task: pick up the black bowl on                       
                          the ramekin and place it on the                       
                          plate                                                 
                 INFO     | >> Starting episode 48...     run_libero_eval.py:223
05/18 [19:43:26] INFO     | >> Success: True              run_libero_eval.py:223
                 INFO     | >> # episodes completed so    run_libero_eval.py:223
                          far: 298                                              
                 INFO     | >> # successes: 290 (97.3%)   run_libero_eval.py:223


 96%|█████████▌| 48/50 [11:49<00:30, 15.32s/it][A                 INFO     | >>                            run_libero_eval.py:223
                          Task: pick up the black bowl on                       
                          the ramekin and place it on the                       
                          plate                                                 
                 INFO     | >> Starting episode 49...     run_libero_eval.py:223
05/18 [19:43:40] INFO     | >> Success: True              run_libero_eval.py:223
                 INFO     | >> # episodes completed so    run_libero_eval.py:223
                          far: 299                                              
                 INFO     | >> # successes: 291 (97.3%)   run_libero_eval.py:223


 98%|█████████▊| 49/50 [12:03<00:14, 14.95s/it][A                 INFO     | >>                            run_libero_eval.py:223
                          Task: pick up the black bowl on                       
                          the ramekin and place it on the                       
                          plate                                                 
                 INFO     | >> Starting episode 50...     run_libero_eval.py:223
05/18 [19:43:55] INFO     | >> Success: True              run_libero_eval.py:223
                 INFO     | >> # episodes completed so    run_libero_eval.py:223
                          far: 300                                              
                 INFO     | >> # successes: 292 (97.3%)   run_libero_eval.py:223


100%|██████████| 50/50 [12:18<00:00, 14.94s/it][A
100%|██████████| 50/50 [12:18<00:00, 14.76s/it]
                 INFO     | >> Current task success rate: run_libero_eval.py:223
                          1.0                                                   
                 INFO     | >> Current total success      run_libero_eval.py:223
                          rate: 0.9733333333333334                              

 60%|██████    | 6/10 [1:17:37<53:14, 798.61s/it]  [Warning]: datasets path <home_path>/code/publish-ddpvla/LIBERO/datasets does not exist!
                 INFO     | >> Using default initial      run_libero_eval.py:223
                          states                                                
[Warning]: datasets path <home_path>/code/publish-ddpvla/LIBERO/datasets does not exist!


  0%|          | 0/50 [00:00<?, ?it/s][A05/18 [19:43:57] INFO     | >>                            run_libero_eval.py:223
                          Task: pick up the black bowl                          
                          next to the cookie box and                            
                          place it on the plate                                 
                 INFO     | >> Starting episode 1...      run_libero_eval.py:223
05/18 [19:44:13] INFO     | >> Success: True              run_libero_eval.py:223
                 INFO     | >> # episodes completed so    run_libero_eval.py:223
                          far: 301                                              
                 INFO     | >> # successes: 293 (97.3%)   run_libero_eval.py:223


  2%|▏         | 1/50 [00:15<12:50, 15.72s/it][A                 INFO     | >>                            run_libero_eval.py:223
                          Task: pick up the black bowl                          
                          next to the cookie box and                            
                          place it on the plate                                 
                 INFO     | >> Starting episode 2...      run_libero_eval.py:223
05/18 [19:44:29] INFO     | >> Success: True              run_libero_eval.py:223
                 INFO     | >> # episodes completed so    run_libero_eval.py:223
                          far: 302                                              
                 INFO     | >> # successes: 294 (97.4%)   run_libero_eval.py:223


  4%|▍         | 2/50 [00:31<12:45, 15.94s/it][A                 INFO     | >>                            run_libero_eval.py:223
                          Task: pick up the black bowl                          
                          next to the cookie box and                            
                          place it on the plate                                 
                 INFO     | >> Starting episode 3...      run_libero_eval.py:223
05/18 [19:44:44] INFO     | >> Success: True              run_libero_eval.py:223
                 INFO     | >> # episodes completed so    run_libero_eval.py:223
                          far: 303                                              
                 INFO     | >> # successes: 295 (97.4%)   run_libero_eval.py:223


  6%|▌         | 3/50 [00:46<12:07, 15.48s/it][A                 INFO     | >>                            run_libero_eval.py:223
                          Task: pick up the black bowl                          
                          next to the cookie box and                            
                          place it on the plate                                 
                 INFO     | >> Starting episode 4...      run_libero_eval.py:223
05/18 [19:44:59] INFO     | >> Success: True              run_libero_eval.py:223
                 INFO     | >> # episodes completed so    run_libero_eval.py:223
                          far: 304                                              
                 INFO     | >> # successes: 296 (97.4%)   run_libero_eval.py:223


  8%|▊         | 4/50 [01:02<11:50, 15.46s/it][A                 INFO     | >>                            run_libero_eval.py:223
                          Task: pick up the black bowl                          
                          next to the cookie box and                            
                          place it on the plate                                 
                 INFO     | >> Starting episode 5...      run_libero_eval.py:223
05/18 [19:45:14] INFO     | >> Success: True              run_libero_eval.py:223
                 INFO     | >> # episodes completed so    run_libero_eval.py:223
                          far: 305                                              
                 INFO     | >> # successes: 297 (97.4%)   run_libero_eval.py:223


 10%|█         | 5/50 [01:16<11:23, 15.18s/it][A                 INFO     | >>                            run_libero_eval.py:223
                          Task: pick up the black bowl                          
                          next to the cookie box and                            
                          place it on the plate                                 
                 INFO     | >> Starting episode 6...      run_libero_eval.py:223
05/18 [19:45:32] INFO     | >> Success: True              run_libero_eval.py:223
                 INFO     | >> # episodes completed so    run_libero_eval.py:223
                          far: 306                                              
                 INFO     | >> # successes: 298 (97.4%)   run_libero_eval.py:223


 12%|█▏        | 6/50 [01:34<11:47, 16.07s/it][A                 INFO     | >>                            run_libero_eval.py:223
                          Task: pick up the black bowl                          
                          next to the cookie box and                            
                          place it on the plate                                 
                 INFO     | >> Starting episode 7...      run_libero_eval.py:223
05/18 [19:45:48] INFO     | >> Success: True              run_libero_eval.py:223
                 INFO     | >> # episodes completed so    run_libero_eval.py:223
                          far: 307                                              
                 INFO     | >> # successes: 299 (97.4%)   run_libero_eval.py:223


 14%|█▍        | 7/50 [01:50<11:28, 16.01s/it][A                 INFO     | >>                            run_libero_eval.py:223
                          Task: pick up the black bowl                          
                          next to the cookie box and                            
                          place it on the plate                                 
                 INFO     | >> Starting episode 8...      run_libero_eval.py:223
05/18 [19:46:04] INFO     | >> Success: True              run_libero_eval.py:223
                 INFO     | >> # episodes completed so    run_libero_eval.py:223
                          far: 308                                              
                 INFO     | >> # successes: 300 (97.4%)   run_libero_eval.py:223


 16%|█▌        | 8/50 [02:06<11:11, 15.98s/it][A                 INFO     | >>                            run_libero_eval.py:223
                          Task: pick up the black bowl                          
                          next to the cookie box and                            
                          place it on the plate                                 
                 INFO     | >> Starting episode 9...      run_libero_eval.py:223
05/18 [19:46:21] INFO     | >> Success: True              run_libero_eval.py:223
                 INFO     | >> # episodes completed so    run_libero_eval.py:223
                          far: 309                                              
                 INFO     | >> # successes: 301 (97.4%)   run_libero_eval.py:223


 18%|█▊        | 9/50 [02:24<11:17, 16.51s/it][A                 INFO     | >>                            run_libero_eval.py:223
                          Task: pick up the black bowl                          
                          next to the cookie box and                            
                          place it on the plate                                 
                 INFO     | >> Starting episode 10...     run_libero_eval.py:223
05/18 [19:46:37] INFO     | >> Success: True              run_libero_eval.py:223
                 INFO     | >> # episodes completed so    run_libero_eval.py:223
                          far: 310                                              
                 INFO     | >> # successes: 302 (97.4%)   run_libero_eval.py:223


 20%|██        | 10/50 [02:39<10:46, 16.16s/it][A                 INFO     | >>                            run_libero_eval.py:223
                          Task: pick up the black bowl                          
                          next to the cookie box and                            
                          place it on the plate                                 
                 INFO     | >> Starting episode 11...     run_libero_eval.py:223
05/18 [19:46:52] INFO     | >> Success: True              run_libero_eval.py:223
                 INFO     | >> # episodes completed so    run_libero_eval.py:223
                          far: 311                                              
                 INFO     | >> # successes: 303 (97.4%)   run_libero_eval.py:223


 22%|██▏       | 11/50 [02:55<10:22, 15.97s/it][A                 INFO     | >>                            run_libero_eval.py:223
                          Task: pick up the black bowl                          
                          next to the cookie box and                            
                          place it on the plate                                 
                 INFO     | >> Starting episode 12...     run_libero_eval.py:223
05/18 [19:47:08] INFO     | >> Success: True              run_libero_eval.py:223
                 INFO     | >> # episodes completed so    run_libero_eval.py:223
                          far: 312                                              
                 INFO     | >> # successes: 304 (97.4%)   run_libero_eval.py:223


 24%|██▍       | 12/50 [03:10<10:00, 15.80s/it][A                 INFO     | >>                            run_libero_eval.py:223
                          Task: pick up the black bowl                          
                          next to the cookie box and                            
                          place it on the plate                                 
                 INFO     | >> Starting episode 13...     run_libero_eval.py:223
05/18 [19:47:23] INFO     | >> Success: True              run_libero_eval.py:223
                 INFO     | >> # episodes completed so    run_libero_eval.py:223
                          far: 313                                              
                 INFO     | >> # successes: 305 (97.4%)   run_libero_eval.py:223


 26%|██▌       | 13/50 [03:26<09:43, 15.78s/it][A                 INFO     | >>                            run_libero_eval.py:223
                          Task: pick up the black bowl                          
                          next to the cookie box and                            
                          place it on the plate                                 
                 INFO     | >> Starting episode 14...     run_libero_eval.py:223
05/18 [19:47:39] INFO     | >> Success: True              run_libero_eval.py:223
                 INFO     | >> # episodes completed so    run_libero_eval.py:223
                          far: 314                                              
                 INFO     | >> # successes: 306 (97.5%)   run_libero_eval.py:223


 28%|██▊       | 14/50 [03:41<09:23, 15.66s/it][A                 INFO     | >>                            run_libero_eval.py:223
                          Task: pick up the black bowl                          
                          next to the cookie box and                            
                          place it on the plate                                 
                 INFO     | >> Starting episode 15...     run_libero_eval.py:223
05/18 [19:47:55] INFO     | >> Success: True              run_libero_eval.py:223
                 INFO     | >> # episodes completed so    run_libero_eval.py:223
                          far: 315                                              
                 INFO     | >> # successes: 307 (97.5%)   run_libero_eval.py:223


 30%|███       | 15/50 [03:57<09:12, 15.79s/it][A                 INFO     | >>                            run_libero_eval.py:223
                          Task: pick up the black bowl                          
                          next to the cookie box and                            
                          place it on the plate                                 
                 INFO     | >> Starting episode 16...     run_libero_eval.py:223
05/18 [19:48:13] INFO     | >> Success: True              run_libero_eval.py:223
                 INFO     | >> # episodes completed so    run_libero_eval.py:223
                          far: 316                                              
                 INFO     | >> # successes: 308 (97.5%)   run_libero_eval.py:223


 32%|███▏      | 16/50 [04:15<09:16, 16.36s/it][A                 INFO     | >>                            run_libero_eval.py:223
                          Task: pick up the black bowl                          
                          next to the cookie box and                            
                          place it on the plate                                 
                 INFO     | >> Starting episode 17...     run_libero_eval.py:223
05/18 [19:48:28] INFO     | >> Success: True              run_libero_eval.py:223
                 INFO     | >> # episodes completed so    run_libero_eval.py:223
                          far: 317                                              
                 INFO     | >> # successes: 309 (97.5%)   run_libero_eval.py:223


 34%|███▍      | 17/50 [04:31<08:54, 16.20s/it][A                 INFO     | >>                            run_libero_eval.py:223
                          Task: pick up the black bowl                          
                          next to the cookie box and                            
                          place it on the plate                                 
                 INFO     | >> Starting episode 18...     run_libero_eval.py:223
05/18 [19:48:44] INFO     | >> Success: True              run_libero_eval.py:223
                 INFO     | >> # episodes completed so    run_libero_eval.py:223
                          far: 318                                              
                 INFO     | >> # successes: 310 (97.5%)   run_libero_eval.py:223


 36%|███▌      | 18/50 [04:46<08:29, 15.91s/it][A                 INFO     | >>                            run_libero_eval.py:223
                          Task: pick up the black bowl                          
                          next to the cookie box and                            
                          place it on the plate                                 
                 INFO     | >> Starting episode 19...     run_libero_eval.py:223
05/18 [19:48:59] INFO     | >> Success: True              run_libero_eval.py:223
                 INFO     | >> # episodes completed so    run_libero_eval.py:223
                          far: 319                                              
                 INFO     | >> # successes: 311 (97.5%)   run_libero_eval.py:223


 38%|███▊      | 19/50 [05:02<08:12, 15.87s/it][A                 INFO     | >>                            run_libero_eval.py:223
                          Task: pick up the black bowl                          
                          next to the cookie box and                            
                          place it on the plate                                 
                 INFO     | >> Starting episode 20...     run_libero_eval.py:223
05/18 [19:49:16] INFO     | >> Success: True              run_libero_eval.py:223
                 INFO     | >> # episodes completed so    run_libero_eval.py:223
                          far: 320                                              
                 INFO     | >> # successes: 312 (97.5%)   run_libero_eval.py:223


 40%|████      | 20/50 [05:18<08:01, 16.04s/it][A                 INFO     | >>                            run_libero_eval.py:223
                          Task: pick up the black bowl                          
                          next to the cookie box and                            
                          place it on the plate                                 
                 INFO     | >> Starting episode 21...     run_libero_eval.py:223
05/18 [19:49:31] INFO     | >> Success: True              run_libero_eval.py:223
                 INFO     | >> # episodes completed so    run_libero_eval.py:223
                          far: 321                                              
                 INFO     | >> # successes: 313 (97.5%)   run_libero_eval.py:223


 42%|████▏     | 21/50 [05:34<07:41, 15.93s/it][A                 INFO     | >>                            run_libero_eval.py:223
                          Task: pick up the black bowl                          
                          next to the cookie box and                            
                          place it on the plate                                 
                 INFO     | >> Starting episode 22...     run_libero_eval.py:223
05/18 [19:49:47] INFO     | >> Success: True              run_libero_eval.py:223
                 INFO     | >> # episodes completed so    run_libero_eval.py:223
                          far: 322                                              
                 INFO     | >> # successes: 314 (97.5%)   run_libero_eval.py:223


 44%|████▍     | 22/50 [05:50<07:24, 15.87s/it][A                 INFO     | >>                            run_libero_eval.py:223
                          Task: pick up the black bowl                          
                          next to the cookie box and                            
                          place it on the plate                                 
                 INFO     | >> Starting episode 23...     run_libero_eval.py:223
05/18 [19:50:02] INFO     | >> Success: True              run_libero_eval.py:223
                 INFO     | >> # episodes completed so    run_libero_eval.py:223
                          far: 323                                              
                 INFO     | >> # successes: 315 (97.5%)   run_libero_eval.py:223


 46%|████▌     | 23/50 [06:04<06:58, 15.49s/it][A                 INFO     | >>                            run_libero_eval.py:223
                          Task: pick up the black bowl                          
                          next to the cookie box and                            
                          place it on the plate                                 
                 INFO     | >> Starting episode 24...     run_libero_eval.py:223
05/18 [19:50:17] INFO     | >> Success: True              run_libero_eval.py:223
                 INFO     | >> # episodes completed so    run_libero_eval.py:223
                          far: 324                                              
                 INFO     | >> # successes: 316 (97.5%)   run_libero_eval.py:223


 48%|████▊     | 24/50 [06:19<06:36, 15.26s/it][A                 INFO     | >>                            run_libero_eval.py:223
                          Task: pick up the black bowl                          
                          next to the cookie box and                            
                          place it on the plate                                 
                 INFO     | >> Starting episode 25...     run_libero_eval.py:223
05/18 [19:50:31] INFO     | >> Success: True              run_libero_eval.py:223
                 INFO     | >> # episodes completed so    run_libero_eval.py:223
                          far: 325                                              
                 INFO     | >> # successes: 317 (97.5%)   run_libero_eval.py:223


 50%|█████     | 25/50 [06:34<06:18, 15.12s/it][A                 INFO     | >>                            run_libero_eval.py:223
                          Task: pick up the black bowl                          
                          next to the cookie box and                            
                          place it on the plate                                 
                 INFO     | >> Starting episode 26...     run_libero_eval.py:223
05/18 [19:50:47] INFO     | >> Success: True              run_libero_eval.py:223
                 INFO     | >> # episodes completed so    run_libero_eval.py:223
                          far: 326                                              
                 INFO     | >> # successes: 318 (97.5%)   run_libero_eval.py:223


 52%|█████▏    | 26/50 [06:49<06:05, 15.25s/it][A                 INFO     | >>                            run_libero_eval.py:223
                          Task: pick up the black bowl                          
                          next to the cookie box and                            
                          place it on the plate                                 
                 INFO     | >> Starting episode 27...     run_libero_eval.py:223
05/18 [19:51:01] INFO     | >> Success: True              run_libero_eval.py:223
                 INFO     | >> # episodes completed so    run_libero_eval.py:223
                          far: 327                                              
                 INFO     | >> # successes: 319 (97.6%)   run_libero_eval.py:223


 54%|█████▍    | 27/50 [07:04<05:46, 15.06s/it][A                 INFO     | >>                            run_libero_eval.py:223
                          Task: pick up the black bowl                          
                          next to the cookie box and                            
                          place it on the plate                                 
                 INFO     | >> Starting episode 28...     run_libero_eval.py:223
05/18 [19:51:17] INFO     | >> Success: True              run_libero_eval.py:223
                 INFO     | >> # episodes completed so    run_libero_eval.py:223
                          far: 328                                              
                 INFO     | >> # successes: 320 (97.6%)   run_libero_eval.py:223


 56%|█████▌    | 28/50 [07:19<05:31, 15.06s/it][A                 INFO     | >>                            run_libero_eval.py:223
                          Task: pick up the black bowl                          
                          next to the cookie box and                            
                          place it on the plate                                 
                 INFO     | >> Starting episode 29...     run_libero_eval.py:223
05/18 [19:51:33] INFO     | >> Success: True              run_libero_eval.py:223
                 INFO     | >> # episodes completed so    run_libero_eval.py:223
                          far: 329                                              
                 INFO     | >> # successes: 321 (97.6%)   run_libero_eval.py:223


 58%|█████▊    | 29/50 [07:35<05:25, 15.48s/it][A                 INFO     | >>                            run_libero_eval.py:223
                          Task: pick up the black bowl                          
                          next to the cookie box and                            
                          place it on the plate                                 
                 INFO     | >> Starting episode 30...     run_libero_eval.py:223
05/18 [19:51:50] INFO     | >> Success: True              run_libero_eval.py:223
                 INFO     | >> # episodes completed so    run_libero_eval.py:223
                          far: 330                                              
                 INFO     | >> # successes: 322 (97.6%)   run_libero_eval.py:223


 60%|██████    | 30/50 [07:53<05:21, 16.07s/it][A                 INFO     | >>                            run_libero_eval.py:223
                          Task: pick up the black bowl                          
                          next to the cookie box and                            
                          place it on the plate                                 
                 INFO     | >> Starting episode 31...     run_libero_eval.py:223
05/18 [19:52:07] INFO     | >> Success: True              run_libero_eval.py:223
                 INFO     | >> # episodes completed so    run_libero_eval.py:223
                          far: 331                                              
                 INFO     | >> # successes: 323 (97.6%)   run_libero_eval.py:223


 62%|██████▏   | 31/50 [08:09<05:06, 16.15s/it][A                 INFO     | >>                            run_libero_eval.py:223
                          Task: pick up the black bowl                          
                          next to the cookie box and                            
                          place it on the plate                                 
                 INFO     | >> Starting episode 32...     run_libero_eval.py:223
05/18 [19:52:23] INFO     | >> Success: True              run_libero_eval.py:223
                 INFO     | >> # episodes completed so    run_libero_eval.py:223
                          far: 332                                              
                 INFO     | >> # successes: 324 (97.6%)   run_libero_eval.py:223


 64%|██████▍   | 32/50 [08:25<04:49, 16.11s/it][A                 INFO     | >>                            run_libero_eval.py:223
                          Task: pick up the black bowl                          
                          next to the cookie box and                            
                          place it on the plate                                 
                 INFO     | >> Starting episode 33...     run_libero_eval.py:223
05/18 [19:52:39] INFO     | >> Success: True              run_libero_eval.py:223
                 INFO     | >> # episodes completed so    run_libero_eval.py:223
                          far: 333                                              
                 INFO     | >> # successes: 325 (97.6%)   run_libero_eval.py:223


 66%|██████▌   | 33/50 [08:42<04:35, 16.23s/it][A                 INFO     | >>                            run_libero_eval.py:223
                          Task: pick up the black bowl                          
                          next to the cookie box and                            
                          place it on the plate                                 
                 INFO     | >> Starting episode 34...     run_libero_eval.py:223
05/18 [19:52:55] INFO     | >> Success: True              run_libero_eval.py:223
                 INFO     | >> # episodes completed so    run_libero_eval.py:223
                          far: 334                                              
                 INFO     | >> # successes: 326 (97.6%)   run_libero_eval.py:223


 68%|██████▊   | 34/50 [08:57<04:15, 15.97s/it][A                 INFO     | >>                            run_libero_eval.py:223
                          Task: pick up the black bowl                          
                          next to the cookie box and                            
                          place it on the plate                                 
                 INFO     | >> Starting episode 35...     run_libero_eval.py:223
05/18 [19:53:10] INFO     | >> Success: True              run_libero_eval.py:223
                 INFO     | >> # episodes completed so    run_libero_eval.py:223
                          far: 335                                              
                 INFO     | >> # successes: 327 (97.6%)   run_libero_eval.py:223


 70%|███████   | 35/50 [09:12<03:54, 15.65s/it][A                 INFO     | >>                            run_libero_eval.py:223
                          Task: pick up the black bowl                          
                          next to the cookie box and                            
                          place it on the plate                                 
                 INFO     | >> Starting episode 36...     run_libero_eval.py:223
05/18 [19:53:25] INFO     | >> Success: True              run_libero_eval.py:223
                 INFO     | >> # episodes completed so    run_libero_eval.py:223
                          far: 336                                              
                 INFO     | >> # successes: 328 (97.6%)   run_libero_eval.py:223


 72%|███████▏  | 36/50 [09:28<03:39, 15.69s/it][A                 INFO     | >>                            run_libero_eval.py:223
                          Task: pick up the black bowl                          
                          next to the cookie box and                            
                          place it on the plate                                 
                 INFO     | >> Starting episode 37...     run_libero_eval.py:223
05/18 [19:53:41] INFO     | >> Success: True              run_libero_eval.py:223
                 INFO     | >> # episodes completed so    run_libero_eval.py:223
                          far: 337                                              
                 INFO     | >> # successes: 329 (97.6%)   run_libero_eval.py:223


 74%|███████▍  | 37/50 [09:44<03:25, 15.77s/it][A                 INFO     | >>                            run_libero_eval.py:223
                          Task: pick up the black bowl                          
                          next to the cookie box and                            
                          place it on the plate                                 
                 INFO     | >> Starting episode 38...     run_libero_eval.py:223
05/18 [19:54:01] INFO     | >> Success: True              run_libero_eval.py:223
                 INFO     | >> # episodes completed so    run_libero_eval.py:223
                          far: 338                                              
                 INFO     | >> # successes: 330 (97.6%)   run_libero_eval.py:223


 76%|███████▌  | 38/50 [10:03<03:22, 16.86s/it][A                 INFO     | >>                            run_libero_eval.py:223
                          Task: pick up the black bowl                          
                          next to the cookie box and                            
                          place it on the plate                                 
                 INFO     | >> Starting episode 39...     run_libero_eval.py:223
05/18 [19:54:19] INFO     | >> Success: True              run_libero_eval.py:223
                 INFO     | >> # episodes completed so    run_libero_eval.py:223
                          far: 339                                              
                 INFO     | >> # successes: 331 (97.6%)   run_libero_eval.py:223


 78%|███████▊  | 39/50 [10:21<03:10, 17.31s/it][A                 INFO     | >>                            run_libero_eval.py:223
                          Task: pick up the black bowl                          
                          next to the cookie box and                            
                          place it on the plate                                 
                 INFO     | >> Starting episode 40...     run_libero_eval.py:223
05/18 [19:54:36] INFO     | >> Success: True              run_libero_eval.py:223
                 INFO     | >> # episodes completed so    run_libero_eval.py:223
                          far: 340                                              
                 INFO     | >> # successes: 332 (97.6%)   run_libero_eval.py:223


 80%|████████  | 40/50 [10:38<02:52, 17.21s/it][A                 INFO     | >>                            run_libero_eval.py:223
                          Task: pick up the black bowl                          
                          next to the cookie box and                            
                          place it on the plate                                 
                 INFO     | >> Starting episode 41...     run_libero_eval.py:223
05/18 [19:54:51] INFO     | >> Success: True              run_libero_eval.py:223
                 INFO     | >> # episodes completed so    run_libero_eval.py:223
                          far: 341                                              
                 INFO     | >> # successes: 333 (97.7%)   run_libero_eval.py:223


 82%|████████▏ | 41/50 [10:53<02:28, 16.55s/it][A                 INFO     | >>                            run_libero_eval.py:223
                          Task: pick up the black bowl                          
                          next to the cookie box and                            
                          place it on the plate                                 
                 INFO     | >> Starting episode 42...     run_libero_eval.py:223
05/18 [19:55:08] INFO     | >> Success: True              run_libero_eval.py:223
                 INFO     | >> # episodes completed so    run_libero_eval.py:223
                          far: 342                                              
                 INFO     | >> # successes: 334 (97.7%)   run_libero_eval.py:223


 84%|████████▍ | 42/50 [11:11<02:14, 16.75s/it][A                 INFO     | >>                            run_libero_eval.py:223
                          Task: pick up the black bowl                          
                          next to the cookie box and                            
                          place it on the plate                                 
                 INFO     | >> Starting episode 43...     run_libero_eval.py:223
05/18 [19:55:24] INFO     | >> Success: True              run_libero_eval.py:223
                 INFO     | >> # episodes completed so    run_libero_eval.py:223
                          far: 343                                              
                 INFO     | >> # successes: 335 (97.7%)   run_libero_eval.py:223


 86%|████████▌ | 43/50 [11:27<01:55, 16.52s/it][A                 INFO     | >>                            run_libero_eval.py:223
                          Task: pick up the black bowl                          
                          next to the cookie box and                            
                          place it on the plate                                 
                 INFO     | >> Starting episode 44...     run_libero_eval.py:223
05/18 [19:55:41] INFO     | >> Success: True              run_libero_eval.py:223
                 INFO     | >> # episodes completed so    run_libero_eval.py:223
                          far: 344                                              
                 INFO     | >> # successes: 336 (97.7%)   run_libero_eval.py:223


 88%|████████▊ | 44/50 [11:44<01:40, 16.68s/it][A                 INFO     | >>                            run_libero_eval.py:223
                          Task: pick up the black bowl                          
                          next to the cookie box and                            
                          place it on the plate                                 
                 INFO     | >> Starting episode 45...     run_libero_eval.py:223
05/18 [19:55:57] INFO     | >> Success: True              run_libero_eval.py:223
                 INFO     | >> # episodes completed so    run_libero_eval.py:223
                          far: 345                                              
                 INFO     | >> # successes: 337 (97.7%)   run_libero_eval.py:223


 90%|█████████ | 45/50 [11:59<01:21, 16.35s/it][A                 INFO     | >>                            run_libero_eval.py:223
                          Task: pick up the black bowl                          
                          next to the cookie box and                            
                          place it on the plate                                 
                 INFO     | >> Starting episode 46...     run_libero_eval.py:223
05/18 [19:56:11] INFO     | >> Success: True              run_libero_eval.py:223
                 INFO     | >> # episodes completed so    run_libero_eval.py:223
                          far: 346                                              
                 INFO     | >> # successes: 338 (97.7%)   run_libero_eval.py:223


 92%|█████████▏| 46/50 [12:14<01:02, 15.74s/it][A                 INFO     | >>                            run_libero_eval.py:223
                          Task: pick up the black bowl                          
                          next to the cookie box and                            
                          place it on the plate                                 
                 INFO     | >> Starting episode 47...     run_libero_eval.py:223
05/18 [19:56:27] INFO     | >> Success: True              run_libero_eval.py:223
                 INFO     | >> # episodes completed so    run_libero_eval.py:223
                          far: 347                                              
                 INFO     | >> # successes: 339 (97.7%)   run_libero_eval.py:223


 94%|█████████▍| 47/50 [12:30<00:47, 15.80s/it][A                 INFO     | >>                            run_libero_eval.py:223
                          Task: pick up the black bowl                          
                          next to the cookie box and                            
                          place it on the plate                                 
                 INFO     | >> Starting episode 48...     run_libero_eval.py:223
05/18 [19:56:43] INFO     | >> Success: True              run_libero_eval.py:223
                 INFO     | >> # episodes completed so    run_libero_eval.py:223
                          far: 348                                              
                 INFO     | >> # successes: 340 (97.7%)   run_libero_eval.py:223


 96%|█████████▌| 48/50 [12:46<00:31, 15.90s/it][A                 INFO     | >>                            run_libero_eval.py:223
                          Task: pick up the black bowl                          
                          next to the cookie box and                            
                          place it on the plate                                 
                 INFO     | >> Starting episode 49...     run_libero_eval.py:223
05/18 [19:57:00] INFO     | >> Success: True              run_libero_eval.py:223
                 INFO     | >> # episodes completed so    run_libero_eval.py:223
                          far: 349                                              
                 INFO     | >> # successes: 341 (97.7%)   run_libero_eval.py:223


 98%|█████████▊| 49/50 [13:03<00:16, 16.27s/it][A                 INFO     | >>                            run_libero_eval.py:223
                          Task: pick up the black bowl                          
                          next to the cookie box and                            
                          place it on the plate                                 
                 INFO     | >> Starting episode 50...     run_libero_eval.py:223
05/18 [19:57:17] INFO     | >> Success: True              run_libero_eval.py:223
                 INFO     | >> # episodes completed so    run_libero_eval.py:223
                          far: 350                                              
                 INFO     | >> # successes: 342 (97.7%)   run_libero_eval.py:223


100%|██████████| 50/50 [13:19<00:00, 16.29s/it][A
100%|██████████| 50/50 [13:19<00:00, 15.99s/it]
                 INFO     | >> Current task success rate: run_libero_eval.py:223
                          1.0                                                   
                 INFO     | >> Current total success      run_libero_eval.py:223
                          rate: 0.9771428571428571                              

 70%|███████   | 7/10 [1:30:58<39:58, 799.62s/it][Warning]: datasets path <home_path>/code/publish-ddpvla/LIBERO/datasets does not exist!
                 INFO     | >> Using default initial      run_libero_eval.py:223
                          states                                                
[Warning]: datasets path <home_path>/code/publish-ddpvla/LIBERO/datasets does not exist!


  0%|          | 0/50 [00:00<?, ?it/s][A05/18 [19:57:19] INFO     | >>                            run_libero_eval.py:223
                          Task: pick up the black bowl on                       
                          the stove and place it on the                         
                          plate                                                 
                 INFO     | >> Starting episode 1...      run_libero_eval.py:223
05/18 [19:57:38] INFO     | >> Success: True              run_libero_eval.py:223
                 INFO     | >> # episodes completed so    run_libero_eval.py:223
                          far: 351                                              
                 INFO     | >> # successes: 343 (97.7%)   run_libero_eval.py:223


  2%|▏         | 1/50 [00:19<15:57, 19.54s/it][A                 INFO     | >>                            run_libero_eval.py:223
                          Task: pick up the black bowl on                       
                          the stove and place it on the                         
                          plate                                                 
                 INFO     | >> Starting episode 2...      run_libero_eval.py:223
05/18 [19:57:56] INFO     | >> Success: True              run_libero_eval.py:223
                 INFO     | >> # episodes completed so    run_libero_eval.py:223
                          far: 352                                              
                 INFO     | >> # successes: 344 (97.7%)   run_libero_eval.py:223


  4%|▍         | 2/50 [00:37<14:39, 18.32s/it][A                 INFO     | >>                            run_libero_eval.py:223
                          Task: pick up the black bowl on                       
                          the stove and place it on the                         
                          plate                                                 
                 INFO     | >> Starting episode 3...      run_libero_eval.py:223
05/18 [19:58:13] INFO     | >> Success: True              run_libero_eval.py:223
                 INFO     | >> # episodes completed so    run_libero_eval.py:223
                          far: 353                                              
                 INFO     | >> # successes: 345 (97.7%)   run_libero_eval.py:223


  6%|▌         | 3/50 [00:54<14:05, 18.00s/it][A                 INFO     | >>                            run_libero_eval.py:223
                          Task: pick up the black bowl on                       
                          the stove and place it on the                         
                          plate                                                 
                 INFO     | >> Starting episode 4...      run_libero_eval.py:223
05/18 [19:58:31] INFO     | >> Success: True              run_libero_eval.py:223
                 INFO     | >> # episodes completed so    run_libero_eval.py:223
                          far: 354                                              
                 INFO     | >> # successes: 346 (97.7%)   run_libero_eval.py:223


  8%|▊         | 4/50 [01:12<13:48, 18.00s/it][A                 INFO     | >>                            run_libero_eval.py:223
                          Task: pick up the black bowl on                       
                          the stove and place it on the                         
                          plate                                                 
                 INFO     | >> Starting episode 5...      run_libero_eval.py:223
05/18 [19:58:52] INFO     | >> Success: True              run_libero_eval.py:223
                 INFO     | >> # episodes completed so    run_libero_eval.py:223
                          far: 355                                              
                 INFO     | >> # successes: 347 (97.7%)   run_libero_eval.py:223


 10%|█         | 5/50 [01:33<14:18, 19.09s/it][A                 INFO     | >>                            run_libero_eval.py:223
                          Task: pick up the black bowl on                       
                          the stove and place it on the                         
                          plate                                                 
                 INFO     | >> Starting episode 6...      run_libero_eval.py:223
05/18 [19:59:12] INFO     | >> Success: True              run_libero_eval.py:223
                 INFO     | >> # episodes completed so    run_libero_eval.py:223
                          far: 356                                              
                 INFO     | >> # successes: 348 (97.8%)   run_libero_eval.py:223


 12%|█▏        | 6/50 [01:52<14:00, 19.09s/it][A                 INFO     | >>                            run_libero_eval.py:223
                          Task: pick up the black bowl on                       
                          the stove and place it on the                         
                          plate                                                 
                 INFO     | >> Starting episode 7...      run_libero_eval.py:223
05/18 [19:59:43] INFO     | >> Success: False             run_libero_eval.py:223
                 INFO     | >> # episodes completed so    run_libero_eval.py:223
                          far: 357                                              
                 INFO     | >> # successes: 348 (97.5%)   run_libero_eval.py:223


 14%|█▍        | 7/50 [02:23<16:30, 23.04s/it][A                 INFO     | >>                            run_libero_eval.py:223
                          Task: pick up the black bowl on                       
                          the stove and place it on the                         
                          plate                                                 
                 INFO     | >> Starting episode 8...      run_libero_eval.py:223
05/18 [20:00:02] INFO     | >> Success: True              run_libero_eval.py:223
                 INFO     | >> # episodes completed so    run_libero_eval.py:223
                          far: 358                                              
                 INFO     | >> # successes: 349 (97.5%)   run_libero_eval.py:223


 16%|█▌        | 8/50 [02:42<15:13, 21.75s/it][A                 INFO     | >>                            run_libero_eval.py:223
                          Task: pick up the black bowl on                       
                          the stove and place it on the                         
                          plate                                                 
                 INFO     | >> Starting episode 9...      run_libero_eval.py:223
05/18 [20:00:21] INFO     | >> Success: True              run_libero_eval.py:223
                 INFO     | >> # episodes completed so    run_libero_eval.py:223
                          far: 359                                              
                 INFO     | >> # successes: 350 (97.5%)   run_libero_eval.py:223


 18%|█▊        | 9/50 [03:02<14:20, 20.99s/it][A                 INFO     | >>                            run_libero_eval.py:223
                          Task: pick up the black bowl on                       
                          the stove and place it on the                         
                          plate                                                 
                 INFO     | >> Starting episode 10...     run_libero_eval.py:223
05/18 [20:00:52] INFO     | >> Success: False             run_libero_eval.py:223
                 INFO     | >> # episodes completed so    run_libero_eval.py:223
                          far: 360                                              
                 INFO     | >> # successes: 350 (97.2%)   run_libero_eval.py:223


 20%|██        | 10/50 [03:32<15:59, 23.99s/it][A                 INFO     | >>                            run_libero_eval.py:223
                          Task: pick up the black bowl on                       
                          the stove and place it on the                         
                          plate                                                 
                 INFO     | >> Starting episode 11...     run_libero_eval.py:223
05/18 [20:01:09] INFO     | >> Success: True              run_libero_eval.py:223
                 INFO     | >> # episodes completed so    run_libero_eval.py:223
                          far: 361                                              
                 INFO     | >> # successes: 351 (97.2%)   run_libero_eval.py:223


 22%|██▏       | 11/50 [03:49<14:10, 21.80s/it][A                 INFO     | >>                            run_libero_eval.py:223
                          Task: pick up the black bowl on                       
                          the stove and place it on the                         
                          plate                                                 
                 INFO     | >> Starting episode 12...     run_libero_eval.py:223
05/18 [20:01:28] INFO     | >> Success: True              run_libero_eval.py:223
                 INFO     | >> # episodes completed so    run_libero_eval.py:223
                          far: 362                                              
                 INFO     | >> # successes: 352 (97.2%)   run_libero_eval.py:223


 24%|██▍       | 12/50 [04:09<13:24, 21.16s/it][A                 INFO     | >>                            run_libero_eval.py:223
                          Task: pick up the black bowl on                       
                          the stove and place it on the                         
                          plate                                                 
                 INFO     | >> Starting episode 13...     run_libero_eval.py:223
05/18 [20:01:45] INFO     | >> Success: True              run_libero_eval.py:223
                 INFO     | >> # episodes completed so    run_libero_eval.py:223
                          far: 363                                              
                 INFO     | >> # successes: 353 (97.2%)   run_libero_eval.py:223


 26%|██▌       | 13/50 [04:26<12:14, 19.84s/it][A                 INFO     | >>                            run_libero_eval.py:223
                          Task: pick up the black bowl on                       
                          the stove and place it on the                         
                          plate                                                 
                 INFO     | >> Starting episode 14...     run_libero_eval.py:223
05/18 [20:02:03] INFO     | >> Success: True              run_libero_eval.py:223
                 INFO     | >> # episodes completed so    run_libero_eval.py:223
                          far: 364                                              
                 INFO     | >> # successes: 354 (97.3%)   run_libero_eval.py:223


 28%|██▊       | 14/50 [04:44<11:35, 19.31s/it][A                 INFO     | >>                            run_libero_eval.py:223
                          Task: pick up the black bowl on                       
                          the stove and place it on the                         
                          plate                                                 
                 INFO     | >> Starting episode 15...     run_libero_eval.py:223
05/18 [20:02:20] INFO     | >> Success: True              run_libero_eval.py:223
                 INFO     | >> # episodes completed so    run_libero_eval.py:223
                          far: 365                                              
                 INFO     | >> # successes: 355 (97.3%)   run_libero_eval.py:223


 30%|███       | 15/50 [05:00<10:44, 18.43s/it][A                 INFO     | >>                            run_libero_eval.py:223
                          Task: pick up the black bowl on                       
                          the stove and place it on the                         
                          plate                                                 
                 INFO     | >> Starting episode 16...     run_libero_eval.py:223
05/18 [20:02:39] INFO     | >> Success: True              run_libero_eval.py:223
                 INFO     | >> # episodes completed so    run_libero_eval.py:223
                          far: 366                                              
                 INFO     | >> # successes: 356 (97.3%)   run_libero_eval.py:223


 32%|███▏      | 16/50 [05:20<10:40, 18.83s/it][A                 INFO     | >>                            run_libero_eval.py:223
                          Task: pick up the black bowl on                       
                          the stove and place it on the                         
                          plate                                                 
                 INFO     | >> Starting episode 17...     run_libero_eval.py:223
05/18 [20:02:57] INFO     | >> Success: True              run_libero_eval.py:223
                 INFO     | >> # episodes completed so    run_libero_eval.py:223
                          far: 367                                              
                 INFO     | >> # successes: 357 (97.3%)   run_libero_eval.py:223


 34%|███▍      | 17/50 [05:38<10:11, 18.54s/it][A                 INFO     | >>                            run_libero_eval.py:223
                          Task: pick up the black bowl on                       
                          the stove and place it on the                         
                          plate                                                 
                 INFO     | >> Starting episode 18...     run_libero_eval.py:223
05/18 [20:03:14] INFO     | >> Success: True              run_libero_eval.py:223
                 INFO     | >> # episodes completed so    run_libero_eval.py:223
                          far: 368                                              
                 INFO     | >> # successes: 358 (97.3%)   run_libero_eval.py:223


 36%|███▌      | 18/50 [05:55<09:40, 18.15s/it][A                 INFO     | >>                            run_libero_eval.py:223
                          Task: pick up the black bowl on                       
                          the stove and place it on the                         
                          plate                                                 
                 INFO     | >> Starting episode 19...     run_libero_eval.py:223
05/18 [20:03:31] INFO     | >> Success: True              run_libero_eval.py:223
                 INFO     | >> # episodes completed so    run_libero_eval.py:223
                          far: 369                                              
                 INFO     | >> # successes: 359 (97.3%)   run_libero_eval.py:223


 38%|███▊      | 19/50 [06:12<09:13, 17.84s/it][A05/18 [20:03:32] INFO     | >>                            run_libero_eval.py:223
                          Task: pick up the black bowl on                       
                          the stove and place it on the                         
                          plate                                                 
                 INFO     | >> Starting episode 20...     run_libero_eval.py:223
05/18 [20:03:49] INFO     | >> Success: True              run_libero_eval.py:223
                 INFO     | >> # episodes completed so    run_libero_eval.py:223
                          far: 370                                              
                 INFO     | >> # successes: 360 (97.3%)   run_libero_eval.py:223


 40%|████      | 20/50 [06:30<08:55, 17.83s/it][A                 INFO     | >>                            run_libero_eval.py:223
                          Task: pick up the black bowl on                       
                          the stove and place it on the                         
                          plate                                                 
                 INFO     | >> Starting episode 21...     run_libero_eval.py:223
05/18 [20:04:08] INFO     | >> Success: True              run_libero_eval.py:223
                 INFO     | >> # episodes completed so    run_libero_eval.py:223
                          far: 371                                              
                 INFO     | >> # successes: 361 (97.3%)   run_libero_eval.py:223


 42%|████▏     | 21/50 [06:49<08:44, 18.08s/it][A                 INFO     | >>                            run_libero_eval.py:223
                          Task: pick up the black bowl on                       
                          the stove and place it on the                         
                          plate                                                 
                 INFO     | >> Starting episode 22...     run_libero_eval.py:223
05/18 [20:04:25] INFO     | >> Success: True              run_libero_eval.py:223
                 INFO     | >> # episodes completed so    run_libero_eval.py:223
                          far: 372                                              
                 INFO     | >> # successes: 362 (97.3%)   run_libero_eval.py:223


 44%|████▍     | 22/50 [07:06<08:18, 17.81s/it][A                 INFO     | >>                            run_libero_eval.py:223
                          Task: pick up the black bowl on                       
                          the stove and place it on the                         
                          plate                                                 
                 INFO     | >> Starting episode 23...     run_libero_eval.py:223
05/18 [20:04:43] INFO     | >> Success: True              run_libero_eval.py:223
                 INFO     | >> # episodes completed so    run_libero_eval.py:223
                          far: 373                                              
                 INFO     | >> # successes: 363 (97.3%)   run_libero_eval.py:223


 46%|████▌     | 23/50 [07:23<07:58, 17.71s/it][A                 INFO     | >>                            run_libero_eval.py:223
                          Task: pick up the black bowl on                       
                          the stove and place it on the                         
                          plate                                                 
                 INFO     | >> Starting episode 24...     run_libero_eval.py:223
05/18 [20:04:59] INFO     | >> Success: True              run_libero_eval.py:223
                 INFO     | >> # episodes completed so    run_libero_eval.py:223
                          far: 374                                              
                 INFO     | >> # successes: 364 (97.3%)   run_libero_eval.py:223


 48%|████▊     | 24/50 [07:40<07:31, 17.37s/it][A                 INFO     | >>                            run_libero_eval.py:223
                          Task: pick up the black bowl on                       
                          the stove and place it on the                         
                          plate                                                 
                 INFO     | >> Starting episode 25...     run_libero_eval.py:223
05/18 [20:05:15] INFO     | >> Success: True              run_libero_eval.py:223
                 INFO     | >> # episodes completed so    run_libero_eval.py:223
                          far: 375                                              
                 INFO     | >> # successes: 365 (97.3%)   run_libero_eval.py:223


 50%|█████     | 25/50 [07:56<07:00, 16.83s/it][A                 INFO     | >>                            run_libero_eval.py:223
                          Task: pick up the black bowl on                       
                          the stove and place it on the                         
                          plate                                                 
                 INFO     | >> Starting episode 26...     run_libero_eval.py:223
05/18 [20:05:32] INFO     | >> Success: True              run_libero_eval.py:223
                 INFO     | >> # episodes completed so    run_libero_eval.py:223
                          far: 376                                              
                 INFO     | >> # successes: 366 (97.3%)   run_libero_eval.py:223


 52%|█████▏    | 26/50 [08:13<06:45, 16.88s/it][A                 INFO     | >>                            run_libero_eval.py:223
                          Task: pick up the black bowl on                       
                          the stove and place it on the                         
                          plate                                                 
                 INFO     | >> Starting episode 27...     run_libero_eval.py:223
05/18 [20:05:50] INFO     | >> Success: True              run_libero_eval.py:223
                 INFO     | >> # episodes completed so    run_libero_eval.py:223
                          far: 377                                              
                 INFO     | >> # successes: 367 (97.3%)   run_libero_eval.py:223


 54%|█████▍    | 27/50 [08:30<06:35, 17.19s/it][A                 INFO     | >>                            run_libero_eval.py:223
                          Task: pick up the black bowl on                       
                          the stove and place it on the                         
                          plate                                                 
                 INFO     | >> Starting episode 28...     run_libero_eval.py:223
05/18 [20:06:10] INFO     | >> Success: True              run_libero_eval.py:223
                 INFO     | >> # episodes completed so    run_libero_eval.py:223
                          far: 378                                              
                 INFO     | >> # successes: 368 (97.4%)   run_libero_eval.py:223


 56%|█████▌    | 28/50 [08:51<06:40, 18.20s/it][A                 INFO     | >>                            run_libero_eval.py:223
                          Task: pick up the black bowl on                       
                          the stove and place it on the                         
                          plate                                                 
                 INFO     | >> Starting episode 29...     run_libero_eval.py:223
05/18 [20:06:27] INFO     | >> Success: True              run_libero_eval.py:223
                 INFO     | >> # episodes completed so    run_libero_eval.py:223
                          far: 379                                              
                 INFO     | >> # successes: 369 (97.4%)   run_libero_eval.py:223


 58%|█████▊    | 29/50 [09:08<06:12, 17.72s/it][A                 INFO     | >>                            run_libero_eval.py:223
                          Task: pick up the black bowl on                       
                          the stove and place it on the                         
                          plate                                                 
                 INFO     | >> Starting episode 30...     run_libero_eval.py:223
05/18 [20:06:44] INFO     | >> Success: True              run_libero_eval.py:223
                 INFO     | >> # episodes completed so    run_libero_eval.py:223
                          far: 380                                              
                 INFO     | >> # successes: 370 (97.4%)   run_libero_eval.py:223


 60%|██████    | 30/50 [09:25<05:53, 17.68s/it][A                 INFO     | >>                            run_libero_eval.py:223
                          Task: pick up the black bowl on                       
                          the stove and place it on the                         
                          plate                                                 
                 INFO     | >> Starting episode 31...     run_libero_eval.py:223
05/18 [20:07:02] INFO     | >> Success: True              run_libero_eval.py:223
                 INFO     | >> # episodes completed so    run_libero_eval.py:223
                          far: 381                                              
                 INFO     | >> # successes: 371 (97.4%)   run_libero_eval.py:223


 62%|██████▏   | 31/50 [09:43<05:36, 17.73s/it][A                 INFO     | >>                            run_libero_eval.py:223
                          Task: pick up the black bowl on                       
                          the stove and place it on the                         
                          plate                                                 
                 INFO     | >> Starting episode 32...     run_libero_eval.py:223
05/18 [20:07:23] INFO     | >> Success: True              run_libero_eval.py:223
                 INFO     | >> # episodes completed so    run_libero_eval.py:223
                          far: 382                                              
                 INFO     | >> # successes: 372 (97.4%)   run_libero_eval.py:223


 64%|██████▍   | 32/50 [10:03<05:33, 18.53s/it][A                 INFO     | >>                            run_libero_eval.py:223
                          Task: pick up the black bowl on                       
                          the stove and place it on the                         
                          plate                                                 
                 INFO     | >> Starting episode 33...     run_libero_eval.py:223
05/18 [20:07:40] INFO     | >> Success: True              run_libero_eval.py:223
                 INFO     | >> # episodes completed so    run_libero_eval.py:223
                          far: 383                                              
                 INFO     | >> # successes: 373 (97.4%)   run_libero_eval.py:223


 66%|██████▌   | 33/50 [10:21<05:09, 18.23s/it][A                 INFO     | >>                            run_libero_eval.py:223
                          Task: pick up the black bowl on                       
                          the stove and place it on the                         
                          plate                                                 
                 INFO     | >> Starting episode 34...     run_libero_eval.py:223
05/18 [20:07:58] INFO     | >> Success: True              run_libero_eval.py:223
                 INFO     | >> # episodes completed so    run_libero_eval.py:223
                          far: 384                                              
                 INFO     | >> # successes: 374 (97.4%)   run_libero_eval.py:223


 68%|██████▊   | 34/50 [10:38<04:47, 17.96s/it][A                 INFO     | >>                            run_libero_eval.py:223
                          Task: pick up the black bowl on                       
                          the stove and place it on the                         
                          plate                                                 
                 INFO     | >> Starting episode 35...     run_libero_eval.py:223
05/18 [20:08:19] INFO     | >> Success: True              run_libero_eval.py:223
                 INFO     | >> # episodes completed so    run_libero_eval.py:223
                          far: 385                                              
                 INFO     | >> # successes: 375 (97.4%)   run_libero_eval.py:223


 70%|███████   | 35/50 [10:59<04:42, 18.86s/it][A                 INFO     | >>                            run_libero_eval.py:223
                          Task: pick up the black bowl on                       
                          the stove and place it on the                         
                          plate                                                 
                 INFO     | >> Starting episode 36...     run_libero_eval.py:223
05/18 [20:08:36] INFO     | >> Success: True              run_libero_eval.py:223
                 INFO     | >> # episodes completed so    run_libero_eval.py:223
                          far: 386                                              
                 INFO     | >> # successes: 376 (97.4%)   run_libero_eval.py:223


 72%|███████▏  | 36/50 [11:17<04:17, 18.41s/it][A                 INFO     | >>                            run_libero_eval.py:223
                          Task: pick up the black bowl on                       
                          the stove and place it on the                         
                          plate                                                 
                 INFO     | >> Starting episode 37...     run_libero_eval.py:223
05/18 [20:08:54] INFO     | >> Success: True              run_libero_eval.py:223
                 INFO     | >> # episodes completed so    run_libero_eval.py:223
                          far: 387                                              
                 INFO     | >> # successes: 377 (97.4%)   run_libero_eval.py:223


 74%|███████▍  | 37/50 [11:35<03:58, 18.34s/it][A                 INFO     | >>                            run_libero_eval.py:223
                          Task: pick up the black bowl on                       
                          the stove and place it on the                         
                          plate                                                 
                 INFO     | >> Starting episode 38...     run_libero_eval.py:223
05/18 [20:09:11] INFO     | >> Success: True              run_libero_eval.py:223
                 INFO     | >> # episodes completed so    run_libero_eval.py:223
                          far: 388                                              
                 INFO     | >> # successes: 378 (97.4%)   run_libero_eval.py:223


 76%|███████▌  | 38/50 [11:52<03:35, 17.93s/it][A                 INFO     | >>                            run_libero_eval.py:223
                          Task: pick up the black bowl on                       
                          the stove and place it on the                         
                          plate                                                 
                 INFO     | >> Starting episode 39...     run_libero_eval.py:223
05/18 [20:09:29] INFO     | >> Success: True              run_libero_eval.py:223
                 INFO     | >> # episodes completed so    run_libero_eval.py:223
                          far: 389                                              
                 INFO     | >> # successes: 379 (97.4%)   run_libero_eval.py:223


 78%|███████▊  | 39/50 [12:10<03:18, 18.01s/it][A                 INFO     | >>                            run_libero_eval.py:223
                          Task: pick up the black bowl on                       
                          the stove and place it on the                         
                          plate                                                 
                 INFO     | >> Starting episode 40...     run_libero_eval.py:223
05/18 [20:09:47] INFO     | >> Success: True              run_libero_eval.py:223
                 INFO     | >> # episodes completed so    run_libero_eval.py:223
                          far: 390                                              
                 INFO     | >> # successes: 380 (97.4%)   run_libero_eval.py:223


 80%|████████  | 40/50 [12:28<02:59, 18.00s/it][A                 INFO     | >>                            run_libero_eval.py:223
                          Task: pick up the black bowl on                       
                          the stove and place it on the                         
                          plate                                                 
                 INFO     | >> Starting episode 41...     run_libero_eval.py:223
05/18 [20:10:05] INFO     | >> Success: True              run_libero_eval.py:223
                 INFO     | >> # episodes completed so    run_libero_eval.py:223
                          far: 391                                              
                 INFO     | >> # successes: 381 (97.4%)   run_libero_eval.py:223


 82%|████████▏ | 41/50 [12:46<02:42, 18.06s/it][A                 INFO     | >>                            run_libero_eval.py:223
                          Task: pick up the black bowl on                       
                          the stove and place it on the                         
                          plate                                                 
                 INFO     | >> Starting episode 42...     run_libero_eval.py:223
05/18 [20:10:23] INFO     | >> Success: True              run_libero_eval.py:223
                 INFO     | >> # episodes completed so    run_libero_eval.py:223
                          far: 392                                              
                 INFO     | >> # successes: 382 (97.4%)   run_libero_eval.py:223


 84%|████████▍ | 42/50 [13:04<02:22, 17.87s/it][A                 INFO     | >>                            run_libero_eval.py:223
                          Task: pick up the black bowl on                       
                          the stove and place it on the                         
                          plate                                                 
                 INFO     | >> Starting episode 43...     run_libero_eval.py:223
05/18 [20:10:52] INFO     | >> Success: False             run_libero_eval.py:223
                 INFO     | >> # episodes completed so    run_libero_eval.py:223
                          far: 393                                              
                 INFO     | >> # successes: 382 (97.2%)   run_libero_eval.py:223


 86%|████████▌ | 43/50 [13:32<02:27, 21.12s/it][A                 INFO     | >>                            run_libero_eval.py:223
                          Task: pick up the black bowl on                       
                          the stove and place it on the                         
                          plate                                                 
                 INFO     | >> Starting episode 44...     run_libero_eval.py:223
05/18 [20:11:10] INFO     | >> Success: True              run_libero_eval.py:223
                 INFO     | >> # episodes completed so    run_libero_eval.py:223
                          far: 394                                              
                 INFO     | >> # successes: 383 (97.2%)   run_libero_eval.py:223


 88%|████████▊ | 44/50 [13:51<02:02, 20.36s/it][A                 INFO     | >>                            run_libero_eval.py:223
                          Task: pick up the black bowl on                       
                          the stove and place it on the                         
                          plate                                                 
                 INFO     | >> Starting episode 45...     run_libero_eval.py:223
05/18 [20:11:29] INFO     | >> Success: True              run_libero_eval.py:223
                 INFO     | >> # episodes completed so    run_libero_eval.py:223
                          far: 395                                              
                 INFO     | >> # successes: 384 (97.2%)   run_libero_eval.py:223


 90%|█████████ | 45/50 [14:10<01:39, 19.91s/it][A                 INFO     | >>                            run_libero_eval.py:223
                          Task: pick up the black bowl on                       
                          the stove and place it on the                         
                          plate                                                 
                 INFO     | >> Starting episode 46...     run_libero_eval.py:223
05/18 [20:11:46] INFO     | >> Success: True              run_libero_eval.py:223
                 INFO     | >> # episodes completed so    run_libero_eval.py:223
                          far: 396                                              
                 INFO     | >> # successes: 385 (97.2%)   run_libero_eval.py:223


 92%|█████████▏| 46/50 [14:26<01:15, 18.98s/it][A                 INFO     | >>                            run_libero_eval.py:223
                          Task: pick up the black bowl on                       
                          the stove and place it on the                         
                          plate                                                 
                 INFO     | >> Starting episode 47...     run_libero_eval.py:223
05/18 [20:12:04] INFO     | >> Success: True              run_libero_eval.py:223
                 INFO     | >> # episodes completed so    run_libero_eval.py:223
                          far: 397                                              
                 INFO     | >> # successes: 386 (97.2%)   run_libero_eval.py:223


 94%|█████████▍| 47/50 [14:45<00:56, 18.86s/it][A                 INFO     | >>                            run_libero_eval.py:223
                          Task: pick up the black bowl on                       
                          the stove and place it on the                         
                          plate                                                 
                 INFO     | >> Starting episode 48...     run_libero_eval.py:223
05/18 [20:12:21] INFO     | >> Success: True              run_libero_eval.py:223
                 INFO     | >> # episodes completed so    run_libero_eval.py:223
                          far: 398                                              
                 INFO     | >> # successes: 387 (97.2%)   run_libero_eval.py:223


 96%|█████████▌| 48/50 [15:01<00:36, 18.06s/it][A                 INFO     | >>                            run_libero_eval.py:223
                          Task: pick up the black bowl on                       
                          the stove and place it on the                         
                          plate                                                 
                 INFO     | >> Starting episode 49...     run_libero_eval.py:223
05/18 [20:12:38] INFO     | >> Success: True              run_libero_eval.py:223
                 INFO     | >> # episodes completed so    run_libero_eval.py:223
                          far: 399                                              
                 INFO     | >> # successes: 388 (97.2%)   run_libero_eval.py:223


 98%|█████████▊| 49/50 [15:18<00:17, 17.76s/it][A                 INFO     | >>                            run_libero_eval.py:223
                          Task: pick up the black bowl on                       
                          the stove and place it on the                         
                          plate                                                 
                 INFO     | >> Starting episode 50...     run_libero_eval.py:223
05/18 [20:13:07] INFO     | >> Success: False             run_libero_eval.py:223
                 INFO     | >> # episodes completed so    run_libero_eval.py:223
                          far: 400                                              
                 INFO     | >> # successes: 388 (97.0%)   run_libero_eval.py:223


100%|██████████| 50/50 [15:47<00:00, 21.18s/it][A
100%|██████████| 50/50 [15:47<00:00, 18.96s/it]
                 INFO     | >> Current task success rate: run_libero_eval.py:223
                          0.92                                                  
                 INFO     | >> Current total success      run_libero_eval.py:223
                          rate: 0.97                                            

 80%|████████  | 8/10 [1:46:48<28:14, 847.48s/it][Warning]: datasets path <home_path>/code/publish-ddpvla/LIBERO/datasets does not exist!
                 INFO     | >> Using default initial      run_libero_eval.py:223
                          states                                                
[Warning]: datasets path <home_path>/code/publish-ddpvla/LIBERO/datasets does not exist!


  0%|          | 0/50 [00:00<?, ?it/s][A05/18 [20:13:08] INFO     | >>                            run_libero_eval.py:223
                          Task: pick up the black bowl                          
                          next to the plate and place it                        
                          on the plate                                          
                 INFO     | >> Starting episode 1...      run_libero_eval.py:223
05/18 [20:13:22] INFO     | >> Success: True              run_libero_eval.py:223
                 INFO     | >> # episodes completed so    run_libero_eval.py:223
                          far: 401                                              
                 INFO     | >> # successes: 389 (97.0%)   run_libero_eval.py:223


  2%|▏         | 1/50 [00:14<11:26, 14.00s/it][A                 INFO     | >>                            run_libero_eval.py:223
                          Task: pick up the black bowl                          
                          next to the plate and place it                        
                          on the plate                                          
                 INFO     | >> Starting episode 2...      run_libero_eval.py:223
05/18 [20:13:36] INFO     | >> Success: True              run_libero_eval.py:223
                 INFO     | >> # episodes completed so    run_libero_eval.py:223
                          far: 402                                              
                 INFO     | >> # successes: 390 (97.0%)   run_libero_eval.py:223


  4%|▍         | 2/50 [00:28<11:15, 14.08s/it][A                 INFO     | >>                            run_libero_eval.py:223
                          Task: pick up the black bowl                          
                          next to the plate and place it                        
                          on the plate                                          
                 INFO     | >> Starting episode 3...      run_libero_eval.py:223
05/18 [20:13:50] INFO     | >> Success: True              run_libero_eval.py:223
                 INFO     | >> # episodes completed so    run_libero_eval.py:223
                          far: 403                                              
                 INFO     | >> # successes: 391 (97.0%)   run_libero_eval.py:223


  6%|▌         | 3/50 [00:42<10:57, 13.99s/it][A                 INFO     | >>                            run_libero_eval.py:223
                          Task: pick up the black bowl                          
                          next to the plate and place it                        
                          on the plate                                          
                 INFO     | >> Starting episode 4...      run_libero_eval.py:223
05/18 [20:14:06] INFO     | >> Success: True              run_libero_eval.py:223
                 INFO     | >> # episodes completed so    run_libero_eval.py:223
                          far: 404                                              
                 INFO     | >> # successes: 392 (97.0%)   run_libero_eval.py:223


  8%|▊         | 4/50 [00:57<11:17, 14.73s/it][A                 INFO     | >>                            run_libero_eval.py:223
                          Task: pick up the black bowl                          
                          next to the plate and place it                        
                          on the plate                                          
                 INFO     | >> Starting episode 5...      run_libero_eval.py:223
05/18 [20:14:21] INFO     | >> Success: True              run_libero_eval.py:223
                 INFO     | >> # episodes completed so    run_libero_eval.py:223
                          far: 405                                              
                 INFO     | >> # successes: 393 (97.0%)   run_libero_eval.py:223


 10%|█         | 5/50 [01:12<11:04, 14.76s/it][A                 INFO     | >>                            run_libero_eval.py:223
                          Task: pick up the black bowl                          
                          next to the plate and place it                        
                          on the plate                                          
                 INFO     | >> Starting episode 6...      run_libero_eval.py:223
05/18 [20:14:37] INFO     | >> Success: True              run_libero_eval.py:223
                 INFO     | >> # episodes completed so    run_libero_eval.py:223
                          far: 406                                              
                 INFO     | >> # successes: 394 (97.0%)   run_libero_eval.py:223


 12%|█▏        | 6/50 [01:29<11:13, 15.30s/it][A                 INFO     | >>                            run_libero_eval.py:223
                          Task: pick up the black bowl                          
                          next to the plate and place it                        
                          on the plate                                          
                 INFO     | >> Starting episode 7...      run_libero_eval.py:223
05/18 [20:14:53] INFO     | >> Success: True              run_libero_eval.py:223
                 INFO     | >> # episodes completed so    run_libero_eval.py:223
                          far: 407                                              
                 INFO     | >> # successes: 395 (97.1%)   run_libero_eval.py:223


 14%|█▍        | 7/50 [01:45<11:07, 15.53s/it][A                 INFO     | >>                            run_libero_eval.py:223
                          Task: pick up the black bowl                          
                          next to the plate and place it                        
                          on the plate                                          
                 INFO     | >> Starting episode 8...      run_libero_eval.py:223
05/18 [20:15:06] INFO     | >> Success: True              run_libero_eval.py:223
                 INFO     | >> # episodes completed so    run_libero_eval.py:223
                          far: 408                                              
                 INFO     | >> # successes: 396 (97.1%)   run_libero_eval.py:223


 16%|█▌        | 8/50 [01:58<10:24, 14.86s/it][A                 INFO     | >>                            run_libero_eval.py:223
                          Task: pick up the black bowl                          
                          next to the plate and place it                        
                          on the plate                                          
                 INFO     | >> Starting episode 9...      run_libero_eval.py:223
05/18 [20:15:23] INFO     | >> Success: True              run_libero_eval.py:223
                 INFO     | >> # episodes completed so    run_libero_eval.py:223
                          far: 409                                              
                 INFO     | >> # successes: 397 (97.1%)   run_libero_eval.py:223


 18%|█▊        | 9/50 [02:15<10:35, 15.51s/it][A                 INFO     | >>                            run_libero_eval.py:223
                          Task: pick up the black bowl                          
                          next to the plate and place it                        
                          on the plate                                          
                 INFO     | >> Starting episode 10...     run_libero_eval.py:223
05/18 [20:15:38] INFO     | >> Success: True              run_libero_eval.py:223
                 INFO     | >> # episodes completed so    run_libero_eval.py:223
                          far: 410                                              
                 INFO     | >> # successes: 398 (97.1%)   run_libero_eval.py:223


 20%|██        | 10/50 [02:30<10:11, 15.28s/it][A                 INFO     | >>                            run_libero_eval.py:223
                          Task: pick up the black bowl                          
                          next to the plate and place it                        
                          on the plate                                          
                 INFO     | >> Starting episode 11...     run_libero_eval.py:223
05/18 [20:15:53] INFO     | >> Success: True              run_libero_eval.py:223
                 INFO     | >> # episodes completed so    run_libero_eval.py:223
                          far: 411                                              
                 INFO     | >> # successes: 399 (97.1%)   run_libero_eval.py:223


 22%|██▏       | 11/50 [02:45<09:56, 15.30s/it][A                 INFO     | >>                            run_libero_eval.py:223
                          Task: pick up the black bowl                          
                          next to the plate and place it                        
                          on the plate                                          
                 INFO     | >> Starting episode 12...     run_libero_eval.py:223
05/18 [20:16:09] INFO     | >> Success: True              run_libero_eval.py:223
                 INFO     | >> # episodes completed so    run_libero_eval.py:223
                          far: 412                                              
                 INFO     | >> # successes: 400 (97.1%)   run_libero_eval.py:223


 24%|██▍       | 12/50 [03:00<09:42, 15.34s/it][A                 INFO     | >>                            run_libero_eval.py:223
                          Task: pick up the black bowl                          
                          next to the plate and place it                        
                          on the plate                                          
                 INFO     | >> Starting episode 13...     run_libero_eval.py:223
05/18 [20:16:24] INFO     | >> Success: True              run_libero_eval.py:223
                 INFO     | >> # episodes completed so    run_libero_eval.py:223
                          far: 413                                              
                 INFO     | >> # successes: 401 (97.1%)   run_libero_eval.py:223


 26%|██▌       | 13/50 [03:16<09:25, 15.28s/it][A                 INFO     | >>                            run_libero_eval.py:223
                          Task: pick up the black bowl                          
                          next to the plate and place it                        
                          on the plate                                          
                 INFO     | >> Starting episode 14...     run_libero_eval.py:223
05/18 [20:16:39] INFO     | >> Success: True              run_libero_eval.py:223
                 INFO     | >> # episodes completed so    run_libero_eval.py:223
                          far: 414                                              
                 INFO     | >> # successes: 402 (97.1%)   run_libero_eval.py:223


 28%|██▊       | 14/50 [03:30<09:03, 15.09s/it][A                 INFO     | >>                            run_libero_eval.py:223
                          Task: pick up the black bowl                          
                          next to the plate and place it                        
                          on the plate                                          
                 INFO     | >> Starting episode 15...     run_libero_eval.py:223
05/18 [20:16:55] INFO     | >> Success: True              run_libero_eval.py:223
                 INFO     | >> # episodes completed so    run_libero_eval.py:223
                          far: 415                                              
                 INFO     | >> # successes: 403 (97.1%)   run_libero_eval.py:223


 30%|███       | 15/50 [03:46<08:56, 15.32s/it][A                 INFO     | >>                            run_libero_eval.py:223
                          Task: pick up the black bowl                          
                          next to the plate and place it                        
                          on the plate                                          
                 INFO     | >> Starting episode 16...     run_libero_eval.py:223
05/18 [20:17:10] INFO     | >> Success: True              run_libero_eval.py:223
                 INFO     | >> # episodes completed so    run_libero_eval.py:223
                          far: 416                                              
                 INFO     | >> # successes: 404 (97.1%)   run_libero_eval.py:223


 32%|███▏      | 16/50 [04:02<08:44, 15.42s/it][A                 INFO     | >>                            run_libero_eval.py:223
                          Task: pick up the black bowl                          
                          next to the plate and place it                        
                          on the plate                                          
                 INFO     | >> Starting episode 17...     run_libero_eval.py:223
05/18 [20:17:25] INFO     | >> Success: True              run_libero_eval.py:223
                 INFO     | >> # episodes completed so    run_libero_eval.py:223
                          far: 417                                              
                 INFO     | >> # successes: 405 (97.1%)   run_libero_eval.py:223


 34%|███▍      | 17/50 [04:17<08:24, 15.29s/it][A                 INFO     | >>                            run_libero_eval.py:223
                          Task: pick up the black bowl                          
                          next to the plate and place it                        
                          on the plate                                          
                 INFO     | >> Starting episode 18...     run_libero_eval.py:223
05/18 [20:17:42] INFO     | >> Success: True              run_libero_eval.py:223
                 INFO     | >> # episodes completed so    run_libero_eval.py:223
                          far: 418                                              
                 INFO     | >> # successes: 406 (97.1%)   run_libero_eval.py:223


 36%|███▌      | 18/50 [04:33<08:22, 15.70s/it][A                 INFO     | >>                            run_libero_eval.py:223
                          Task: pick up the black bowl                          
                          next to the plate and place it                        
                          on the plate                                          
                 INFO     | >> Starting episode 19...     run_libero_eval.py:223
05/18 [20:17:57] INFO     | >> Success: True              run_libero_eval.py:223
                 INFO     | >> # episodes completed so    run_libero_eval.py:223
                          far: 419                                              
                 INFO     | >> # successes: 407 (97.1%)   run_libero_eval.py:223


 38%|███▊      | 19/50 [04:49<08:01, 15.52s/it][A                 INFO     | >>                            run_libero_eval.py:223
                          Task: pick up the black bowl                          
                          next to the plate and place it                        
                          on the plate                                          
                 INFO     | >> Starting episode 20...     run_libero_eval.py:223
05/18 [20:18:13] INFO     | >> Success: True              run_libero_eval.py:223
                 INFO     | >> # episodes completed so    run_libero_eval.py:223
                          far: 420                                              
                 INFO     | >> # successes: 408 (97.1%)   run_libero_eval.py:223


 40%|████      | 20/50 [05:04<07:49, 15.64s/it][A                 INFO     | >>                            run_libero_eval.py:223
                          Task: pick up the black bowl                          
                          next to the plate and place it                        
                          on the plate                                          
                 INFO     | >> Starting episode 21...     run_libero_eval.py:223
05/18 [20:18:29] INFO     | >> Success: True              run_libero_eval.py:223
                 INFO     | >> # episodes completed so    run_libero_eval.py:223
                          far: 421                                              
                 INFO     | >> # successes: 409 (97.1%)   run_libero_eval.py:223


 42%|████▏     | 21/50 [05:21<07:40, 15.87s/it][A                 INFO     | >>                            run_libero_eval.py:223
                          Task: pick up the black bowl                          
                          next to the plate and place it                        
                          on the plate                                          
                 INFO     | >> Starting episode 22...     run_libero_eval.py:223
05/18 [20:18:45] INFO     | >> Success: True              run_libero_eval.py:223
05/18 [20:18:46] INFO     | >> # episodes completed so    run_libero_eval.py:223
                          far: 422                                              
                 INFO     | >> # successes: 410 (97.2%)   run_libero_eval.py:223


 44%|████▍     | 22/50 [05:37<07:27, 15.97s/it][A                 INFO     | >>                            run_libero_eval.py:223
                          Task: pick up the black bowl                          
                          next to the plate and place it                        
                          on the plate                                          
                 INFO     | >> Starting episode 23...     run_libero_eval.py:223
05/18 [20:19:02] INFO     | >> Success: True              run_libero_eval.py:223
                 INFO     | >> # episodes completed so    run_libero_eval.py:223
                          far: 423                                              
                 INFO     | >> # successes: 411 (97.2%)   run_libero_eval.py:223


 46%|████▌     | 23/50 [05:53<07:11, 16.00s/it][A                 INFO     | >>                            run_libero_eval.py:223
                          Task: pick up the black bowl                          
                          next to the plate and place it                        
                          on the plate                                          
                 INFO     | >> Starting episode 24...     run_libero_eval.py:223
05/18 [20:19:19] INFO     | >> Success: True              run_libero_eval.py:223
                 INFO     | >> # episodes completed so    run_libero_eval.py:223
                          far: 424                                              
                 INFO     | >> # successes: 412 (97.2%)   run_libero_eval.py:223


 48%|████▊     | 24/50 [06:10<07:05, 16.36s/it][A                 INFO     | >>                            run_libero_eval.py:223
                          Task: pick up the black bowl                          
                          next to the plate and place it                        
                          on the plate                                          
                 INFO     | >> Starting episode 25...     run_libero_eval.py:223
05/18 [20:19:35] INFO     | >> Success: True              run_libero_eval.py:223
                 INFO     | >> # episodes completed so    run_libero_eval.py:223
                          far: 425                                              
                 INFO     | >> # successes: 413 (97.2%)   run_libero_eval.py:223


 50%|█████     | 25/50 [06:27<06:51, 16.47s/it][A                 INFO     | >>                            run_libero_eval.py:223
                          Task: pick up the black bowl                          
                          next to the plate and place it                        
                          on the plate                                          
                 INFO     | >> Starting episode 26...     run_libero_eval.py:223
05/18 [20:20:06] INFO     | >> Success: False             run_libero_eval.py:223
                 INFO     | >> # episodes completed so    run_libero_eval.py:223
                          far: 426                                              
                 INFO     | >> # successes: 413 (96.9%)   run_libero_eval.py:223


 52%|█████▏    | 26/50 [06:58<08:17, 20.74s/it][A                 INFO     | >>                            run_libero_eval.py:223
                          Task: pick up the black bowl                          
                          next to the plate and place it                        
                          on the plate                                          
                 INFO     | >> Starting episode 27...     run_libero_eval.py:223
05/18 [20:20:22] INFO     | >> Success: True              run_libero_eval.py:223
                 INFO     | >> # episodes completed so    run_libero_eval.py:223
                          far: 427                                              
                 INFO     | >> # successes: 414 (97.0%)   run_libero_eval.py:223


 54%|█████▍    | 27/50 [07:13<07:20, 19.17s/it][A                 INFO     | >>                            run_libero_eval.py:223
                          Task: pick up the black bowl                          
                          next to the plate and place it                        
                          on the plate                                          
                 INFO     | >> Starting episode 28...     run_libero_eval.py:223
05/18 [20:20:38] INFO     | >> Success: True              run_libero_eval.py:223
                 INFO     | >> # episodes completed so    run_libero_eval.py:223
                          far: 428                                              
                 INFO     | >> # successes: 415 (97.0%)   run_libero_eval.py:223


 56%|█████▌    | 28/50 [07:29<06:40, 18.21s/it][A                 INFO     | >>                            run_libero_eval.py:223
                          Task: pick up the black bowl                          
                          next to the plate and place it                        
                          on the plate                                          
                 INFO     | >> Starting episode 29...     run_libero_eval.py:223
05/18 [20:20:54] INFO     | >> Success: True              run_libero_eval.py:223
                 INFO     | >> # episodes completed so    run_libero_eval.py:223
                          far: 429                                              
                 INFO     | >> # successes: 416 (97.0%)   run_libero_eval.py:223


 58%|█████▊    | 29/50 [07:46<06:13, 17.77s/it][A                 INFO     | >>                            run_libero_eval.py:223
                          Task: pick up the black bowl                          
                          next to the plate and place it                        
                          on the plate                                          
                 INFO     | >> Starting episode 30...     run_libero_eval.py:223
05/18 [20:21:11] INFO     | >> Success: True              run_libero_eval.py:223
                 INFO     | >> # episodes completed so    run_libero_eval.py:223
                          far: 430                                              
                 INFO     | >> # successes: 417 (97.0%)   run_libero_eval.py:223


 60%|██████    | 30/50 [08:02<05:46, 17.30s/it][A                 INFO     | >>                            run_libero_eval.py:223
                          Task: pick up the black bowl                          
                          next to the plate and place it                        
                          on the plate                                          
                 INFO     | >> Starting episode 31...     run_libero_eval.py:223
05/18 [20:21:25] INFO     | >> Success: True              run_libero_eval.py:223
                 INFO     | >> # episodes completed so    run_libero_eval.py:223
                          far: 431                                              
                 INFO     | >> # successes: 418 (97.0%)   run_libero_eval.py:223


 62%|██████▏   | 31/50 [08:17<05:13, 16.48s/it][A                 INFO     | >>                            run_libero_eval.py:223
                          Task: pick up the black bowl                          
                          next to the plate and place it                        
                          on the plate                                          
                 INFO     | >> Starting episode 32...     run_libero_eval.py:223
05/18 [20:21:49] INFO     | >> Success: True              run_libero_eval.py:223
                 INFO     | >> # episodes completed so    run_libero_eval.py:223
                          far: 432                                              
                 INFO     | >> # successes: 419 (97.0%)   run_libero_eval.py:223


 64%|██████▍   | 32/50 [08:41<05:38, 18.78s/it][A                 INFO     | >>                            run_libero_eval.py:223
                          Task: pick up the black bowl                          
                          next to the plate and place it                        
                          on the plate                                          
                 INFO     | >> Starting episode 33...     run_libero_eval.py:223
05/18 [20:22:20] INFO     | >> Success: False             run_libero_eval.py:223
                 INFO     | >> # episodes completed so    run_libero_eval.py:223
                          far: 433                                              
                 INFO     | >> # successes: 419 (96.8%)   run_libero_eval.py:223


 66%|██████▌   | 33/50 [09:12<06:22, 22.48s/it][A                 INFO     | >>                            run_libero_eval.py:223
                          Task: pick up the black bowl                          
                          next to the plate and place it                        
                          on the plate                                          
                 INFO     | >> Starting episode 34...     run_libero_eval.py:223
05/18 [20:22:36] INFO     | >> Success: True              run_libero_eval.py:223
                 INFO     | >> # episodes completed so    run_libero_eval.py:223
                          far: 434                                              
                 INFO     | >> # successes: 420 (96.8%)   run_libero_eval.py:223


 68%|██████▊   | 34/50 [09:28<05:28, 20.52s/it][A                 INFO     | >>                            run_libero_eval.py:223
                          Task: pick up the black bowl                          
                          next to the plate and place it                        
                          on the plate                                          
                 INFO     | >> Starting episode 35...     run_libero_eval.py:223
05/18 [20:22:53] INFO     | >> Success: True              run_libero_eval.py:223
                 INFO     | >> # episodes completed so    run_libero_eval.py:223
                          far: 435                                              
                 INFO     | >> # successes: 421 (96.8%)   run_libero_eval.py:223


 70%|███████   | 35/50 [09:44<04:49, 19.28s/it][A                 INFO     | >>                            run_libero_eval.py:223
                          Task: pick up the black bowl                          
                          next to the plate and place it                        
                          on the plate                                          
                 INFO     | >> Starting episode 36...     run_libero_eval.py:223
05/18 [20:23:08] INFO     | >> Success: True              run_libero_eval.py:223
                 INFO     | >> # episodes completed so    run_libero_eval.py:223
                          far: 436                                              
                 INFO     | >> # successes: 422 (96.8%)   run_libero_eval.py:223


 72%|███████▏  | 36/50 [10:00<04:14, 18.20s/it][A                 INFO     | >>                            run_libero_eval.py:223
                          Task: pick up the black bowl                          
                          next to the plate and place it                        
                          on the plate                                          
                 INFO     | >> Starting episode 37...     run_libero_eval.py:223
05/18 [20:23:25] INFO     | >> Success: True              run_libero_eval.py:223
                 INFO     | >> # episodes completed so    run_libero_eval.py:223
                          far: 437                                              
                 INFO     | >> # successes: 423 (96.8%)   run_libero_eval.py:223


 74%|███████▍  | 37/50 [10:17<03:51, 17.83s/it][A                 INFO     | >>                            run_libero_eval.py:223
                          Task: pick up the black bowl                          
                          next to the plate and place it                        
                          on the plate                                          
                 INFO     | >> Starting episode 38...     run_libero_eval.py:223
05/18 [20:23:41] INFO     | >> Success: True              run_libero_eval.py:223
                 INFO     | >> # episodes completed so    run_libero_eval.py:223
                          far: 438                                              
                 INFO     | >> # successes: 424 (96.8%)   run_libero_eval.py:223


 76%|███████▌  | 38/50 [10:33<03:27, 17.30s/it][A                 INFO     | >>                            run_libero_eval.py:223
                          Task: pick up the black bowl                          
                          next to the plate and place it                        
                          on the plate                                          
                 INFO     | >> Starting episode 39...     run_libero_eval.py:223
05/18 [20:23:58] INFO     | >> Success: True              run_libero_eval.py:223
                 INFO     | >> # episodes completed so    run_libero_eval.py:223
                          far: 439                                              
                 INFO     | >> # successes: 425 (96.8%)   run_libero_eval.py:223


 78%|███████▊  | 39/50 [10:50<03:07, 17.07s/it][A                 INFO     | >>                            run_libero_eval.py:223
                          Task: pick up the black bowl                          
                          next to the plate and place it                        
                          on the plate                                          
                 INFO     | >> Starting episode 40...     run_libero_eval.py:223
05/18 [20:24:12] INFO     | >> Success: True              run_libero_eval.py:223
                 INFO     | >> # episodes completed so    run_libero_eval.py:223
                          far: 440                                              
                 INFO     | >> # successes: 426 (96.8%)   run_libero_eval.py:223


 80%|████████  | 40/50 [11:04<02:42, 16.23s/it][A                 INFO     | >>                            run_libero_eval.py:223
                          Task: pick up the black bowl                          
                          next to the plate and place it                        
                          on the plate                                          
                 INFO     | >> Starting episode 41...     run_libero_eval.py:223
05/18 [20:24:29] INFO     | >> Success: True              run_libero_eval.py:223
                 INFO     | >> # episodes completed so    run_libero_eval.py:223
                          far: 441                                              
                 INFO     | >> # successes: 427 (96.8%)   run_libero_eval.py:223


 82%|████████▏ | 41/50 [11:21<02:28, 16.46s/it][A                 INFO     | >>                            run_libero_eval.py:223
                          Task: pick up the black bowl                          
                          next to the plate and place it                        
                          on the plate                                          
                 INFO     | >> Starting episode 42...     run_libero_eval.py:223
05/18 [20:24:46] INFO     | >> Success: True              run_libero_eval.py:223
                 INFO     | >> # episodes completed so    run_libero_eval.py:223
                          far: 442                                              
                 INFO     | >> # successes: 428 (96.8%)   run_libero_eval.py:223


 84%|████████▍ | 42/50 [11:38<02:12, 16.59s/it][A                 INFO     | >>                            run_libero_eval.py:223
                          Task: pick up the black bowl                          
                          next to the plate and place it                        
                          on the plate                                          
                 INFO     | >> Starting episode 43...     run_libero_eval.py:223
05/18 [20:25:06] INFO     | >> Success: True              run_libero_eval.py:223
                 INFO     | >> # episodes completed so    run_libero_eval.py:223
                          far: 443                                              
                 INFO     | >> # successes: 429 (96.8%)   run_libero_eval.py:223


 86%|████████▌ | 43/50 [11:58<02:03, 17.61s/it][A                 INFO     | >>                            run_libero_eval.py:223
                          Task: pick up the black bowl                          
                          next to the plate and place it                        
                          on the plate                                          
                 INFO     | >> Starting episode 44...     run_libero_eval.py:223
05/18 [20:25:25] INFO     | >> Success: True              run_libero_eval.py:223
                 INFO     | >> # episodes completed so    run_libero_eval.py:223
                          far: 444                                              
                 INFO     | >> # successes: 430 (96.8%)   run_libero_eval.py:223


 88%|████████▊ | 44/50 [12:16<01:47, 17.90s/it][A                 INFO     | >>                            run_libero_eval.py:223
                          Task: pick up the black bowl                          
                          next to the plate and place it                        
                          on the plate                                          
                 INFO     | >> Starting episode 45...     run_libero_eval.py:223
05/18 [20:25:41] INFO     | >> Success: True              run_libero_eval.py:223
                 INFO     | >> # episodes completed so    run_libero_eval.py:223
                          far: 445                                              
                 INFO     | >> # successes: 431 (96.9%)   run_libero_eval.py:223


 90%|█████████ | 45/50 [12:32<01:26, 17.30s/it][A                 INFO     | >>                            run_libero_eval.py:223
                          Task: pick up the black bowl                          
                          next to the plate and place it                        
                          on the plate                                          
                 INFO     | >> Starting episode 46...     run_libero_eval.py:223
05/18 [20:25:58] INFO     | >> Success: True              run_libero_eval.py:223
                 INFO     | >> # episodes completed so    run_libero_eval.py:223
                          far: 446                                              
                 INFO     | >> # successes: 432 (96.9%)   run_libero_eval.py:223


 92%|█████████▏| 46/50 [12:49<01:08, 17.20s/it][A                 INFO     | >>                            run_libero_eval.py:223
                          Task: pick up the black bowl                          
                          next to the plate and place it                        
                          on the plate                                          
                 INFO     | >> Starting episode 47...     run_libero_eval.py:223
05/18 [20:26:13] INFO     | >> Success: True              run_libero_eval.py:223
                 INFO     | >> # episodes completed so    run_libero_eval.py:223
                          far: 447                                              
                 INFO     | >> # successes: 433 (96.9%)   run_libero_eval.py:223


 94%|█████████▍| 47/50 [13:04<00:49, 16.57s/it][A                 INFO     | >>                            run_libero_eval.py:223
                          Task: pick up the black bowl                          
                          next to the plate and place it                        
                          on the plate                                          
                 INFO     | >> Starting episode 48...     run_libero_eval.py:223
05/18 [20:26:28] INFO     | >> Success: True              run_libero_eval.py:223
                 INFO     | >> # episodes completed so    run_libero_eval.py:223
                          far: 448                                              
                 INFO     | >> # successes: 434 (96.9%)   run_libero_eval.py:223


 96%|█████████▌| 48/50 [13:19<00:32, 16.11s/it][A                 INFO     | >>                            run_libero_eval.py:223
                          Task: pick up the black bowl                          
                          next to the plate and place it                        
                          on the plate                                          
                 INFO     | >> Starting episode 49...     run_libero_eval.py:223
05/18 [20:26:44] INFO     | >> Success: True              run_libero_eval.py:223
                 INFO     | >> # episodes completed so    run_libero_eval.py:223
                          far: 449                                              
                 INFO     | >> # successes: 435 (96.9%)   run_libero_eval.py:223


 98%|█████████▊| 49/50 [13:36<00:16, 16.16s/it][A                 INFO     | >>                            run_libero_eval.py:223
                          Task: pick up the black bowl                          
                          next to the plate and place it                        
                          on the plate                                          
                 INFO     | >> Starting episode 50...     run_libero_eval.py:223
05/18 [20:26:59] INFO     | >> Success: True              run_libero_eval.py:223
                 INFO     | >> # episodes completed so    run_libero_eval.py:223
                          far: 450                                              
                 INFO     | >> # successes: 436 (96.9%)   run_libero_eval.py:223


100%|██████████| 50/50 [13:50<00:00, 15.69s/it][A
100%|██████████| 50/50 [13:50<00:00, 16.61s/it]
                 INFO     | >> Current task success rate: run_libero_eval.py:223
                          0.96                                                  
                 INFO     | >> Current total success      run_libero_eval.py:223
                          rate: 0.9688888888888889                              

 90%|█████████ | 9/10 [2:00:40<14:02, 842.59s/it][Warning]: datasets path <home_path>/code/publish-ddpvla/LIBERO/datasets does not exist!
                 INFO     | >> Using default initial      run_libero_eval.py:223
                          states                                                
[Warning]: datasets path <home_path>/code/publish-ddpvla/LIBERO/datasets does not exist!


  0%|          | 0/50 [00:00<?, ?it/s][A05/18 [20:27:01] INFO     | >>                            run_libero_eval.py:223
                          Task: pick up the black bowl on                       
                          the wooden cabinet and place it                       
                          on the plate                                          
                 INFO     | >> Starting episode 1...      run_libero_eval.py:223
05/18 [20:27:19] INFO     | >> Success: True              run_libero_eval.py:223
                 INFO     | >> # episodes completed so    run_libero_eval.py:223
                          far: 451                                              
                 INFO     | >> # successes: 437 (96.9%)   run_libero_eval.py:223


  2%|▏         | 1/50 [00:18<14:48, 18.14s/it][A                 INFO     | >>                            run_libero_eval.py:223
                          Task: pick up the black bowl on                       
                          the wooden cabinet and place it                       
                          on the plate                                          
                 INFO     | >> Starting episode 2...      run_libero_eval.py:223
05/18 [20:27:38] INFO     | >> Success: True              run_libero_eval.py:223
                 INFO     | >> # episodes completed so    run_libero_eval.py:223
                          far: 452                                              
                 INFO     | >> # successes: 438 (96.9%)   run_libero_eval.py:223


  4%|▍         | 2/50 [00:37<15:09, 18.96s/it][A                 INFO     | >>                            run_libero_eval.py:223
                          Task: pick up the black bowl on                       
                          the wooden cabinet and place it                       
                          on the plate                                          
                 INFO     | >> Starting episode 3...      run_libero_eval.py:223
05/18 [20:27:57] INFO     | >> Success: True              run_libero_eval.py:223
                 INFO     | >> # episodes completed so    run_libero_eval.py:223
                          far: 453                                              
                 INFO     | >> # successes: 439 (96.9%)   run_libero_eval.py:223


  6%|▌         | 3/50 [00:56<14:47, 18.88s/it][A                 INFO     | >>                            run_libero_eval.py:223
                          Task: pick up the black bowl on                       
                          the wooden cabinet and place it                       
                          on the plate                                          
                 INFO     | >> Starting episode 4...      run_libero_eval.py:223
05/18 [20:28:17] INFO     | >> Success: True              run_libero_eval.py:223
                 INFO     | >> # episodes completed so    run_libero_eval.py:223
                          far: 454                                              
                 INFO     | >> # successes: 440 (96.9%)   run_libero_eval.py:223


  8%|▊         | 4/50 [01:16<14:40, 19.15s/it][A                 INFO     | >>                            run_libero_eval.py:223
                          Task: pick up the black bowl on                       
                          the wooden cabinet and place it                       
                          on the plate                                          
                 INFO     | >> Starting episode 5...      run_libero_eval.py:223
05/18 [20:28:37] INFO     | >> Success: True              run_libero_eval.py:223
                 INFO     | >> # episodes completed so    run_libero_eval.py:223
                          far: 455                                              
                 INFO     | >> # successes: 441 (96.9%)   run_libero_eval.py:223


 10%|█         | 5/50 [01:36<14:38, 19.52s/it][A                 INFO     | >>                            run_libero_eval.py:223
                          Task: pick up the black bowl on                       
                          the wooden cabinet and place it                       
                          on the plate                                          
                 INFO     | >> Starting episode 6...      run_libero_eval.py:223
05/18 [20:28:55] INFO     | >> Success: True              run_libero_eval.py:223
                 INFO     | >> # episodes completed so    run_libero_eval.py:223
                          far: 456                                              
                 INFO     | >> # successes: 442 (96.9%)   run_libero_eval.py:223


 12%|█▏        | 6/50 [01:54<13:55, 18.99s/it][A                 INFO     | >>                            run_libero_eval.py:223
                          Task: pick up the black bowl on                       
                          the wooden cabinet and place it                       
                          on the plate                                          
                 INFO     | >> Starting episode 7...      run_libero_eval.py:223
05/18 [20:29:15] INFO     | >> Success: True              run_libero_eval.py:223
                 INFO     | >> # episodes completed so    run_libero_eval.py:223
                          far: 457                                              
                 INFO     | >> # successes: 443 (96.9%)   run_libero_eval.py:223


 14%|█▍        | 7/50 [02:14<13:52, 19.35s/it][A                 INFO     | >>                            run_libero_eval.py:223
                          Task: pick up the black bowl on                       
                          the wooden cabinet and place it                       
                          on the plate                                          
                 INFO     | >> Starting episode 8...      run_libero_eval.py:223
05/18 [20:29:34] INFO     | >> Success: True              run_libero_eval.py:223
                 INFO     | >> # episodes completed so    run_libero_eval.py:223
                          far: 458                                              
                 INFO     | >> # successes: 444 (96.9%)   run_libero_eval.py:223


 16%|█▌        | 8/50 [02:32<13:23, 19.13s/it][A                 INFO     | >>                            run_libero_eval.py:223
                          Task: pick up the black bowl on                       
                          the wooden cabinet and place it                       
                          on the plate                                          
                 INFO     | >> Starting episode 9...      run_libero_eval.py:223
05/18 [20:29:53] INFO     | >> Success: True              run_libero_eval.py:223
                 INFO     | >> # episodes completed so    run_libero_eval.py:223
                          far: 459                                              
                 INFO     | >> # successes: 445 (96.9%)   run_libero_eval.py:223


 18%|█▊        | 9/50 [02:52<13:11, 19.29s/it][A                 INFO     | >>                            run_libero_eval.py:223
                          Task: pick up the black bowl on                       
                          the wooden cabinet and place it                       
                          on the plate                                          
                 INFO     | >> Starting episode 10...     run_libero_eval.py:223
05/18 [20:30:12] INFO     | >> Success: True              run_libero_eval.py:223
                 INFO     | >> # episodes completed so    run_libero_eval.py:223
                          far: 460                                              
                 INFO     | >> # successes: 446 (97.0%)   run_libero_eval.py:223


 20%|██        | 10/50 [03:11<12:47, 19.19s/it][A                 INFO     | >>                            run_libero_eval.py:223
                          Task: pick up the black bowl on                       
                          the wooden cabinet and place it                       
                          on the plate                                          
                 INFO     | >> Starting episode 11...     run_libero_eval.py:223
05/18 [20:30:32] INFO     | >> Success: True              run_libero_eval.py:223
                 INFO     | >> # episodes completed so    run_libero_eval.py:223
                          far: 461                                              
                 INFO     | >> # successes: 447 (97.0%)   run_libero_eval.py:223


 22%|██▏       | 11/50 [03:30<12:30, 19.25s/it][A                 INFO     | >>                            run_libero_eval.py:223
                          Task: pick up the black bowl on                       
                          the wooden cabinet and place it                       
                          on the plate                                          
                 INFO     | >> Starting episode 12...     run_libero_eval.py:223
05/18 [20:30:51] INFO     | >> Success: True              run_libero_eval.py:223
                 INFO     | >> # episodes completed so    run_libero_eval.py:223
                          far: 462                                              
                 INFO     | >> # successes: 448 (97.0%)   run_libero_eval.py:223


 24%|██▍       | 12/50 [03:50<12:14, 19.34s/it][A                 INFO     | >>                            run_libero_eval.py:223
                          Task: pick up the black bowl on                       
                          the wooden cabinet and place it                       
                          on the plate                                          
                 INFO     | >> Starting episode 13...     run_libero_eval.py:223
05/18 [20:31:16] INFO     | >> Success: True              run_libero_eval.py:223
                 INFO     | >> # episodes completed so    run_libero_eval.py:223
                          far: 463                                              
                 INFO     | >> # successes: 449 (97.0%)   run_libero_eval.py:223


 26%|██▌       | 13/50 [04:14<12:53, 20.91s/it][A                 INFO     | >>                            run_libero_eval.py:223
                          Task: pick up the black bowl on                       
                          the wooden cabinet and place it                       
                          on the plate                                          
                 INFO     | >> Starting episode 14...     run_libero_eval.py:223
05/18 [20:31:36] INFO     | >> Success: True              run_libero_eval.py:223
                 INFO     | >> # episodes completed so    run_libero_eval.py:223
                          far: 464                                              
                 INFO     | >> # successes: 450 (97.0%)   run_libero_eval.py:223


 28%|██▊       | 14/50 [04:34<12:21, 20.61s/it][A                 INFO     | >>                            run_libero_eval.py:223
                          Task: pick up the black bowl on                       
                          the wooden cabinet and place it                       
                          on the plate                                          
                 INFO     | >> Starting episode 15...     run_libero_eval.py:223
05/18 [20:31:55] INFO     | >> Success: True              run_libero_eval.py:223
                 INFO     | >> # episodes completed so    run_libero_eval.py:223
                          far: 465                                              
                 INFO     | >> # successes: 451 (97.0%)   run_libero_eval.py:223


 30%|███       | 15/50 [04:53<11:44, 20.11s/it][A                 INFO     | >>                            run_libero_eval.py:223
                          Task: pick up the black bowl on                       
                          the wooden cabinet and place it                       
                          on the plate                                          
                 INFO     | >> Starting episode 16...     run_libero_eval.py:223
05/18 [20:32:14] INFO     | >> Success: True              run_libero_eval.py:223
                 INFO     | >> # episodes completed so    run_libero_eval.py:223
                          far: 466                                              
                 INFO     | >> # successes: 452 (97.0%)   run_libero_eval.py:223


 32%|███▏      | 16/50 [05:12<11:12, 19.77s/it][A                 INFO     | >>                            run_libero_eval.py:223
                          Task: pick up the black bowl on                       
                          the wooden cabinet and place it                       
                          on the plate                                          
                 INFO     | >> Starting episode 17...     run_libero_eval.py:223
05/18 [20:32:35] INFO     | >> Success: True              run_libero_eval.py:223
                 INFO     | >> # episodes completed so    run_libero_eval.py:223
                          far: 467                                              
                 INFO     | >> # successes: 453 (97.0%)   run_libero_eval.py:223


 34%|███▍      | 17/50 [05:33<11:04, 20.13s/it][A                 INFO     | >>                            run_libero_eval.py:223
                          Task: pick up the black bowl on                       
                          the wooden cabinet and place it                       
                          on the plate                                          
                 INFO     | >> Starting episode 18...     run_libero_eval.py:223
05/18 [20:32:54] INFO     | >> Success: True              run_libero_eval.py:223
                 INFO     | >> # episodes completed so    run_libero_eval.py:223
                          far: 468                                              
                 INFO     | >> # successes: 454 (97.0%)   run_libero_eval.py:223


 36%|███▌      | 18/50 [05:52<10:33, 19.80s/it][A                 INFO     | >>                            run_libero_eval.py:223
                          Task: pick up the black bowl on                       
                          the wooden cabinet and place it                       
                          on the plate                                          
                 INFO     | >> Starting episode 19...     run_libero_eval.py:223
05/18 [20:33:11] INFO     | >> Success: True              run_libero_eval.py:223
                 INFO     | >> # episodes completed so    run_libero_eval.py:223
                          far: 469                                              
                 INFO     | >> # successes: 455 (97.0%)   run_libero_eval.py:223


 38%|███▊      | 19/50 [06:10<09:55, 19.22s/it][A                 INFO     | >>                            run_libero_eval.py:223
                          Task: pick up the black bowl on                       
                          the wooden cabinet and place it                       
                          on the plate                                          
                 INFO     | >> Starting episode 20...     run_libero_eval.py:223
05/18 [20:33:31] INFO     | >> Success: True              run_libero_eval.py:223
                 INFO     | >> # episodes completed so    run_libero_eval.py:223
                          far: 470                                              
                 INFO     | >> # successes: 456 (97.0%)   run_libero_eval.py:223


 40%|████      | 20/50 [06:29<09:37, 19.25s/it][A                 INFO     | >>                            run_libero_eval.py:223
                          Task: pick up the black bowl on                       
                          the wooden cabinet and place it                       
                          on the plate                                          
                 INFO     | >> Starting episode 21...     run_libero_eval.py:223
05/18 [20:33:50] INFO     | >> Success: True              run_libero_eval.py:223
                 INFO     | >> # episodes completed so    run_libero_eval.py:223
                          far: 471                                              
                 INFO     | >> # successes: 457 (97.0%)   run_libero_eval.py:223


 42%|████▏     | 21/50 [06:48<09:14, 19.14s/it][A                 INFO     | >>                            run_libero_eval.py:223
                          Task: pick up the black bowl on                       
                          the wooden cabinet and place it                       
                          on the plate                                          
                 INFO     | >> Starting episode 22...     run_libero_eval.py:223
05/18 [20:34:07] INFO     | >> Success: True              run_libero_eval.py:223
                 INFO     | >> # episodes completed so    run_libero_eval.py:223
                          far: 472                                              
                 INFO     | >> # successes: 458 (97.0%)   run_libero_eval.py:223


 44%|████▍     | 22/50 [07:06<08:42, 18.65s/it][A                 INFO     | >>                            run_libero_eval.py:223
                          Task: pick up the black bowl on                       
                          the wooden cabinet and place it                       
                          on the plate                                          
                 INFO     | >> Starting episode 23...     run_libero_eval.py:223
05/18 [20:34:28] INFO     | >> Success: True              run_libero_eval.py:223
                 INFO     | >> # episodes completed so    run_libero_eval.py:223
                          far: 473                                              
                 INFO     | >> # successes: 459 (97.0%)   run_libero_eval.py:223


 46%|████▌     | 23/50 [07:26<08:37, 19.17s/it][A                 INFO     | >>                            run_libero_eval.py:223
                          Task: pick up the black bowl on                       
                          the wooden cabinet and place it                       
                          on the plate                                          
                 INFO     | >> Starting episode 24...     run_libero_eval.py:223
05/18 [20:34:45] INFO     | >> Success: True              run_libero_eval.py:223
                 INFO     | >> # episodes completed so    run_libero_eval.py:223
                          far: 474                                              
                 INFO     | >> # successes: 460 (97.0%)   run_libero_eval.py:223


 48%|████▊     | 24/50 [07:44<08:08, 18.79s/it][A                 INFO     | >>                            run_libero_eval.py:223
                          Task: pick up the black bowl on                       
                          the wooden cabinet and place it                       
                          on the plate                                          
                 INFO     | >> Starting episode 25...     run_libero_eval.py:223
05/18 [20:35:03] INFO     | >> Success: True              run_libero_eval.py:223
                 INFO     | >> # episodes completed so    run_libero_eval.py:223
                          far: 475                                              
                 INFO     | >> # successes: 461 (97.1%)   run_libero_eval.py:223


 50%|█████     | 25/50 [08:02<07:38, 18.35s/it][A                 INFO     | >>                            run_libero_eval.py:223
                          Task: pick up the black bowl on                       
                          the wooden cabinet and place it                       
                          on the plate                                          
                 INFO     | >> Starting episode 26...     run_libero_eval.py:223
05/18 [20:35:22] INFO     | >> Success: True              run_libero_eval.py:223
                 INFO     | >> # episodes completed so    run_libero_eval.py:223
                          far: 476                                              
                 INFO     | >> # successes: 462 (97.1%)   run_libero_eval.py:223


 52%|█████▏    | 26/50 [08:21<07:27, 18.66s/it][A                 INFO     | >>                            run_libero_eval.py:223
                          Task: pick up the black bowl on                       
                          the wooden cabinet and place it                       
                          on the plate                                          
                 INFO     | >> Starting episode 27...     run_libero_eval.py:223
05/18 [20:35:40] INFO     | >> Success: True              run_libero_eval.py:223
                 INFO     | >> # episodes completed so    run_libero_eval.py:223
                          far: 477                                              
                 INFO     | >> # successes: 463 (97.1%)   run_libero_eval.py:223


 54%|█████▍    | 27/50 [08:39<07:05, 18.52s/it][A                 INFO     | >>                            run_libero_eval.py:223
                          Task: pick up the black bowl on                       
                          the wooden cabinet and place it                       
                          on the plate                                          
                 INFO     | >> Starting episode 28...     run_libero_eval.py:223
05/18 [20:36:03] INFO     | >> Success: True              run_libero_eval.py:223
                 INFO     | >> # episodes completed so    run_libero_eval.py:223
                          far: 478                                              
                 INFO     | >> # successes: 464 (97.1%)   run_libero_eval.py:223


 56%|█████▌    | 28/50 [09:02<07:17, 19.89s/it][A                 INFO     | >>                            run_libero_eval.py:223
                          Task: pick up the black bowl on                       
                          the wooden cabinet and place it                       
                          on the plate                                          
                 INFO     | >> Starting episode 29...     run_libero_eval.py:223
05/18 [20:36:28] INFO     | >> Success: True              run_libero_eval.py:223
                 INFO     | >> # episodes completed so    run_libero_eval.py:223
                          far: 479                                              
                 INFO     | >> # successes: 465 (97.1%)   run_libero_eval.py:223


 58%|█████▊    | 29/50 [09:27<07:29, 21.39s/it][A                 INFO     | >>                            run_libero_eval.py:223
                          Task: pick up the black bowl on                       
                          the wooden cabinet and place it                       
                          on the plate                                          
                 INFO     | >> Starting episode 30...     run_libero_eval.py:223
05/18 [20:36:46] INFO     | >> Success: True              run_libero_eval.py:223
                 INFO     | >> # episodes completed so    run_libero_eval.py:223
                          far: 480                                              
                 INFO     | >> # successes: 466 (97.1%)   run_libero_eval.py:223


 60%|██████    | 30/50 [09:45<06:44, 20.23s/it][A                 INFO     | >>                            run_libero_eval.py:223
                          Task: pick up the black bowl on                       
                          the wooden cabinet and place it                       
                          on the plate                                          
                 INFO     | >> Starting episode 31...     run_libero_eval.py:223
05/18 [20:37:06] INFO     | >> Success: True              run_libero_eval.py:223
                 INFO     | >> # episodes completed so    run_libero_eval.py:223
                          far: 481                                              
                 INFO     | >> # successes: 467 (97.1%)   run_libero_eval.py:223


 62%|██████▏   | 31/50 [10:05<06:24, 20.24s/it][A                 INFO     | >>                            run_libero_eval.py:223
                          Task: pick up the black bowl on                       
                          the wooden cabinet and place it                       
                          on the plate                                          
                 INFO     | >> Starting episode 32...     run_libero_eval.py:223
05/18 [20:37:23] INFO     | >> Success: True              run_libero_eval.py:223
                 INFO     | >> # episodes completed so    run_libero_eval.py:223
                          far: 482                                              
                 INFO     | >> # successes: 468 (97.1%)   run_libero_eval.py:223


 64%|██████▍   | 32/50 [10:22<05:48, 19.36s/it][A                 INFO     | >>                            run_libero_eval.py:223
                          Task: pick up the black bowl on                       
                          the wooden cabinet and place it                       
                          on the plate                                          
                 INFO     | >> Starting episode 33...     run_libero_eval.py:223
05/18 [20:37:41] INFO     | >> Success: True              run_libero_eval.py:223
                 INFO     | >> # episodes completed so    run_libero_eval.py:223
                          far: 483                                              
                 INFO     | >> # successes: 469 (97.1%)   run_libero_eval.py:223


 66%|██████▌   | 33/50 [10:40<05:19, 18.81s/it][A                 INFO     | >>                            run_libero_eval.py:223
                          Task: pick up the black bowl on                       
                          the wooden cabinet and place it                       
                          on the plate                                          
                 INFO     | >> Starting episode 34...     run_libero_eval.py:223
05/18 [20:38:00] INFO     | >> Success: True              run_libero_eval.py:223
                 INFO     | >> # episodes completed so    run_libero_eval.py:223
                          far: 484                                              
                 INFO     | >> # successes: 470 (97.1%)   run_libero_eval.py:223


 68%|██████▊   | 34/50 [10:59<05:03, 18.98s/it][A                 INFO     | >>                            run_libero_eval.py:223
                          Task: pick up the black bowl on                       
                          the wooden cabinet and place it                       
                          on the plate                                          
                 INFO     | >> Starting episode 35...     run_libero_eval.py:223
05/18 [20:38:25] INFO     | >> Success: True              run_libero_eval.py:223
                 INFO     | >> # episodes completed so    run_libero_eval.py:223
                          far: 485                                              
                 INFO     | >> # successes: 471 (97.1%)   run_libero_eval.py:223


 70%|███████   | 35/50 [11:24<05:09, 20.66s/it][A                 INFO     | >>                            run_libero_eval.py:223
                          Task: pick up the black bowl on                       
                          the wooden cabinet and place it                       
                          on the plate                                          
                 INFO     | >> Starting episode 36...     run_libero_eval.py:223
05/18 [20:38:42] INFO     | >> Success: True              run_libero_eval.py:223
                 INFO     | >> # episodes completed so    run_libero_eval.py:223
                          far: 486                                              
                 INFO     | >> # successes: 472 (97.1%)   run_libero_eval.py:223


 72%|███████▏  | 36/50 [11:40<04:32, 19.49s/it][A                 INFO     | >>                            run_libero_eval.py:223
                          Task: pick up the black bowl on                       
                          the wooden cabinet and place it                       
                          on the plate                                          
                 INFO     | >> Starting episode 37...     run_libero_eval.py:223
05/18 [20:39:00] INFO     | >> Success: True              run_libero_eval.py:223
                 INFO     | >> # episodes completed so    run_libero_eval.py:223
                          far: 487                                              
                 INFO     | >> # successes: 473 (97.1%)   run_libero_eval.py:223


 74%|███████▍  | 37/50 [11:58<04:07, 19.03s/it][A                 INFO     | >>                            run_libero_eval.py:223
                          Task: pick up the black bowl on                       
                          the wooden cabinet and place it                       
                          on the plate                                          
                 INFO     | >> Starting episode 38...     run_libero_eval.py:223
05/18 [20:39:19] INFO     | >> Success: True              run_libero_eval.py:223
                 INFO     | >> # episodes completed so    run_libero_eval.py:223
                          far: 488                                              
                 INFO     | >> # successes: 474 (97.1%)   run_libero_eval.py:223


 76%|███████▌  | 38/50 [12:18<03:51, 19.26s/it][A                 INFO     | >>                            run_libero_eval.py:223
                          Task: pick up the black bowl on                       
                          the wooden cabinet and place it                       
                          on the plate                                          
                 INFO     | >> Starting episode 39...     run_libero_eval.py:223
05/18 [20:39:39] INFO     | >> Success: True              run_libero_eval.py:223
                 INFO     | >> # episodes completed so    run_libero_eval.py:223
                          far: 489                                              
                 INFO     | >> # successes: 475 (97.1%)   run_libero_eval.py:223


 78%|███████▊  | 39/50 [12:37<03:32, 19.29s/it][A                 INFO     | >>                            run_libero_eval.py:223
                          Task: pick up the black bowl on                       
                          the wooden cabinet and place it                       
                          on the plate                                          
                 INFO     | >> Starting episode 40...     run_libero_eval.py:223
05/18 [20:39:59] INFO     | >> Success: True              run_libero_eval.py:223
                 INFO     | >> # episodes completed so    run_libero_eval.py:223
                          far: 490                                              
                 INFO     | >> # successes: 476 (97.1%)   run_libero_eval.py:223


 80%|████████  | 40/50 [12:58<03:16, 19.60s/it][A                 INFO     | >>                            run_libero_eval.py:223
                          Task: pick up the black bowl on                       
                          the wooden cabinet and place it                       
                          on the plate                                          
                 INFO     | >> Starting episode 41...     run_libero_eval.py:223
05/18 [20:40:17] INFO     | >> Success: True              run_libero_eval.py:223
                 INFO     | >> # episodes completed so    run_libero_eval.py:223
                          far: 491                                              
                 INFO     | >> # successes: 477 (97.1%)   run_libero_eval.py:223


 82%|████████▏ | 41/50 [13:16<02:52, 19.22s/it][A                 INFO     | >>                            run_libero_eval.py:223
                          Task: pick up the black bowl on                       
                          the wooden cabinet and place it                       
                          on the plate                                          
                 INFO     | >> Starting episode 42...     run_libero_eval.py:223
05/18 [20:40:37] INFO     | >> Success: True              run_libero_eval.py:223
                 INFO     | >> # episodes completed so    run_libero_eval.py:223
                          far: 492                                              
                 INFO     | >> # successes: 478 (97.2%)   run_libero_eval.py:223


 84%|████████▍ | 42/50 [13:35<02:33, 19.23s/it][A                 INFO     | >>                            run_libero_eval.py:223
                          Task: pick up the black bowl on                       
                          the wooden cabinet and place it                       
                          on the plate                                          
                 INFO     | >> Starting episode 43...     run_libero_eval.py:223
05/18 [20:40:56] INFO     | >> Success: True              run_libero_eval.py:223
                 INFO     | >> # episodes completed so    run_libero_eval.py:223
                          far: 493                                              
                 INFO     | >> # successes: 479 (97.2%)   run_libero_eval.py:223


 86%|████████▌ | 43/50 [13:55<02:15, 19.32s/it][A                 INFO     | >>                            run_libero_eval.py:223
                          Task: pick up the black bowl on                       
                          the wooden cabinet and place it                       
                          on the plate                                          
                 INFO     | >> Starting episode 44...     run_libero_eval.py:223
05/18 [20:41:15] INFO     | >> Success: True              run_libero_eval.py:223
                 INFO     | >> # episodes completed so    run_libero_eval.py:223
                          far: 494                                              
                 INFO     | >> # successes: 480 (97.2%)   run_libero_eval.py:223


 88%|████████▊ | 44/50 [14:14<01:55, 19.17s/it][A                 INFO     | >>                            run_libero_eval.py:223
                          Task: pick up the black bowl on                       
                          the wooden cabinet and place it                       
                          on the plate                                          
                 INFO     | >> Starting episode 45...     run_libero_eval.py:223
05/18 [20:41:34] INFO     | >> Success: True              run_libero_eval.py:223
                 INFO     | >> # episodes completed so    run_libero_eval.py:223
                          far: 495                                              
                 INFO     | >> # successes: 481 (97.2%)   run_libero_eval.py:223


 90%|█████████ | 45/50 [14:33<01:35, 19.14s/it][A                 INFO     | >>                            run_libero_eval.py:223
                          Task: pick up the black bowl on                       
                          the wooden cabinet and place it                       
                          on the plate                                          
                 INFO     | >> Starting episode 46...     run_libero_eval.py:223
05/18 [20:41:52] INFO     | >> Success: True              run_libero_eval.py:223
                 INFO     | >> # episodes completed so    run_libero_eval.py:223
                          far: 496                                              
                 INFO     | >> # successes: 482 (97.2%)   run_libero_eval.py:223


 92%|█████████▏| 46/50 [14:51<01:15, 18.81s/it][A                 INFO     | >>                            run_libero_eval.py:223
                          Task: pick up the black bowl on                       
                          the wooden cabinet and place it                       
                          on the plate                                          
                 INFO     | >> Starting episode 47...     run_libero_eval.py:223
05/18 [20:42:10] INFO     | >> Success: True              run_libero_eval.py:223
                 INFO     | >> # episodes completed so    run_libero_eval.py:223
                          far: 497                                              
                 INFO     | >> # successes: 483 (97.2%)   run_libero_eval.py:223


 94%|█████████▍| 47/50 [15:09<00:56, 18.68s/it][A                 INFO     | >>                            run_libero_eval.py:223
                          Task: pick up the black bowl on                       
                          the wooden cabinet and place it                       
                          on the plate                                          
                 INFO     | >> Starting episode 48...     run_libero_eval.py:223
05/18 [20:42:30] INFO     | >> Success: True              run_libero_eval.py:223
                 INFO     | >> # episodes completed so    run_libero_eval.py:223
                          far: 498                                              
                 INFO     | >> # successes: 484 (97.2%)   run_libero_eval.py:223


 96%|█████████▌| 48/50 [15:29<00:37, 18.90s/it][A                 INFO     | >>                            run_libero_eval.py:223
                          Task: pick up the black bowl on                       
                          the wooden cabinet and place it                       
                          on the plate                                          
                 INFO     | >> Starting episode 49...     run_libero_eval.py:223
05/18 [20:42:50] INFO     | >> Success: True              run_libero_eval.py:223
                 INFO     | >> # episodes completed so    run_libero_eval.py:223
                          far: 499                                              
                 INFO     | >> # successes: 485 (97.2%)   run_libero_eval.py:223


 98%|█████████▊| 49/50 [15:48<00:19, 19.15s/it][A                 INFO     | >>                            run_libero_eval.py:223
                          Task: pick up the black bowl on                       
                          the wooden cabinet and place it                       
                          on the plate                                          
                 INFO     | >> Starting episode 50...     run_libero_eval.py:223
05/18 [20:43:08] INFO     | >> Success: True              run_libero_eval.py:223
                 INFO     | >> # episodes completed so    run_libero_eval.py:223
                          far: 500                                              
                 INFO     | >> # successes: 486 (97.2%)   run_libero_eval.py:223


100%|██████████| 50/50 [16:06<00:00, 18.80s/it][A
100%|██████████| 50/50 [16:06<00:00, 19.34s/it]
                 INFO     | >> Current task success rate: run_libero_eval.py:223
                          1.0                                                   
                 INFO     | >> Current total success      run_libero_eval.py:223
                          rate: 0.972                                           

100%|██████████| 10/10 [2:16:49<00:00, 881.62s/it]
100%|██████████| 10/10 [2:16:49<00:00, 820.95s/it]
                 INFO     | >> Final results:             run_libero_eval.py:223
                 INFO     | >> Total episodes: 500        run_libero_eval.py:223
                 INFO     | >> Total successes: 486       run_libero_eval.py:223
                 INFO     | >> Overall success rate:      run_libero_eval.py:223
                          0.9720 (97.2%)                                        
[1;34mwandb[0m: 
[1;34mwandb[0m: 🚀 View run [33mEVAL-libero_spatial-openvla-2026_05_18-18_24_11[0m at: [34mhttps://wandb.ai/zxliang/openvla-oft-evaluation/runs/4j14i8je[0m
[1;34mwandb[0m: Find logs at: [1;35mwandb/run-20260518_182615-4j14i8je/logs[0m
Exception ignored in: <function MjRenderContext.__del__ at 0x7fe493b22320>
Traceback (most recent call last):
  File "<home_path>/miniconda3/envs/pub-ddpvla2/lib/python3.10/site-packages/robosuite/utils/binding_utils.py", line 199, in __del__
    self.gl_ctx.free()
  File "<home_path>/miniconda3/envs/pub-ddpvla2/lib/python3.10/site-packages/robosuite/renderers/context/egl_context.py", line 149, in free
    EGL.eglMakeCurrent(EGL_DISPLAY, EGL.EGL_NO_SURFACE, EGL.EGL_NO_SURFACE, EGL.EGL_NO_CONTEXT)
  File "<home_path>/miniconda3/envs/pub-ddpvla2/lib/python3.10/site-packages/OpenGL/error.py", line 230, in glCheckError
    raise self._errorClass(
OpenGL.raw.EGL._errors.EGLError: EGLError(
	err = EGL_NOT_INITIALIZED,
	baseOperation = eglMakeCurrent,
	cArguments = (
		<OpenGL._opaque.EGLDisplay_pointer object at 0x7fe4238d25c0>,
		<OpenGL._opaque.EGLSurface_pointer object at 0x7fe493ad4340>,
		<OpenGL._opaque.EGLSurface_pointer object at 0x7fe493ad4340>,
		<OpenGL._opaque.EGLContext_pointer object at 0x7fe493cc7340>,
	),
	result = 0
)
Exception ignored in: <function EGLGLContext.__del__ at 0x7fe493b22170>
Traceback (most recent call last):
  File "<home_path>/miniconda3/envs/pub-ddpvla2/lib/python3.10/site-packages/robosuite/renderers/context/egl_context.py", line 155, in __del__
    self.free()
  File "<home_path>/miniconda3/envs/pub-ddpvla2/lib/python3.10/site-packages/robosuite/renderers/context/egl_context.py", line 149, in free
    EGL.eglMakeCurrent(EGL_DISPLAY, EGL.EGL_NO_SURFACE, EGL.EGL_NO_SURFACE, EGL.EGL_NO_CONTEXT)
  File "<home_path>/miniconda3/envs/pub-ddpvla2/lib/python3.10/site-packages/OpenGL/error.py", line 230, in glCheckError
    raise self._errorClass(
OpenGL.raw.EGL._errors.EGLError: EGLError(
	err = EGL_NOT_INITIALIZED,
	baseOperation = eglMakeCurrent,
	cArguments = (
		<OpenGL._opaque.EGLDisplay_pointer object at 0x7fe4238d25c0>,
		<OpenGL._opaque.EGLSurface_pointer object at 0x7fe493ad4340>,
		<OpenGL._opaque.EGLSurface_pointer object at 0x7fe493ad4340>,
		<OpenGL._opaque.EGLContext_pointer object at 0x7fe493cc7340>,
	),
	result = 0
)
