2026-05-20 17:03:17.391518: I tensorflow/core/util/port.cc:113] oneDNN custom operations are on. You may see slightly different numerical results due to floating-point round-off errors from different computation orders. To turn them off, set the environment variable `TF_ENABLE_ONEDNN_OPTS=0`.
2026-05-20 17:03:17.885980: E external/local_xla/xla/stream_executor/cuda/cuda_dnn.cc:9261] Unable to register cuDNN factory: Attempting to register factory for plugin cuDNN when one has already been registered
2026-05-20 17:03:17.888332: E external/local_xla/xla/stream_executor/cuda/cuda_fft.cc:607] Unable to register cuFFT factory: Attempting to register factory for plugin cuFFT when one has already been registered
2026-05-20 17:03:17.946167: E external/local_xla/xla/stream_executor/cuda/cuda_blas.cc:1515] Unable to register cuBLAS factory: Attempting to register factory for plugin cuBLAS when one has already been registered
2026-05-20 17:03:18.094763: I tensorflow/core/platform/cpu_feature_guard.cc:182] This TensorFlow binary is optimized to use available CPU instructions in performance-critical operations.
To enable the following instructions: AVX2 AVX512F AVX512_VNNI FMA, in other operations, rebuild TensorFlow with the appropriate compiler flags.
2026-05-20 17:03:20.013853: W tensorflow/compiler/tf2tensorrt/utils/py_utils.cc:38] TF-TRT Warning: Could not find TensorRT
[robosuite WARNING] No private macro file found! (__init__.py:7)
[robosuite WARNING] It is recommended to use a private macro file (__init__.py:8)
[robosuite WARNING] To setup, run: python <home_path>/miniconda3/envs/pub-ddpvla4/lib/python3.10/site-packages/robosuite/scripts/setup_macros.py (__init__.py:9)
<frozen importlib._bootstrap>:283: DeprecationWarning: the load_module() method is deprecated and slated for removal in Python 3.12; use exec_module() instead
Using LIBERO constants:
  NUM_ACTIONS_CHUNK = 8
  ACTION_DIM = 7
  PROPRIO_DIM = 8
  ACTION_PROPRIO_NORMALIZATION_TYPE = bounds_q99
If needed, manually set the correct constants in `prismatic/vla/constants.py`!
Instantiating pretrained VLA policy...
Created backup of original config at: <home_path>/checkpoints/ddpvla_checkpoints/discrete-openvla-oft-libero-10-finetune/openvla-7b-exp+libero_10_no_noops+b8+lr-0.0005+lora-r32+dropout-0.0--image_aug--parallel_dec--8_acts_chunk--bin_acts--discrete_diffusion--3rd_person_img--wrist_img--proprio_state--20250624_2259--220000_chkpt/config.json.back.20260520_170343
Updated config.json at: <home_path>/checkpoints/ddpvla_checkpoints/discrete-openvla-oft-libero-10-finetune/openvla-7b-exp+libero_10_no_noops+b8+lr-0.0005+lora-r32+dropout-0.0--image_aug--parallel_dec--8_acts_chunk--bin_acts--discrete_diffusion--3rd_person_img--wrist_img--proprio_state--20250624_2259--220000_chkpt/config.json
Changes made:
  - Set AutoConfig to "configuration_prismatic.OpenVLAConfig"
  - Set AutoModelForVision2Seq to "modeling_prismatic.OpenVLAForActionPrediction"

Loading checkpoint shards:   0%|          | 0/4 [00:00<?, ?it/s]
Loading checkpoint shards:  25%|██▌       | 1/4 [00:00<00:02,  1.35it/s]
Loading checkpoint shards:  50%|█████     | 2/4 [00:01<00:00,  2.16it/s]
Loading checkpoint shards:  75%|███████▌  | 3/4 [00:01<00:00,  2.60it/s]
Loading checkpoint shards: 100%|██████████| 4/4 [00:01<00:00,  3.19it/s]
Loading checkpoint shards: 100%|██████████| 4/4 [00:01<00:00,  2.66it/s]
Loaded model: <class 'transformers_modules.openvla-7b-exp+libero_10_no_noops+b8+lr-0.0005+lora-r32+dropout-0.0--image_aug--parallel_dec--8_acts_chunk--bin_acts--discrete_diffusion--3rd_person_img--wrist_img--proprio_state--20250624_2259--220000_chkpt.modeling_prismatic.OpenVLAForActionPrediction'>
<home_path>Logging to local log file: run_libero_eval.py:208
                          ./experiments/logs/EVAL-libero_                       
<home_path>envla-2026_05_20-17_03_42.                       
                          txt                                                   
wandb: [wandb.login()] Loaded credentials for https://api.wandb.ai from WANDB_API_KEY.
<home_path>zxliang to https://api.wandb.ai. Use `wandb login --relogin` to force relogin
/mnt/pfs/scalelab2/liangzhixuan/miniconda3/envs/pub-ddpvla4/lib/python3.10/site-packages/wandb/analytics/sentry.py:269: DeprecationWarning: Read the `app_url` setting from the appropriate Settings object.
<home_path>tags["base_url"])  # type: ignore[index]
/mnt/pfs/scalelab2/liangzhixuan/miniconda3/envs/pub-ddpvla4/lib/python3.10/site-packages/wandb/analytics/sentry.py:280: DeprecationWarning: The `Scope.user` setter is deprecated in favor of `Scope.set_user()`.
  self.scope.user = {"email": email}
wandb: setting up run tbeyay0u<home_path>
/mnt/pfs/scalelab2/liangzhixuan/miniconda3/envs/pub-ddpvla4/lib/python3.10/site-packages/wandb/analytics/sentry.py:269: DeprecationWarning: Read the `app_url` setting from the appropriate Settings object.
  app_url = wandb.util.app_url(tags["base_url"])  # type: ignore[index]
/mnt/pfs/scalelab2/liangzhixuan/miniconda3/envs/pub-ddpvla4/lib/python3.10/site-packages/wandb/analytics/sentry.py:280: DeprecationWarning: The `Scope.user` setter is deprecated in favor of `Scope.set_user()`.
  self.scope.user = {"email": email}
wandb: Tracking run with wandb version 0.27.0
wandb: Run data is saved locally in /mnt/pfs/scalelab2/liangzhixuan/code/publish-ddpvla/wandb/run-20260520_170534-tbeyay0u
wandb: Run `wandb offline` to turn off syncing.<home_path>
wandb: Syncing run EVAL-libero_10-openvla-2026_05_20-17_03_42
wandb: ⭐️ View project at https://wandb.ai/zxliang/openvla-oft-evaluation
wandb: 🚀 View run at htt<home_path>ft-evaluation/runs/tbeyay0u
[info] using task orders [0, 1, 2, 3, 4, 5, 6, 7, 8, 9]
05/20 [17:05:38] INFO     | >> Task suite: libero_10      run_libero_eval.py:223

  0%|          | 0/10 [00:00<?, ?it/s][Warning]: datasets path /mnt/pfs/scalelab2/liangzhixuan/code/publish-ddpvla/LIBERO/datasets does not exist!
                 INFO     | >> Using default initial      run_libero_eval.py:223
                          states                                                
[Warning]: datasets path /mnt/pfs/scalelab2/liangzhixuan/code/publish-ddpvla/LIBERO/datasets does not exist!


  0%|          | 0/50 [00:00<?, ?it/s][A05/20 [17:05:43] INFO     | >>                            run_libero_eval.py:223
                          Task: put both the alphabet                           
                          soup and the tomato sauce in                          
                          the basket                                            
                 INFO     | >> Starting episode 1...      run_libero_eval.py:223
05/20 [17:08:01] INFO     | >> Success: False             run_libero_eval.py:223
                 INFO     | >> # episodes completed so    run_libero_eval.py:223
                          far: 1                                                
                 INFO     | >> # successes: 0 (0.0%)      run_libero_eval.py:223


  2%|▏         | 1/50 [02:18<1:52:50, 138.18s/it][A                 INFO     | >>                            run_libero_eval.py:223
                          Task: put both the alphabet                           
                          soup and the tomato sauce in                          
                          the basket                                            
                 INFO     | >> Starting episode 2...      run_libero_eval.py:223
05/20 [17:10:17] INFO     | >> Success: False             run_libero_eval.py:223
                 INFO     | >> # episodes completed so    run_libero_eval.py:223
                          far: 2                                                
                 INFO     | >> # successes: 0 (0.0%)      run_libero_eval.py:223


  4%|▍         | 2/50 [04:33<1:49:13, 136.52s/it][A                 INFO     | >>                            run_libero_eval.py:223
                          Task: put both the alphabet                           
                          soup and the tomato sauce in                          
                          the basket                                            
                 INFO     | >> Starting episode 3...      run_libero_eval.py:223
05/20 [17:11:25] INFO     | >> Success: True              run_libero_eval.py:223
                 INFO     | >> # episodes completed so    run_libero_eval.py:223
                          far: 3                                                
                 INFO     | >> # successes: 1 (33.3%)     run_libero_eval.py:223


  6%|▌         | 3/50 [05:41<1:22:28, 105.29s/it][A                 INFO     | >>                            run_libero_eval.py:223
                          Task: put both the alphabet                           
                          soup and the tomato sauce in                          
                          the basket                                            
                 INFO     | >> Starting episode 4...      run_libero_eval.py:223
05/20 [17:12:35] INFO     | >> Success: True              run_libero_eval.py:223
                 INFO     | >> # episodes completed so    run_libero_eval.py:223
                          far: 4                                                
                 INFO     | >> # successes: 2 (50.0%)     run_libero_eval.py:223


  8%|▊         | 4/50 [06:52<1:10:12, 91.57s/it] [A                 INFO     | >>                            run_libero_eval.py:223
                          Task: put both the alphabet                           
                          soup and the tomato sauce in                          
                          the basket                                            
                 INFO     | >> Starting episode 5...      run_libero_eval.py:223
05/20 [17:13:44] INFO     | >> Success: True              run_libero_eval.py:223
                 INFO     | >> # episodes completed so    run_libero_eval.py:223
                          far: 5                                                
                 INFO     | >> # successes: 3 (60.0%)     run_libero_eval.py:223


 10%|█         | 5/50 [08:00<1:02:28, 83.31s/it][A                 INFO     | >>                            run_libero_eval.py:223
                          Task: put both the alphabet                           
                          soup and the tomato sauce in                          
                          the basket                                            
                 INFO     | >> Starting episode 6...      run_libero_eval.py:223
05/20 [17:15:08] INFO     | >> Success: True              run_libero_eval.py:223
                 INFO     | >> # episodes completed so    run_libero_eval.py:223
                          far: 6                                                
                 INFO     | >> # successes: 4 (66.7%)     run_libero_eval.py:223


 12%|█▏        | 6/50 [09:24<1:01:10, 83.42s/it][A                 INFO     | >>                            run_libero_eval.py:223
                          Task: put both the alphabet                           
                          soup and the tomato sauce in                          
                          the basket                                            
                 INFO     | >> Starting episode 7...      run_libero_eval.py:223
05/20 [17:16:19] INFO     | >> Success: True              run_libero_eval.py:223
                 INFO     | >> # episodes completed so    run_libero_eval.py:223
                          far: 7                                                
                 INFO     | >> # successes: 5 (71.4%)     run_libero_eval.py:223


 14%|█▍        | 7/50 [10:36<57:01, 79.56s/it]  [A                 INFO     | >>                            run_libero_eval.py:223
                          Task: put both the alphabet                           
                          soup and the tomato sauce in                          
                          the basket                                            
                 INFO     | >> Starting episode 8...      run_libero_eval.py:223
05/20 [17:17:25] INFO     | >> Success: True              run_libero_eval.py:223
                 INFO     | >> # episodes completed so    run_libero_eval.py:223
                          far: 8                                                
                 INFO     | >> # successes: 6 (75.0%)     run_libero_eval.py:223


 16%|█▌        | 8/50 [11:42<52:40, 75.26s/it][A                 INFO     | >>                            run_libero_eval.py:223
                          Task: put both the alphabet                           
                          soup and the tomato sauce in                          
                          the basket                                            
                 INFO     | >> Starting episode 9...      run_libero_eval.py:223
05/20 [17:19:41] INFO     | >> Success: False             run_libero_eval.py:223
                 INFO     | >> # episodes completed so    run_libero_eval.py:223
                          far: 9                                                
                 INFO     | >> # successes: 6 (66.7%)     run_libero_eval.py:223


 18%|█▊        | 9/50 [13:57<1:04:19, 94.13s/it][A                 INFO     | >>                            run_libero_eval.py:223
                          Task: put both the alphabet                           
                          soup and the tomato sauce in                          
                          the basket                                            
                 INFO     | >> Starting episode 10...     run_libero_eval.py:223
05/20 [17:20:44] INFO     | >> Success: True              run_libero_eval.py:223
                 INFO     | >> # episodes completed so    run_libero_eval.py:223
                          far: 10                                               
                 INFO     | >> # successes: 7 (70.0%)     run_libero_eval.py:223


 20%|██        | 10/50 [15:00<56:19, 84.50s/it] [A                 INFO     | >>                            run_libero_eval.py:223
                          Task: put both the alphabet                           
                          soup and the tomato sauce in                          
                          the basket                                            
                 INFO     | >> Starting episode 11...     run_libero_eval.py:223
05/20 [17:22:11] INFO     | >> Success: True              run_libero_eval.py:223
                 INFO     | >> # episodes completed so    run_libero_eval.py:223
                          far: 11                                               
                 INFO     | >> # successes: 8 (72.7%)     run_libero_eval.py:223


 22%|██▏       | 11/50 [16:27<55:25, 85.26s/it][A                 INFO     | >>                            run_libero_eval.py:223
                          Task: put both the alphabet                           
                          soup and the tomato sauce in                          
                          the basket                                            
                 INFO     | >> Starting episode 12...     run_libero_eval.py:223
05/20 [17:23:18] INFO     | >> Success: True              run_libero_eval.py:223
                 INFO     | >> # episodes completed so    run_libero_eval.py:223
                          far: 12                                               
                 INFO     | >> # successes: 9 (75.0%)     run_libero_eval.py:223


 24%|██▍       | 12/50 [17:34<50:29, 79.73s/it][A                 INFO     | >>                            run_libero_eval.py:223
                          Task: put both the alphabet                           
                          soup and the tomato sauce in                          
                          the basket                                            
                 INFO     | >> Starting episode 13...     run_libero_eval.py:223
05/20 [17:24:36] INFO     | >> Success: True              run_libero_eval.py:223
                 INFO     | >> # episodes completed so    run_libero_eval.py:223
                          far: 13                                               
                 INFO     | >> # successes: 10 (76.9%)    run_libero_eval.py:223


 26%|██▌       | 13/50 [18:53<48:56, 79.37s/it][A                 INFO     | >>                            run_libero_eval.py:223
                          Task: put both the alphabet                           
                          soup and the tomato sauce in                          
                          the basket                                            
                 INFO     | >> Starting episode 14...     run_libero_eval.py:223
05/20 [17:25:59] INFO     | >> Success: True              run_libero_eval.py:223
                 INFO     | >> # episodes completed so    run_libero_eval.py:223
                          far: 14                                               
                 INFO     | >> # successes: 11 (78.6%)    run_libero_eval.py:223


 28%|██▊       | 14/50 [20:15<48:12, 80.34s/it][A                 INFO     | >>                            run_libero_eval.py:223
                          Task: put both the alphabet                           
                          soup and the tomato sauce in                          
                          the basket                                            
                 INFO     | >> Starting episode 15...     run_libero_eval.py:223
05/20 [17:28:21] INFO     | >> Success: False             run_libero_eval.py:223
                 INFO     | >> # episodes completed so    run_libero_eval.py:223
                          far: 15                                               
                 INFO     | >> # successes: 11 (73.3%)    run_libero_eval.py:223


 30%|███       | 15/50 [22:37<57:39, 98.83s/it][A                 INFO     | >>                            run_libero_eval.py:223
                          Task: put both the alphabet                           
                          soup and the tomato sauce in                          
                          the basket                                            
                 INFO     | >> Starting episode 16...     run_libero_eval.py:223
05/20 [17:29:33] INFO     | >> Success: True              run_libero_eval.py:223
                 INFO     | >> # episodes completed so    run_libero_eval.py:223
                          far: 16                                               
                 INFO     | >> # successes: 12 (75.0%)    run_libero_eval.py:223


 32%|███▏      | 16/50 [23:50<51:33, 90.97s/it][A                 INFO     | >>                            run_libero_eval.py:223
                          Task: put both the alphabet                           
                          soup and the tomato sauce in                          
                          the basket                                            
                 INFO     | >> Starting episode 17...     run_libero_eval.py:223
05/20 [17:30:48] INFO     | >> Success: True              run_libero_eval.py:223
                 INFO     | >> # episodes completed so    run_libero_eval.py:223
                          far: 17                                               
                 INFO     | >> # successes: 13 (76.5%)    run_libero_eval.py:223


 34%|███▍      | 17/50 [25:04<47:15, 85.92s/it][A                 INFO     | >>                            run_libero_eval.py:223
                          Task: put both the alphabet                           
                          soup and the tomato sauce in                          
                          the basket                                            
                 INFO     | >> Starting episode 18...     run_libero_eval.py:223
05/20 [17:32:03] INFO     | >> Success: True              run_libero_eval.py:223
                 INFO     | >> # episodes completed so    run_libero_eval.py:223
                          far: 18                                               
                 INFO     | >> # successes: 14 (77.8%)    run_libero_eval.py:223


 36%|███▌      | 18/50 [26:19<44:03, 82.62s/it][A                 INFO     | >>                            run_libero_eval.py:223
                          Task: put both the alphabet                           
                          soup and the tomato sauce in                          
                          the basket                                            
                 INFO     | >> Starting episode 19...     run_libero_eval.py:223
05/20 [17:33:16] INFO     | >> Success: True              run_libero_eval.py:223
                 INFO     | >> # episodes completed so    run_libero_eval.py:223
                          far: 19                                               
                 INFO     | >> # successes: 15 (78.9%)    run_libero_eval.py:223


 38%|███▊      | 19/50 [27:33<41:18, 79.94s/it][A                 INFO     | >>                            run_libero_eval.py:223
                          Task: put both the alphabet                           
                          soup and the tomato sauce in                          
                          the basket                                            
                 INFO     | >> Starting episode 20...     run_libero_eval.py:223
05/20 [17:34:36] INFO     | >> Success: True              run_libero_eval.py:223
                 INFO     | >> # episodes completed so    run_libero_eval.py:223
                          far: 20                                               
                 INFO     | >> # successes: 16 (80.0%)    run_libero_eval.py:223


 40%|████      | 20/50 [28:52<39:53, 79.79s/it][A                 INFO     | >>                            run_libero_eval.py:223
                          Task: put both the alphabet                           
                          soup and the tomato sauce in                          
                          the basket                                            
                 INFO     | >> Starting episode 21...     run_libero_eval.py:223
05/20 [17:35:54] INFO     | >> Success: True              run_libero_eval.py:223
                 INFO     | >> # episodes completed so    run_libero_eval.py:223
                          far: 21                                               
                 INFO     | >> # successes: 17 (81.0%)    run_libero_eval.py:223


 42%|████▏     | 21/50 [30:11<38:23, 79.44s/it][A                 INFO     | >>                            run_libero_eval.py:223
                          Task: put both the alphabet                           
                          soup and the tomato sauce in                          
                          the basket                                            
                 INFO     | >> Starting episode 22...     run_libero_eval.py:223
05/20 [17:37:06] INFO     | >> Success: True              run_libero_eval.py:223
                 INFO     | >> # episodes completed so    run_libero_eval.py:223
                          far: 22                                               
                 INFO     | >> # successes: 18 (81.8%)    run_libero_eval.py:223


 44%|████▍     | 22/50 [31:22<35:57, 77.04s/it][A                 INFO     | >>                            run_libero_eval.py:223
                          Task: put both the alphabet                           
                          soup and the tomato sauce in                          
                          the basket                                            
                 INFO     | >> Starting episode 23...     run_libero_eval.py:223
05/20 [17:38:25] INFO     | >> Success: True              run_libero_eval.py:223
                 INFO     | >> # episodes completed so    run_libero_eval.py:223
                          far: 23                                               
                 INFO     | >> # successes: 19 (82.6%)    run_libero_eval.py:223


 46%|████▌     | 23/50 [32:41<34:57, 77.70s/it][A                 INFO     | >>                            run_libero_eval.py:223
                          Task: put both the alphabet                           
                          soup and the tomato sauce in                          
                          the basket                                            
                 INFO     | >> Starting episode 24...     run_libero_eval.py:223
05/20 [17:39:40] INFO     | >> Success: True              run_libero_eval.py:223
                 INFO     | >> # episodes completed so    run_libero_eval.py:223
                          far: 24                                               
                 INFO     | >> # successes: 20 (83.3%)    run_libero_eval.py:223


 48%|████▊     | 24/50 [33:56<33:18, 76.88s/it][A                 INFO     | >>                            run_libero_eval.py:223
                          Task: put both the alphabet                           
                          soup and the tomato sauce in                          
                          the basket                                            
                 INFO     | >> Starting episode 25...     run_libero_eval.py:223
05/20 [17:40:50] INFO     | >> Success: True              run_libero_eval.py:223
                 INFO     | >> # episodes completed so    run_libero_eval.py:223
                          far: 25                                               
                 INFO     | >> # successes: 21 (84.0%)    run_libero_eval.py:223


 50%|█████     | 25/50 [35:07<31:14, 74.99s/it][A                 INFO     | >>                            run_libero_eval.py:223
                          Task: put both the alphabet                           
                          soup and the tomato sauce in                          
                          the basket                                            
                 INFO     | >> Starting episode 26...     run_libero_eval.py:223
05/20 [17:42:04] INFO     | >> Success: True              run_libero_eval.py:223
                 INFO     | >> # episodes completed so    run_libero_eval.py:223
                          far: 26                                               
                 INFO     | >> # successes: 22 (84.6%)    run_libero_eval.py:223


 52%|█████▏    | 26/50 [36:20<29:48, 74.50s/it][A                 INFO     | >>                            run_libero_eval.py:223
                          Task: put both the alphabet                           
                          soup and the tomato sauce in                          
                          the basket                                            
                 INFO     | >> Starting episode 27...     run_libero_eval.py:223
05/20 [17:43:31] INFO     | >> Success: True              run_libero_eval.py:223
                 INFO     | >> # episodes completed so    run_libero_eval.py:223
                          far: 27                                               
                 INFO     | >> # successes: 23 (85.2%)    run_libero_eval.py:223


 54%|█████▍    | 27/50 [37:48<30:02, 78.37s/it][A                 INFO     | >>                            run_libero_eval.py:223
                          Task: put both the alphabet                           
                          soup and the tomato sauce in                          
                          the basket                                            
                 INFO     | >> Starting episode 28...     run_libero_eval.py:223
05/20 [17:44:47] INFO     | >> Success: True              run_libero_eval.py:223
                 INFO     | >> # episodes completed so    run_libero_eval.py:223
                          far: 28                                               
                 INFO     | >> # successes: 24 (85.7%)    run_libero_eval.py:223


 56%|█████▌    | 28/50 [39:03<28:24, 77.48s/it][A                 INFO     | >>                            run_libero_eval.py:223
                          Task: put both the alphabet                           
                          soup and the tomato sauce in                          
                          the basket                                            
                 INFO     | >> Starting episode 29...     run_libero_eval.py:223
05/20 [17:45:53] INFO     | >> Success: True              run_libero_eval.py:223
                 INFO     | >> # episodes completed so    run_libero_eval.py:223
                          far: 29                                               
                 INFO     | >> # successes: 25 (86.2%)    run_libero_eval.py:223


 58%|█████▊    | 29/50 [40:09<25:55, 74.07s/it][A                 INFO     | >>                            run_libero_eval.py:223
                          Task: put both the alphabet                           
                          soup and the tomato sauce in                          
                          the basket                                            
                 INFO     | >> Starting episode 30...     run_libero_eval.py:223
05/20 [17:48:18] INFO     | >> Success: False             run_libero_eval.py:223
                 INFO     | >> # episodes completed so    run_libero_eval.py:223
                          far: 30                                               
                 INFO     | >> # successes: 25 (83.3%)    run_libero_eval.py:223


 60%|██████    | 30/50 [42:34<31:46, 95.35s/it][A                 INFO     | >>                            run_libero_eval.py:223
                          Task: put both the alphabet                           
                          soup and the tomato sauce in                          
                          the basket                                            
                 INFO     | >> Starting episode 31...     run_libero_eval.py:223
05/20 [17:49:58] INFO     | >> Success: True              run_libero_eval.py:223
                 INFO     | >> # episodes completed so    run_libero_eval.py:223
                          far: 31                                               
                 INFO     | >> # successes: 26 (83.9%)    run_libero_eval.py:223


 62%|██████▏   | 31/50 [44:15<30:40, 96.88s/it][A                 INFO     | >>                            run_libero_eval.py:223
                          Task: put both the alphabet                           
                          soup and the tomato sauce in                          
                          the basket                                            
                 INFO     | >> Starting episode 32...     run_libero_eval.py:223
05/20 [17:54:05] INFO     | >> Success: True              run_libero_eval.py:223
                 INFO     | >> # episodes completed so    run_libero_eval.py:223
                          far: 32                                               
                 INFO     | >> # successes: 27 (84.4%)    run_libero_eval.py:223


 64%|██████▍   | 32/50 [48:21<42:32, 141.78s/it][A                 INFO     | >>                            run_libero_eval.py:223
                          Task: put both the alphabet                           
                          soup and the tomato sauce in                          
                          the basket                                            
                 INFO     | >> Starting episode 33...     run_libero_eval.py:223
05/20 [17:56:42] INFO     | >> Success: True              run_libero_eval.py:223
                 INFO     | >> # episodes completed so    run_libero_eval.py:223
                          far: 33                                               
                 INFO     | >> # successes: 28 (84.8%)    run_libero_eval.py:223


 66%|██████▌   | 33/50 [50:59<41:31, 146.54s/it][A                 INFO     | >>                            run_libero_eval.py:223
                          Task: put both the alphabet                           
                          soup and the tomato sauce in                          
                          the basket                                            
                 INFO     | >> Starting episode 34...     run_libero_eval.py:223
05/20 [17:58:34] INFO     | >> Success: True              run_libero_eval.py:223
                 INFO     | >> # episodes completed so    run_libero_eval.py:223
                          far: 34                                               
                 INFO     | >> # successes: 29 (85.3%)    run_libero_eval.py:223


 68%|██████▊   | 34/50 [52:51<36:17, 136.12s/it][A                 INFO     | >>                            run_libero_eval.py:223
                          Task: put both the alphabet                           
                          soup and the tomato sauce in                          
                          the basket                                            
                 INFO     | >> Starting episode 35...     run_libero_eval.py:223
05/20 [18:00:31] INFO     | >> Success: True              run_libero_eval.py:223
                 INFO     | >> # episodes completed so    run_libero_eval.py:223
                          far: 35                                               
                 INFO     | >> # successes: 30 (85.7%)    run_libero_eval.py:223


 70%|███████   | 35/50 [54:47<32:33, 130.26s/it][A                 INFO     | >>                            run_libero_eval.py:223
                          Task: put both the alphabet                           
                          soup and the tomato sauce in                          
                          the basket                                            
                 INFO     | >> Starting episode 36...     run_libero_eval.py:223
05/20 [18:03:02] INFO     | >> Success: True              run_libero_eval.py:223
                 INFO     | >> # episodes completed so    run_libero_eval.py:223
                          far: 36                                               
                 INFO     | >> # successes: 31 (86.1%)    run_libero_eval.py:223


 72%|███████▏  | 36/50 [57:18<31:51, 136.51s/it][A                 INFO     | >>                            run_libero_eval.py:223
                          Task: put both the alphabet                           
                          soup and the tomato sauce in                          
                          the basket                                            
                 INFO     | >> Starting episode 37...     run_libero_eval.py:223
05/20 [18:05:13] INFO     | >> Success: True              run_libero_eval.py:223
                 INFO     | >> # episodes completed so    run_libero_eval.py:223
                          far: 37                                               
                 INFO     | >> # successes: 32 (86.5%)    run_libero_eval.py:223


 74%|███████▍  | 37/50 [59:29<29:13, 134.85s/it][A                 INFO     | >>                            run_libero_eval.py:223
                          Task: put both the alphabet                           
                          soup and the tomato sauce in                          
                          the basket                                            
                 INFO     | >> Starting episode 38...     run_libero_eval.py:223
05/20 [18:08:13] INFO     | >> Success: True              run_libero_eval.py:223
                 INFO     | >> # episodes completed so    run_libero_eval.py:223
                          far: 38                                               
                 INFO     | >> # successes: 33 (86.8%)    run_libero_eval.py:223


 76%|███████▌  | 38/50 [1:02:29<29:40, 148.41s/it][A                 INFO     | >>                            run_libero_eval.py:223
                          Task: put both the alphabet                           
                          soup and the tomato sauce in                          
                          the basket                                            
                 INFO     | >> Starting episode 39...     run_libero_eval.py:223
05/20 [18:10:23] INFO     | >> Success: True              run_libero_eval.py:223
                 INFO     | >> # episodes completed so    run_libero_eval.py:223
                          far: 39                                               
                 INFO     | >> # successes: 34 (87.2%)    run_libero_eval.py:223


 78%|███████▊  | 39/50 [1:04:40<26:12, 142.99s/it][A                 INFO     | >>                            run_libero_eval.py:223
                          Task: put both the alphabet                           
                          soup and the tomato sauce in                          
                          the basket                                            
                 INFO     | >> Starting episode 40...     run_libero_eval.py:223
05/20 [18:13:12] INFO     | >> Success: True              run_libero_eval.py:223
                 INFO     | >> # episodes completed so    run_libero_eval.py:223
                          far: 40                                               
                 INFO     | >> # successes: 35 (87.5%)    run_libero_eval.py:223


 80%|████████  | 40/50 [1:07:29<25:07, 150.79s/it][A                 INFO     | >>                            run_libero_eval.py:223
                          Task: put both the alphabet                           
                          soup and the tomato sauce in                          
                          the basket                                            
                 INFO     | >> Starting episode 41...     run_libero_eval.py:223
05/20 [18:15:45] INFO     | >> Success: True              run_libero_eval.py:223
                 INFO     | >> # episodes completed so    run_libero_eval.py:223
                          far: 41                                               
                 INFO     | >> # successes: 36 (87.8%)    run_libero_eval.py:223


 82%|████████▏ | 41/50 [1:10:01<22:42, 151.35s/it][A                 INFO     | >>                            run_libero_eval.py:223
                          Task: put both the alphabet                           
                          soup and the tomato sauce in                          
                          the basket                                            
                 INFO     | >> Starting episode 42...     run_libero_eval.py:223
05/20 [18:18:18] INFO     | >> Success: True              run_libero_eval.py:223
                 INFO     | >> # episodes completed so    run_libero_eval.py:223
                          far: 42                                               
                 INFO     | >> # successes: 37 (88.1%)    run_libero_eval.py:223


 84%|████████▍ | 42/50 [1:12:35<20:15, 151.95s/it][A                 INFO     | >>                            run_libero_eval.py:223
                          Task: put both the alphabet                           
                          soup and the tomato sauce in                          
                          the basket                                            
                 INFO     | >> Starting episode 43...     run_libero_eval.py:223
05/20 [18:22:46] INFO     | >> Success: False             run_libero_eval.py:223
                 INFO     | >> # episodes completed so    run_libero_eval.py:223
                          far: 43                                               
                 INFO     | >> # successes: 37 (86.0%)    run_libero_eval.py:223


 86%|████████▌ | 43/50 [1:17:03<21:47, 186.74s/it][A                 INFO     | >>                            run_libero_eval.py:223
                          Task: put both the alphabet                           
                          soup and the tomato sauce in                          
                          the basket                                            
                 INFO     | >> Starting episode 44...     run_libero_eval.py:223
05/20 [18:25:19] INFO     | >> Success: True              run_libero_eval.py:223
                 INFO     | >> # episodes completed so    run_libero_eval.py:223
                          far: 44                                               
                 INFO     | >> # successes: 38 (86.4%)    run_libero_eval.py:223


 88%|████████▊ | 44/50 [1:19:36<17:40, 176.69s/it][A                 INFO     | >>                            run_libero_eval.py:223
                          Task: put both the alphabet                           
                          soup and the tomato sauce in                          
                          the basket                                            
                 INFO     | >> Starting episode 45...     run_libero_eval.py:223
05/20 [18:27:52] INFO     | >> Success: True              run_libero_eval.py:223
                 INFO     | >> # episodes completed so    run_libero_eval.py:223
                          far: 45                                               
                 INFO     | >> # successes: 39 (86.7%)    run_libero_eval.py:223


 90%|█████████ | 45/50 [1:22:09<14:07, 169.56s/it][A                 INFO     | >>                            run_libero_eval.py:223
                          Task: put both the alphabet                           
                          soup and the tomato sauce in                         <home_path>
                          the basket                                            
                 INFO     | >> Starting episode 46...     run_libero_eval.py:223
05/20 [18:31:09] INFO    <home_path>  run_libero_eval.py:223
                 INFO     | >> # episodes completed so    run_libero_eval.py:223
                          far: 46                                               
                 INFO     | >> # successes: 40 (87.0%)    run_libero_eval.py:223


 92%|█████████▏| 46/50 [1:25:26<11:51, 177.79s/it][A                 INFO     | >>                            run_libero_eval.py:223
                          Task: put both the alphabet                           
                          soup and the tomato sauce in                          
                          the basket                                            
                 INFO     | >> Starting episode 47...     run_libero_eval.py:223
05/20 [18:32:59] INFO     | >> Success: True              run_libero_eval.py:223
                 INFO     | >> # episodes completed so    run_libero_eval.py:223
                          far: 47                                               
                 INFO     | >> # successes: 41 (87.2%)    run_libero_eval.py:223


 94%|█████████▍| 47/50 [1:27:15<07:52, 157.38s/it][A                 INFO     | >>                            run_libero_eval.py:223
                          Task: put both the alphabet                           
                          soup and the tomato sauce in                          
                          the basket                                            
                 INFO     | >> Starting episode 48...     run_libero_eval.py:223
05/20 [18:35:21] INFO     | >> Success: True              run_libero_eval.py:223
                 INFO     | >> # episodes completed so    run_libero_eval.py:223
                          far: 48                                               
                 INFO     | >> # successes: 42 (87.5%)    run_libero_eval.py:223


 96%|█████████▌| 48/50 [1:29:38<05:05, 152.83s/it][A                 INFO     | >>                            run_libero_eval.py:223
                          Task: put both the alphabet                           
                          soup and the tomato sauce in                          
                          the basket                                            
                 INFO     | >> Starting episode 49...     run_libero_eval.py:223
05/20 [18:37:32] INFO     | >> Success: True              run_libero_eval.py:223
                 INFO     | >> # episodes completed so    run_libero_eval.py:223
                          far: 49                                               
                 INFO     | >> # successes: 43 (87.8%)    run_libero_eval.py:223


 98%|█████████▊| 49/50 [1:31:48<02:26, 146.21s/it][A                 INFO     | >>                            run_libero_eval.py:223
                          Task: put both the alphabet                           
                          soup and the tomato sauce in                          
                          the basket                                            
                 INFO     | >> Starting episode 50...     run_libero_eval.py:223
05/20 [18:41:49] INFO     | >> Success: False             run_libero_eval.py:223
                 INFO     | >> # episodes completed so    run_libero_eval.py:223
                          far: 50                                               
                 INFO     | >> # successes: 43 (86.0%)    run_libero_eval.py:223


100%|██████████| 50/50 [1:36:06<00:00, 179.48s/it][A
100%|██████████| 50/50 [1:36:06<00:00, 115.32s/it]
                 INFO     | >> Current task success rate: run_libero_eval.py:223
                          0.86                                                  
                 INFO     | >> Current total success      run_libero_eval.py:223
                          rate: 0.86                                            

 10%|█         | 1/10 [1:36:11<14:25:41, 5771.33s/it][Warning]: datasets path /mnt/pfs/scalelab2/liangzhixuan/code/publish-ddpvla/LIBERO/datasets does not exist!
                 INFO     | >> Using default initial      run_libero_eval.py:223
                          states                                                
[Warning]: datasets path /mnt/pfs/scalelab2/liangzhixuan/code/publish-ddpvla/LIBERO/datasets does not exist!


  0%|          | 0/50 [00:00<?, ?it/s][A05/20 [18:41:57] INFO     | >>                            run_libero_eval.py:223
                          Task: put both the cream cheese                       
                          box and the butter in the                             
                          basket                                                
                 INFO     | >> Starting episode 1...      run_libero_eval.py:223
05/20 [18:44:01] INFO     | >> Success: True              run_libero_eval.py:223
                 INFO     | >> # episodes completed so    run_libero_eval.py:223
                          far: 51                                               
                 INFO     | >> # successes: 44 (86.3%)    run_libero_eval.py:223


  2%|▏         | 1/50 [02:04<1:41:56, 124.82s/it][A                 INFO     | >>                            run_libero_eval.py:223
                          Task: put both the cream cheese                       
                          box and the butter in the                             
                          basket                                                
                 INFO     | >> Starting episode 2...      run_libero_eval.py:223
05/20 [18:46:01] INFO     | >> Success: True              run_libero_eval.py:223
                 INFO     | >> # episodes completed so    run_libero_eval.py:223
                          far: 52                                               
                 INFO     | >> # successes: 45 (86.5%)    run_libero_eval.py:223


  4%|▍         | 2/50 [04:04<1:37:37, 122.04s/it][A                 INFO     | >>                            run_libero_eval.py:223
                          Task: put both the cream cheese                       
                          box and the butter in the                             
                          basket                                                
                 INFO     | >> Starting episode 3...      run_libero_eval.py:223
05/20 [18:47:40] INFO     | >> Success: True              run_libero_eval.py:223
05/20 [18:47:41] INFO     | >> # episodes completed so    run_libero_eval.py:223
                          far: 53                                               
                 INFO     | >> # successes: 46 (86.8%)    run_libero_eval.py:223


  6%|▌         | 3/50 [05:43<1:27:22, 111.54s/it][A                 INFO     | >>                            run_libero_eval.py:223
                          Task: put both the cream cheese                       
                          box and the butter in the                             
                          basket                                                
                 INFO     | >> Starting episode 4...      run_libero_eval.py:223
05/20 [18:49:53] INFO     | >> Success: True              run_libero_eval.py:223
                 INFO     | >> # episodes completed so    run_libero_eval.py:223
                          far: 54                                               
                 INFO     | >> # successes: 47 (87.0%)    run_libero_eval.py:223


  8%|▊         | 4/50 [07:56<1:31:44, 119.67s/it][A                 INFO     | >>                            run_libero_eval.py:223
                          Task: put both the cream cheese                       
                          box and the butter in the                             
                          basket                                                
                 INFO     | >> Starting episode 5...      run_libero_eval.py:223
05/20 [18:52:11] INFO     | >> Success: True              run_libero_eval.py:223
                 INFO     | >> # episodes completed so    run_libero_eval.py:223
                          far: 55                                               
                 INFO     | >> # successes: 48 (87.3%)    run_libero_eval.py:223


 10%|█         | 5/50 [10:14<1:34:51, 126.48s/it][A                 INFO     | >>                            run_libero_eval.py:223
                          Task: put both the cream cheese                       
                          box and the butter in the                             
                          basket                                                
                 INFO     | >> Starting episode 6...      run_libero_eval.py:223
05/20 [18:54:34] INFO     | >> Success: True              run_libero_eval.py:223
                 INFO     | >> # episodes completed so    run_libero_eval.py:223
                          far: 56                                               
                 INFO     | >> # successes: 49 (87.5%)    run_libero_eval.py:223


 12%|█▏        | 6/50 [12:37<1:36:49, 132.02s/it][A                 INFO     | >>                            run_libero_eval.py:223
                          Task: put both the cream cheese                       
                          box and the butter in the                             
                          basket                                                
                 INFO     | >> Starting episode 7...      run_libero_eval.py:223
05/20 [18:57:05] INFO     | >> Success: True              run_libero_eval.py:223
                 INFO     | >> # episodes completed so    run_libero_eval.py:223
                          far: 57                                               
                 INFO     | >> # successes: 50 (87.7%)    run_libero_eval.py:223


 14%|█▍        | 7/50 [15:08<1:39:09, 138.36s/it][A                 INFO     | >>                            run_libero_eval.py:223
                          Task: put both the cream cheese                       
                          box and the butter in the                             
                          basket                                                
                 INFO     | >> Starting episode 8...      run_libero_eval.py:223
05/20 [18:58:58] INFO     | >> Success: True              run_libero_eval.py:223
                 INFO     | >> # episodes completed so    run_libero_eval.py:223
                          far: 58                                               
                 INFO     | >> # successes: 51 (87.9%)    run_libero_eval.py:223


 16%|█▌        | 8/50 [17:01<1:31:02, 130.05s/it][A                 INFO     | >>                            run_libero_eval.py:223
                          Task: put both the cream cheese                       
                          box and the butter in the                             
                          basket                                                
                 INFO     | >> Starting episode 9...      run_libero_eval.py:223
05/20 [19:01:16] INFO     | >> Success: True              run_libero_eval.py:223
                 INFO     | >> # episodes completed so    run_libero_eval.py:223
                          far: 59                                               
                 INFO     | >> # successes: 52 (88.1%)    run_libero_eval.py:223


 18%|█▊        | 9/50 [19:19<1:30:37, 132.63s/it][A                 INFO     | >>                            run_libero_eval.py:223
                          Task: put both the cream cheese                       
                          box and the butter in the                             
                          basket                                                
                 INFO     | >> Starting episode 10...     run_libero_eval.py:223
05/20 [19:03:29] INFO     | >> Success: True              run_libero_eval.py:223
                 INFO     | >> # episodes completed so    run_libero_eval.py:223
                          far: 60                                               
                 INFO     | >> # successes: 53 (88.3%)    run_libero_eval.py:223


 20%|██        | 10/50 [21:32<1:28:28, 132.72s/it][A                 INFO     | >>                            run_libero_eval.py:223
                          Task: put both the cream cheese                       
                          box and the butter in the                             
                          basket                                                
                 INFO     | >> Starting episode 11...     run_libero_eval.py:223
05/20 [19:05:43] INFO     | >> Success: True              run_libero_eval.py:223
                 INFO     | >> # episodes completed so    run_libero_eval.py:223
                          far: 61                                               
                 INFO     | >> # successes: 54 (88.5%)    run_libero_eval.py:223


 22%|██▏       | 11/50 [23:46<1:26:33, 133.15s/it][A                 INFO     | >>                            run_libero_eval.py:223
                          Task: put both the cream cheese                       
                          box and the butter in the                             
                          basket                                                
                 INFO     | >> Starting episode 12...     run_libero_eval.py:223
05/20 [19:08:02] INFO     | >> Success: True              run_libero_eval.py:223
                 INFO     | >> # episodes completed so    run_libero_eval.py:223
                          far: 62                                               
                 INFO     | >> # successes: 55 (88.7%)    run_libero_eval.py:223


 24%|██▍       | 12/50 [26:05<1:25:30, 135.01s/it][A                 INFO     | >>                            run_libero_eval.py:223
                          Task: put both the cream cheese                       
                          box and the butter in the                             
                          basket                                                
                 INFO     | >> Starting episode 13...     run_libero_eval.py:223
05/20 [19:10:18] INFO     | >> Success: True              run_libero_eval.py:223
                 INFO     | >> # episodes completed so    run_libero_eval.py:223
                          far: 63                                               
                 INFO     | >> # successes: 56 (88.9%)    run_libero_eval.py:223


 26%|██▌       | 13/50 [28:21<1:23:23, 135.24s/it][A                 INFO     | >>                            run_libero_eval.py:223
                          Task: put both the cream cheese                       
                          box and the butter in the                             
                          basket                                                
                 INFO     | >> Starting episode 14...     run_libero_eval.py:223
05/20 [19:12:22] INFO     | >> Success: True              run_libero_eval.py:223
                 INFO     | >> # episodes completed so    run_libero_eval.py:223
                          far: 64                                               
                 INFO     | >> # successes: 57 (89.1%)    run_libero_eval.py:223


 28%|██▊       | 14/50 [30:25<1:19:02, 131.75s/it][A                 INFO     | >>                            run_libero_eval.py:223
                          Task: put both the cream cheese                       
                          box and the butter in the                             
                          basket                                                
                 INFO     | >> Starting episode 15...     run_libero_eval.py:223
05/20 [19:14:18] INFO     | >> Success: True              run_libero_eval.py:223
                 INFO     | >> # episodes completed so    run_libero_eval.py:223
                          far: 65                                               
                 INFO     | >> # successes: 58 (89.2%)    run_libero_eval.py:223


 30%|███       | 15/50 [32:21<1:14:06, 127.05s/it][A                 INFO     | >>                            run_libero_eval.py:223
                          Task: put both the cream cheese                       
                          box and the butter in the                             
                          basket                                                
                 INFO     | >> Starting episode 16...     run_libero_eval.py:223
05/20 [19:16:38] INFO     | >> Success: True              run_libero_eval.py:223
                 INFO     | >> # episodes completed so    run_libero_eval.py:223
                          far: 66                                               
                 INFO     | >> # successes: 59 (89.4%)    run_libero_eval.py:223


 32%|███▏      | 16/50 [34:41<1:14:09, 130.88s/it][A                 INFO     | >>                            run_libero_eval.py:223
                          Task: put both the cream cheese                       
                          box and the butter in the                             
                          basket                                                
                 INFO     | >> Starting episode 17...     run_libero_eval.py:223
05/20 [19:18:39] INFO     | >> Success: True              run_libero_eval.py:223
                 INFO     | >> # episodes completed so    run_libero_eval.py:223
                          far: 67                                               
                 INFO     | >> # successes: 60 (89.6%)    run_libero_eval.py:223


 34%|███▍      | 17/50 [36:42<1:10:21, 127.93s/it][A                 INFO     | >>                            run_libero_eval.py:223
                          Task: put both the cream cheese                       
                          box and the butter in the                             
                          basket                                                
                 INFO     | >> Starting episode 18...     run_libero_eval.py:223
05/20 [19:20:48] INFO     | >> Success: True              run_libero_eval.py:223
                 INFO     | >> # episodes completed so    run_libero_eval.py:223
                          far: 68                                               
                 INFO     | >> # successes: 61 (89.7%)    run_libero_eval.py:223


 36%|███▌      | 18/50 [38:51<1:08:22, 128.22s/it][A                 INFO     | >>                            run_libero_eval.py:223
                          Task: put both the cream cheese                       
                          box and the butter in the                             
                          basket                                                
                 INFO     | >> Starting episode 19...     run_libero_eval.py:223
05/20 [19:22:44] INFO     | >> Success: True              run_libero_eval.py:223
                 INFO     | >> # episodes completed so    run_libero_eval.py:223
                          far: 69                                               
                 INFO     | >> # successes: 62 (89.9%)    run_libero_eval.py:223


 38%|███▊      | 19/50 [40:46<1:04:20, 124.52s/it][A                 INFO     | >>                            run_libero_eval.py:223
                          Task: put both the cream cheese                       
                          box and the butter in the                             
                          basket                                                
                 INFO     | >> Starting episode 20...     run_libero_eval.py:223
05/20 [19:24:56] INFO     | >> Success: True              run_libero_eval.py:223
                 INFO     | >> # episodes completed so    run_libero_eval.py:223
                          far: 70                                               
                 INFO     | >> # successes: 63 (90.0%)    run_libero_eval.py:223


 40%|████      | 20/50 [42:59<1:03:25, 126.86s/it][A                 INFO     | >>                            run_libero_eval.py:223
                          Task: put both the cream cheese                       
                          box and the butter in the                             
                          basket                                                
                 INFO     | >> Starting episode 21...     run_libero_eval.py:223
05/20 [19:27:18] INFO     | >> Success: True              run_libero_eval.py:223
                 INFO     | >> # episodes completed so    run_libero_eval.py:223
                          far: 71                                               
                 INFO     | >> # successes: 64 (90.1%)    run_libero_eval.py:223


 42%|████▏     | 21/50 [45:21<1:03:34, 131.54s/it][A                 INFO     | >>                            run_libero_eval.py:223
                          Task: put both the cream cheese                       
                          box and the butter in the                             
                          basket                                                
                 INFO     | >> Starting episode 22...     run_libero_eval.py:223
05/20 [19:29:56] INFO     | >> Success: True              run_libero_eval.py:223
                 INFO     | >> # episodes completed so    run_libero_eval.py:223
                          far: 72                                               
                 INFO     | >> # successes: 65 (90.3%)    run_libero_eval.py:223


 44%|████▍     | 22/50 [47:59<1:05:03, 139.40s/it][A                 INFO     | >>                            run_libero_eval.py:223
                          Task: put both the cream cheese                       
                          box and the butter in the                             
                          basket                                                
                 INFO     | >> Starting episode 23...     run_libero_eval.py:223
05/20 [19:32:08] INFO     | >> Success: True              run_libero_eval.py:223
                 INFO     | >> # episodes completed so    run_libero_eval.py:223
                          far: 73                                               
                 INFO     | >> # successes: 66 (90.4%)    run_libero_eval.py:223


 46%|████▌     | 23/50 [50:11<1:01:47, 137.30s/it][A                 INFO     | >>                            run_libero_eval.py:223
                          Task: put both the cream cheese                       
                          box and the butter in the                             
                          basket                                                
                 INFO     | >> Starting episode 24...     run_libero_eval.py:223
05/20 [19:34:22] INFO     | >> Success: True              run_libero_eval.py:223
                 INFO     | >> # episodes completed so    run_libero_eval.py:223
                          far: 74                                               
                 INFO     | >> # successes: 67 (90.5%)    run_libero_eval.py:223


 48%|████▊     | 24/50 [52:25<59:01, 136.23s/it]  [A                 INFO     | >>                            run_libero_eval.py:223
                          Task: put both the cream cheese                       
                          box and the butter in the                             
                          basket                                                
                 INFO     | >> Starting episode 25...     run_libero_eval.py:223
05/20 [19:36:15] INFO     | >> Success: True              run_libero_eval.py:223
                 INFO     | >> # episodes completed so    run_libero_eval.py:223
                          far: 75                                               
                 INFO     | >> # successes: 68 (90.7%)    run_libero_eval.py:223


 50%|█████     | 25/50 [54:18<53:50, 129.20s/it][A                 INFO     | >>                            run_libero_eval.py:223
                          Task: put both the cream cheese                       
                          box and the butter in the                             
                          basket                                                
                 INFO     | >> Starting episode 26...     run_libero_eval.py:223
05/20 [19:38:03] INFO     | >> Success: True              run_libero_eval.py:223
                 INFO     | >> # episodes completed so    run_libero_eval.py:223
                          far: 76                                               
                 INFO     | >> # successes: 69 (90.8%)    run_libero_eval.py:223


 52%|█████▏    | 26/50 [56:06<49:11, 122.99s/it][A                 INFO     | >>                            run_libero_eval.py:223
                          Task: put both the cream cheese                       
                          box and the butter in the                             
                          basket                                                
                 INFO     | >> Starting episode 27...     run_libero_eval.py:223
05/20 [19:40:19] INFO     | >> Success: True              run_libero_eval.py:223
                 INFO     | >> # episodes completed so    run_libero_eval.py:223
                          far: 77                                               
                 INFO     | >> # successes: 70 (90.9%)    run_libero_eval.py:223


 54%|█████▍    | 27/50 [58:22<48:36, 126.79s/it][A                 INFO     | >>                            run_libero_eval.py:223
                          Task: put both the cream cheese                       
                          box and the butter in the                             
                          basket                                                
                 INFO     | >> Starting episode 28...     run_libero_eval.py:223
05/20 [19:42:24] INFO     | >> Success: True              run_libero_eval.py:223
                 INFO     | >> # episodes completed so    run_libero_eval.py:223
                          far: 78                                               
                 INFO     | >> # successes: 71 (91.0%)    run_libero_eval.py:223


 56%|█████▌    | 28/50 [1:00:27<46:17, 126.24s/it][A                 INFO     | >>                            run_libero_eval.py:223
                          Task: put both the cream cheese                       
                          box and the butter in the                             
                          basket                                                
                 INFO     | >> Starting episode 29...     run_libero_eval.py:223
05/20 [19:44:54] INFO     | >> Success: True              run_libero_eval.py:223
                 INFO     | >> # episodes completed so    run_libero_eval.py:223
                          far: 79                                               
                 INFO     | >> # successes: 72 (91.1%)    run_libero_eval.py:223


 58%|█████▊    | 29/50 [1:02:57<46:40, 133.34s/it][A                 INFO     | >>                            run_libero_eval.py:223
                          Task: put both the cream cheese                       
                          box and the butter in the                             
                          basket                                                
                 INFO     | >> Starting episode 30...     run_libero_eval.py:223
05/20 [19:47:13] INFO     | >> Success: True              run_libero_eval.py:223
                 INFO     | >> # episodes completed so    run_libero_eval.py:223
                          far: 80                                               
                 INFO     | >> # successes: 73 (91.2%)    run_libero_eval.py:223


 60%|██████    | 30/50 [1:05:16<45:02, 135.11s/it][A                 INFO     | >>                            run_libero_eval.py:223
                          Task: put both the cream cheese                       
                          box and the butter in the                             
                          basket                                                
                 INFO     | >> Starting episode 31...     run_libero_eval.py:223
05/20 [19:49:42] INFO     | >> Success: True              run_libero_eval.py:223
                 INFO     | >> # episodes completed so    run_libero_eval.py:223
                          far: 81                                               
                 INFO     | >> # successes: 74 (91.4%)    run_libero_eval.py:223


 62%|██████▏   | 31/50 [1:07:45<44:02, 139.09s/it][A                 INFO     | >>                            run_libero_eval.py:223
                          Task: put both the cream cheese                       
                          box and the butter in the                             
                          basket                                                
                 INFO     | >> Starting episode 32...     run_libero_eval.py:223
05/20 [19:51:55] INFO     | >> Success: True              run_libero_eval.py:223
                 INFO     | >> # episodes completed so    run_libero_eval.py:223
                          far: 82                                               
                 INFO     | >> # successes: 75 (91.5%)    run_libero_eval.py:223


 64%|██████▍   | 32/50 [1:09:58<41:13, 137.44s/it][A                 INFO     | >>                            run_libero_eval.py:223
                          Task: put both the cream cheese                       
                          box and the butter in the                             
                          basket                                                
                 INFO     | >> Starting episode 33...     run_libero_eval.py:223
05/20 [19:54:13] INFO     | >> Success: True              run_libero_eval.py:223
                 INFO     | >> # episodes completed so    run_libero_eval.py:223
                          far: 83                                               
                 INFO     | >> # successes: 76 (91.6%)    run_libero_eval.py:223


 66%|██████▌   | 33/50 [1:12:16<38:59, 137.60s/it][A                 INFO     | >>                            run_libero_eval.py:223
                          Task: put both the cream cheese                       
                          box and the butter in the                             
                          basket                                                
                 INFO     | >> Starting episode 34...     run_libero_eval.py:223
05/20 [19:57:08] INFO     | >> Success: True              run_libero_eval.py:223
                 INFO     | >> # episodes completed so    run_libero_eval.py:223
                          far: 84                                               
                 INFO     | >> # successes: 77 (91.7%)    run_libero_eval.py:223


 68%|██████▊   | 34/50 [1:15:11<39:39, 148.74s/it][A                 INFO     | >>                            run_libero_eval.py:223
                          Task: put both the cream cheese                       
                          box and the butter in the                             
                          basket                                                
                 INFO     | >> Starting episode 35...     run_libero_eval.py:223
05/20 [19:59:32] INFO     | >> Success: True              run_libero_eval.py:223
                 INFO     | >> # episodes completed so    run_libero_eval.py:223
                          far: 85                                               
                 INFO     | >> # successes: 78 (91.8%)    run_libero_eval.py:223


 70%|███████   | 35/50 [1:17:35<36:52, 147.47s/it][A                 INFO     | >>                            run_libero_eval.py:223
                          Task: put both the cream cheese                       
                          box and the butter in the                             
                          basket                                                
                 INFO     | >> Starting episode 36...     run_libero_eval.py:223
05/20 [20:01:46] INFO     | >> Success: True              run_libero_eval.py:223
                 INFO     | >> # episodes completed so    run_libero_eval.py:223
                          far: 86                                               
                 INFO     | >> # successes: 79 (91.9%)    run_libero_eval.py:223


 72%|███████▏  | 36/50 [1:19:49<33:27, 143.37s/it][A                 INFO     | >>                            run_libero_eval.py:223
                          Task: put both the cream cheese                       
                          box and the butter in the                             
                          basket                                                
                 INFO     | >> Starting episode 37...     run_libero_eval.py:223
05/20 [20:04:11] INFO     | >> Success: True              run_libero_eval.py:223
                 INFO     | >> # episodes completed so    run_libero_eval.py:223
                          far: 87                                               
                 INFO     | >> # successes: 80 (92.0%)    run_libero_eval.py:223


 74%|███████▍  | 37/50 [1:22:14<31:08, 143.74s/it][A                 INFO     | >>                            run_libero_eval.py:223
                          Task: put both the cream cheese                       
                          box and the butter in the                             
                          basket                                                
                 INFO     | >> Starting episode 38...     run_libero_eval.py:223
05/20 [20:06:15] INFO     | >> Success: True              run_libero_eval.py:223
                 INFO     | >> # episodes completed so    run_libero_eval.py:223
                          far: 88                                               
                 INFO     | >> # successes: 81 (92.0%)    run_libero_eval.py:223


 76%|███████▌  | 38/50 [1:24:18<27:34, 137.88s/it][A                 INFO     | >>                            run_libero_eval.py:223
                          Task: put both the cream cheese                       
                          box and the butter in the                             
                          basket                                                
                 INFO     | >> Starting episode 39...     run_libero_eval.py:223
05/20 [20:08:21] INFO     | >> Success: True              run_libero_eval.py:223
                 INFO     | >> # episodes completed so    run_libero_eval.py:223
                          far: 89                                               
                 INFO     | >> # successes: 82 (92.1%)    run_libero_eval.py:223


 78%|███████▊  | 39/50 [1:26:24<24:38, 134.41s/it][A                 INFO     | >>                            run_libero_eval.py:223
                          Task: put both the cream cheese                       
                          box and the butter in the                             
                          basket                                                
                 INFO     | >> Starting episode 40...     run_libero_eval.py:223
05/20 [20:10:25] INFO     | >> Success: True              run_libero_eval.py:223
                 INFO     | >> # episodes completed so    run_libero_eval.py:223
                          far: 90                                               
                 INFO     | >> # successes: 83 (92.2%)    run_libero_eval.py:223


 80%|████████  | 40/50 [1:28:28<21:51, 131.15s/it][A                 INFO     | >>                            run_libero_eval.py:223
                          Task: put both the cream cheese                       
                          box and the butter in the                             
                          basket                                                
                 INFO     | >> Starting episode 41...     run_libero_eval.py:22<home_path>
05/20 [20:12:43] INFO     | >> Success: True              run_libero_eval.py:223
                 INFO     | >> # episodes completed so    run_libero_eval.py:223
                         <home_path>                        
                 INFO     | >> # successes: 84 (92.3%)    run_libero_eval.py:223


 82%|████████▏ | 41/50 [1:30:46<19:59, 133.29s/it][A                 INFO     | >>                            run_libero_eval.py:223
                          Task: put both the cream cheese                       
                          box and the butter in the                             
                          basket                                                
                 INFO     | >> Starting episode 42...     run_libero_eval.py:223
05/20 [20:17:05] INFO     | >> Success: False             run_libero_eval.py:223
                 INFO     | >> # episodes completed so    run_libero_eval.py:223
                          far: 92                                               
                 INFO     | >> # successes: 84 (91.3%)    run_libero_eval.py:223


 84%|████████▍ | 42/50 [1:35:07<22:53, 171.71s/it][A                 INFO     | >>                            run_libero_eval.py:223
                          Task: put both the cream cheese                       
                          box and the butter in the                             
                          basket                                                
                 INFO     | >> Starting episode 43...     run_libero_eval.py:223
05/20 [20:20:28] INFO     | >> Success: True              run_libero_eval.py:223
                 INFO     | >> # episodes completed so    run_libero_eval.py:223
                          far: 93                                               
                 INFO     | >> # successes: 85 (91.4%)    run_libero_eval.py:223


 86%|████████▌ | 43/50 [1:38:30<21:07, 181.10s/it][A                 INFO     | >>                            run_libero_eval.py:223
                          Task: put both the cream cheese                       
                          box and the butter in the                             
                          basket                                                
                 INFO     | >> Starting episode 44...     run_libero_eval.py:223
05/20 [20:22:53] INFO     | >> Success: True              run_libero_eval.py:223
                 INFO     | >> # episodes completed so    run_libero_eval.py:223
                          far: 94                                               
                 INFO     | >> # successes: 86 (91.5%)    run_libero_eval.py:223


 88%|████████▊ | 44/50 [1:40:56<17:02, 170.47s/it][A                 INFO     | >>                            run_libero_eval.py:223
                          Task: put both the cream cheese                       
                          box and the butter in the                             
                          basket                                                
                 INFO     | >> Starting episode 45...     run_libero_eval.py:223
05/20 [20:25:18] INFO     | >> Success: True              run_libero_eval.py:223
                 INFO     | >> # episodes completed so    run_libero_eval.py:223
                          far: 95                                               
                 INFO     | >> # successes: 87 (91.6%)    run_libero_eval.py:223


 90%|█████████ | 45/50 [1:43:21<13:34, 162.89s/it][A                 INFO     | >>                            run_libero_eval.py:223
                          Task: put both the cream cheese                       
                          box and the butter in the                             
                          basket                                                
                 INFO     | >> Starting episode 46...     run_libero_eval.py:223
05/20 [20:27:28] INFO     | >> Success: True              run_libero_eval.py:223
                 INFO     | >> # episodes completed so    run_libero_eval.py:223
                          far: 96                                               
                 INFO     | >> # successes: 88 (91.7%)    run_libero_eval.py:223


 92%|█████████▏| 46/50 [1:45:31<10:11, 152.89s/it][A                 INFO     | >>                            run_libero_eval.py:223
                          Task: put both the cream cheese                       
                          box and the butter in the                             
                          basket                                                
                 INFO     | >> Starting episode 47...     run_libero_eval.py:223
05/20 [20:29:50] INFO     | >> Success: True              run_libero_eval.py:223
                 INFO     | >> # episodes completed so    run_libero_eval.py:223
                          far: 97                                               
                 INFO     | >> # successes: 89 (91.8%)    run_libero_eval.py:223


 94%|█████████▍| 47/50 [1:47:53<07:28, 149.64s/it][A                 INFO     | >>                            run_libero_eval.py:223
                          Task: put both the cream cheese                       
                          box and the butter in the                             
                          basket                                                
                 INFO     | >> Starting episode 48...     run_libero_eval.py:223
05/20 [20:32:09] INFO     | >> Success: True              run_libero_eval.py:223
                 INFO     | >> # episodes completed so    run_libero_eval.py:223
                          far: 98                                               
                 INFO     | >> # successes: 90 (91.8%)    run_libero_eval.py:223


 96%|█████████▌| 48/50 [1:50:11<04:52, 146.30s/it][A                 INFO     | >>                            run_libero_eval.py:223
                          Task: put both the cream cheese                       
                          box and the butter in the                             
                          basket                                                
                 INFO     | >> Starting episode 49...     run_libero_eval.py:223
05/20 [20:34:35] INFO     | >> Success: True              run_libero_eval.py:223
                 INFO     | >> # episodes completed so    run_libero_eval.py:223
                          far: 99                                               
                 INFO     | >> # successes: 91 (91.9%)    run_libero_eval.py:223


 98%|█████████▊| 49/50 [1:52:38<02:26, 146.23s/it][A                 INFO     | >>                            run_libero_eval.py:223
                          Task: put both the cream cheese                       
                          box and the butter in the                             
                          basket                                                
                 INFO     | >> Starting episode 50...     run_libero_eval.py:223
05/20 [20:39:23] INFO     | >> Success: False             run_libero_eval.py:223
                 INFO     | >> # episodes completed so    run_libero_eval.py:223
                          far: 100                                              
                 INFO     | >> # successes: 91 (91.0%)    run_libero_eval.py:223


100%|██████████| 50/50 [1:57:26<00:00, 188.88s/it][A
100%|██████████| 50/50 [1:57:26<00:00, 140.93s/it]
                 INFO     | >> Current task success rate: run_libero_eval.py:223
                          0.96                                                  
                 INFO     | >> Current total success      run_libero_eval.py:223
                          rate: 0.91                                            

 20%|██        | 2/10 [3:33:45<14:30:05, 6525.74s/it][Warning]: datasets path /mnt/pfs/scalelab2/liangzhixuan/code/publish-ddpvla/LIBERO/datasets does not exist!
                 INFO     | >> Using default initial      run_libero_eval.py:223
                          states                                                
[Warning]: datasets path /mnt/pfs/scalelab2/liangzhixuan/code/publish-ddpvla/LIBERO/datasets does not exist!


  0%|          | 0/50 [00:00<?, ?it/s][A05/20 [20:39:34] INFO     | >>                            run_libero_eval.py:223
                          Task: turn on the stove and put                       
                          the moka pot on it                                    
                 INFO     | >> Starting episode 1...      run_libero_eval.py:223
05/20 [20:41:51] INFO     | >> Success: True              run_libero_eval.py:223
                 INFO     | >> # episodes completed so    run_libero_eval.py:223
                          far: 101                                              
                 INFO     | >> # successes: 92 (91.1%)    run_libero_eval.py:223


  2%|▏         | 1/50 [02:16<1:51:20, 136.34s/it][A                 INFO     | >>                            run_libero_eval.py:223
                          Task: turn on the stove and put                       
                          the moka pot on it                                    
                 INFO     | >> Starting episode 2...      run_libero_eval.py:223
05/20 [20:44:06] INFO     | >> Success: True              run_libero_eval.py:223
                 INFO     | >> # episodes completed so    run_libero_eval.py:223
                          far: 102                                              
                 INFO     | >> # successes: 93 (91.2%)    run_libero_eval.py:223


  4%|▍         | 2/50 [04:31<1:48:22, 135.46s/it][A                 INFO     | >>                            run_libero_eval.py:223
                          Task: turn on the stove and put                       
                          the moka pot on it                                    
                 INFO     | >> Starting episode 3...      run_libero_eval.py:223
05/20 [20:46:31] INFO     | >> Success: True              run_libero_eval.py:223
05/20 [20:46:32] INFO     | >> # episodes completed so    run_libero_eval.py:223
                          far: 103                                              
                 INFO     | >> # successes: 94 (91.3%)    run_libero_eval.py:223


  6%|▌         | 3/50 [06:57<1:49:51, 140.25s/it][A                 INFO     | >>                            run_libero_eval.py:223
                          Task: turn on the stove and put                       
                          the moka pot on it                                    
                 INFO     | >> Starting episode 4...      run_libero_eval.py:223
05/20 [20:48:48] INFO     | >> Success: True              run_libero_eval.py:223
                 INFO     | >> # episodes completed so    run_libero_eval.py:223
                          far: 104                                              
                 INFO     | >> # successes: 95 (91.3%)    run_libero_eval.py:223


  8%|▊         | 4/50 [09:13<1:46:17, 138.64s/it][A                 INFO     | >>                            run_libero_eval.py:223
                          Task: turn on the stove and put                       
                          the moka pot on it                                    
                 INFO     | >> Starting episode 5...      run_libero_eval.py:223
05/20 [20:51:01] INFO     | >> Success: True              run_libero_eval.py:223
                 INFO     | >> # episodes completed so    run_libero_eval.py:223
                          far: 105                                              
                 INFO     | >> # successes: 96 (91.4%)    run_libero_eval.py:223


 10%|█         | 5/50 [11:26<1:42:33, 136.74s/it][A                 INFO     | >>                            run_libero_eval.py:223
                          Task: turn on the stove and put                       
                          the moka pot on it                                    
                 INFO     | >> Starting episode 6...      run_libero_eval.py:223
05/20 [20:53:22] INFO     | >> Success: True              run_libero_eval.py:223
                 INFO     | >> # episodes completed so    run_libero_eval.py:223
                          far: 106                                              
                 INFO     | >> # successes: 97 (91.5%)    run_libero_eval.py:223


 12%|█▏        | 6/50 [13:47<1:41:23, 138.27s/it][A                 INFO     | >>                            run_libero_eval.py:223
                          Task: turn on the stove and put                       
                          the moka pot on it                                    
                 INFO     | >> Starting episode 7...      run_libero_eval.py:223
05/20 [20:55:37] INFO     | >> Success: True              run_libero_eval.py:223
                 INFO     | >> # episodes completed so    run_libero_eval.py:223
                          far: 107                                              
                 INFO     | >> # successes: 98 (91.6%)    run_libero_eval.py:223


 14%|█▍        | 7/50 [16:02<1:38:20, 137.23s/it][A                 INFO     | >>                            run_libero_eval.py:223
                          Task: turn on the stove and put                       
                          the moka pot on it                                    
                 INFO     | >> Starting episode 8...      run_libero_eval.py:223
05/20 [20:58:12] INFO     | >> Success: True              run_libero_eval.py:223
                 INFO     | >> # episodes completed so    run_libero_eval.py:223
                          far: 108                                              
                 INFO     | >> # successes: 99 (91.7%)    run_libero_eval.py:223


 16%|█▌        | 8/50 [18:37<1:39:53, 142.71s/it][A                 INFO     | >>                            run_libero_eval.py:223
                          Task: turn on the stove and put                       
                          the moka pot on it                                    
                 INFO     | >> Starting episode 9...      run_libero_eval.py:223
05/20 [21:00:24] INFO     | >> Success: True              run_libero_eval.py:223
                 INFO     | >> # episodes completed so    run_libero_eval.py:223
                          far: 109                                              
                 INFO     | >> # successes: 100 (91.7%)   run_libero_eval.py:223


 18%|█▊        | 9/50 [20:49<1:35:11, 139.32s/it][A                 INFO     | >>                            run_libero_eval.py:223
                          Task: turn on the stove and put                       
                          the moka pot on it                                    
                 INFO     | >> Starting episode 10...     run_libero_eval.py:223
05/20 [21:02:38] INFO     | >> Success: True              run_libero_eval.py:223
                 INFO     | >> # episodes completed so    run_libero_eval.py:223
                          far: 110                                              
                 INFO     | >> # successes: 101 (91.8%)   run_libero_eval.py:223


 20%|██        | 10/50 [23:03<1:31:55, 137.88s/it][A                 INFO     | >>                            run_libero_eval.py:223
                          Task: turn on the stove and put                       
                          the moka pot on it                                    
                 INFO     | >> Starting episode 11...     run_libero_eval.py:223
05/20 [21:05:00] INFO     | >> Success: True              run_libero_eval.py:223
                 INFO     | >> # episodes completed so    run_libero_eval.py:223
                          far: 111                                              
                 INFO     | >> # successes: 102 (91.9%)   run_libero_eval.py:223


 22%|██▏       | 11/50 [25:25<1:30:26, 139.15s/it][A                 INFO     | >>                            run_libero_eval.py:223
                          Task: turn on the stove and put                       
                          the moka pot on it                                    
                 INFO     | >> Starting episode 12...     run_libero_eval.py:223
05/20 [21:07:03] INFO     | >> Success: True              run_libero_eval.py:223
                 INFO     | >> # episodes completed so    run_libero_eval.py:223
                          far: 112                                              
                 INFO     | >> # successes: 103 (92.0%)   run_libero_eval.py:223


 24%|██▍       | 12/50 [27:28<1:24:55, 134.10s/it][A                 INFO     | >>                            run_libero_eval.py:223
                          Task: turn on the stove and put                       
                          the moka pot on it                                    
                 INFO     | >> Starting episode 13...     run_libero_eval.py:223
05/20 [21:09:31] INFO     | >> Success: True              run_libero_eval.py:223
                 INFO     | >> # episodes completed so    run_libero_eval.py:223
                          far: 113                                              
                 INFO     | >> # successes: 104 (92.0%)   run_libero_eval.py:223


 26%|██▌       | 13/50 [29:56<1:25:16, 138.29s/it][A                 INFO     | >>                            run_libero_eval.py:223
                          Task: turn on the stove and put                       
                          the moka pot on it                                    
                 INFO     | >> Starting episode 14...     run_libero_eval.py:223
05/20 [21:11:42] INFO     | >> Success: True              run_libero_eval.py:223
                 INFO     | >> # episodes completed so    run_libero_eval.py:223
                          far: 114                                              
                 INFO     | >> # successes: 105 (92.1%)   run_libero_eval.py:223


 28%|██▊       | 14/50 [32:08<1:21:45, 136.26s/it][A                 INFO     | >>                            run_libero_eval.py:223
                          Task: turn on the stove and put                       
                          the moka pot on it                                    
                 INFO     | >> Starting episode 15...     run_libero_eval.py:223
05/20 [21:13:48] INFO     | >> Success: True              run_libero_eval.py:223
                 INFO     | >> # episodes completed so    run_libero_eval.py:223
                          far: 115                                              
                 INFO     | >> # successes: 106 (92.2%)   run_libero_eval.py:223


 30%|███       | 15/50 [34:13<1:17:33, 132.95s/it][A                 INFO     | >>                            run_libero_eval.py:223
                          Task: turn on the stove and put                       
                          the moka pot on it                                    
                 INFO     | >> Starting episode 16...     run_libero_eval.py:223
05/20 [21:15:58] INFO     | >> Success: True              run_libero_eval.py:223
                 INFO     | >> # episodes completed so    run_libero_eval.py:223
                          far: 116                                              
                 INFO     | >> # successes: 107 (92.2%)   run_libero_eval.py:223


 32%|███▏      | 16/50 [36:23<1:14:50, 132.07s/it][A                 INFO     | >>                            run_libero_eval.py:223
                          Task: turn on the stove and put                       
                          the moka pot on it                                    
                 INFO     | >> Starting episode 17...     run_libero_eval.py:223
05/20 [21:18:29] INFO     | >> Success: True              run_libero_eval.py:223
                 INFO     | >> # episodes completed so    run_libero_eval.py:223
                          far: 117                                              
                 INFO     | >> # successes: 108 (92.3%)   run_libero_eval.py:223


 34%|███▍      | 17/50 [38:54<1:15:44, 137.72s/it][A                 INFO     | >>                            run_libero_eval.py:223
                          Task: turn on the stove and put                       
                          the moka pot on it                                    
                 INFO     | >> Starting episode 18...     run_libero_eval.py:223
05/20 [21:20:21] INFO     | >> Success: True              run_libero_eval.py:223
                 INFO     | >> # episodes completed so    run_libero_eval.py:223
                          far: 118                                              
                 INFO     | >> # successes: 109 (92.4%)   run_libero_eval.py:223


 36%|███▌      | 18/50 [40:46<1:09:26, 130.21s/it][A                 INFO     | >>                            run_libero_eval.py:223
                          Task: turn on the stove and put                       
                          the moka pot on it                                    
                 INFO     | >> Starting episode 19...     run_libero_eval.py:223
05/20 [21:23:18] INFO     | >> Success: True              run_libero_eval.py:223
                 INFO     | >> # episodes completed so    run_libero_eval.py:223
                          far: 119                                              
                 INFO     | >> # successes: 110 (92.4%)   run_libero_eval.py:223


 38%|███▊      | 19/50 [43:43<1:14:27, 144.11s/it][A                 INFO     | >>                            run_libero_eval.py:223
                          Task: turn on the stove and put                       
                          the moka pot on it                                    
                 INFO     | >> Starting episode 20...     run_libero_eval.py:223
05/20 [21:25:21] INFO     | >> Success: True              run_libero_eval.py:223
                 INFO     | >> # episodes completed so    run_libero_eval.py:223
                          far: 120                                              
                 INFO     | >> # successes: 111 (92.5%)   run_libero_eval.py:223


 40%|████      | 20/50 [45:46<1:08:51, 137.73s/it][A                 INFO     | >>                            run_libero_eval.py:223
                          Task: turn on the stove and put                       
                          the moka pot on it                                    
                 INFO     | >> Starting episode 21...     run_libero_eval.py:223
05/20 [21:27:56] INFO     | >> Success: True              run_libero_eval.py:223
                 INFO     | >> # episodes completed so    run_libero_eval.py:223
                          far: 121                                              
                 INFO     | >> # successes: 112 (92.6%)   run_libero_eval.py:223


 42%|████▏     | 21/50 [48:21<1:09:04, 142.91s/it][A                 INFO     | >>                            run_libero_eval.py:223
                          Task: turn on the stove and put                       
                          the moka pot on it                                    
                 INFO     | >> Starting episode 22...     run_libero_eval.py:223
05/20 [21:29:58] INFO     | >> Success: True              run_libero_eval.py:223
                 INFO     | >> # episodes completed so    run_libero_eval.py:223
                          far: 122                                              
                 INFO     | >> # successes: 113 (92.6%)   run_libero_eval.py:223


 44%|████▍     | 22/50 [50:23<1:03:45, 136.63s/it][A                 INFO     | >>                            run_libero_eval.py:223
                          Task: turn on the stove and put                       
                          the moka pot on it                                    
                 INFO     | >> Starting episode 23...     run_libero_eval.py:223
05/20 [21:32:03] INFO     | >> Success: True              run_libero_eval.py:223
                 INFO     | >> # episodes completed so    run_libero_eval.py:223
                          far: 123                                              
                 INFO     | >> # successes: 114 (92.7%)   run_libero_eval.py:223


 46%|████▌     | 23/50 [52:28<59:58, 133.27s/it]  [A                 INFO     | >>                            run_libero_eval.py:223
                          Task: turn on the stove and put                       
                          the moka pot on it                                    
                 INFO     | >> Starting episode 24...     run_libero_eval.py:223
05/20 [21:34:37] INFO     | >> Success: True              run_libero_eval.py:223
                 INFO     | >> # episodes completed so    run_libero_eval.py:223
                          far: 124                                              
                 INFO     | >> # successes: 115 (92.7%)   run_libero_eval.py:223


 48%|████▊     | 24/50 [55:02<1:00:26, 139.49s/it][A                 INFO     | >>                            run_libero_eval.py:223
                          Task: turn on the stove and put                       
                          the moka pot on it                                    
                 INFO     | >> Starting episode 25...     run_libero_eval.py:223
05/20 [21:37:00] INFO     | >> Success: True              run_libero_eval.py:223
                 INFO     | >> # episodes completed so    run_libero_eval.py:223
                          far: 125                                              
                 INFO     | >> # successes: 116 (92.8%)   run_libero_eval.py:223


 50%|█████     | 25/50 [57:25<58:33, 140.53s/it]  [A                 INFO     | >>                            run_libero_eval.py:223
                          Task: turn on the stove and put                       
                          the moka pot on it                                    
                 INFO     | >> Starting episode 26...     run_libero_eval.py:223
05/20 [21:39:11] INFO     | >> Success: True              run_libero_eval.py:223
                 INFO     | >> # episodes completed so    run_libero_eval.py:223
                          far: 126                                              
                 INFO     | >> # successes: 117 (92.9%)   run_libero_eval.py:223


 52%|█████▏    | 26/50 [59:37<55:07, 137.80s/it][A                 INFO     | >>                            run_libero_eval.py:223
                          Task: turn on the stove and put                       
                          the moka pot on it                                    
                 INFO     | >> Starting episode 27...     run_libero_eval.py:223
05/20 [21:41:20] INFO     | >> Success: True              run_libero_eval.py:223
                 INFO     | >> # episodes completed so    run_libero_eval.py:223
                          far: 127                                              
                 INFO     | >> # successes: 118 (92.9%)   run_libero_eval.py:223


 54%|█████▍    | 27/50 [1:01:45<51:43, 134.93s/it][A                 INFO     | >>                            run_libero_eval.py:223
                          Task: turn on the stove and put                       
                          the moka pot on it                                    
                 INFO     | >> Starting episode 28...     run_libero_eval.py:223
05/20 [21:43:46] INFO     | >> Success: True              run_libero_eval.py:223
                 INFO     | >> # episodes completed so    run_libero_eval.py:223
                          far: 128                                              
                 INFO     | >> # successes: 119 (93.0%)   run_libero_eval.py:223


 56%|█████▌    | 28/50 [1:04:11<50:45, 138.42s/it][A                 INFO     | >>                            run_libero_eval.py:223
                          Task: turn on the stove and put                       
                          the moka pot on it                                    
                 INFO     | >> Starting episode 29...     run_libero_eval.py:223
05/20 [21:45:53] INFO     | >> Success: True              run_libero_eval.py:223
                 INFO     | >> # episodes completed so    run_libero_eval.py:223
                          far: 129                                              
                 INFO     | >> # successes: 120 (93.0%)   run_libero_eval.py:223


 58%|█████▊    | 29/50 [1:06:18<47:14, 134.98s/it][A                 INFO     | >>                            run_libero_eval.py:223
                          Task: turn on the stove and put                       
                          the moka pot on it                                    
                 INFO     | >> Starting episode 30...     run_libero_eval.py:223
05/20 [21:47:52] INFO     | >> Success: True              run_libero_eval.py:223
                 INFO     | >> # episodes completed so    run_libero_eval.py:223
                          far: 130                                              
                 INFO     | >> # successes: 121 (93.1%)   run_libero_eval.py:223


 60%|██████    | 30/50 [1:08:17<43:20, 130.02s/it][A                 INFO     | >>                            run_libero_eval.py:223
                          Task: turn on the stove and put                       
                          the moka pot on it                                    
                 INFO     | >> Starting episode 31...     run_libero_eval.py:223
05/20 [21:49:58] INFO     | >> Success: True              run_libero_eval.py:223
                 INFO     | >> # episodes completed so    run_libero_eval.py:223
                          far: 131                                              
                 INFO     | >> # successes: 122 (93.1%)   run_libero_eval.py:223


 62%|██████▏   | 31/50 [1:10:23<40:50, 128.97s/it][A                 INFO     | >>                            run_libero_eval.py:223
                          Task: turn on the stove and put                       
                          the moka pot on it                                    
                 INFO     | >> Starting episode 32...     run_libero_eval.py:223
05/20 [21:52:33] INFO     | >> Success: True              run_libero_eval.py:223
                 INFO     | >> # episodes completed so    run_libero_eval.py:223
                          far: 132                                              
                 INFO     | >> # successes: 123 (93.2%)   run_libero_eval.py:223


 64%|██████▍   | 32/50 [1:12:58<40:58, 136.59s/it][A                 INFO     | >>                            run_libero_eval.py:223
                          Task: turn on the stove and put                       
                          the moka pot on it                                    
                 INFO     | >> Starting episode 33...     run_libero_eval.py:223
05/20 [21:54:45] INFO     | >> Success: True              run_libero_eval.py:223
                 INFO     | >> # episodes completed so    run_libero_eval.py:223
                          far: 133                                              
                 INFO     | >> # successes: 124 (93.2%)   run_libero_eval.py:223


 66%|██████▌   | 33/50 [1:15:11<38:23, 135.48s/it][A                 INFO     | >>                            run_libero_eval.py:223
                          Task: turn on the stove and put                       
                          the moka pot on it                                    
                 INFO     | >> Starting episode 34...     run_libero_eval.py:223
05/20 [21:56:57] INFO     | >> Success: True              run_libero_eval.py:223
                 INFO     | >> # episodes completed so    run_libero_eval.py:223
                          far: 134                                              
                 INFO     | >> # successes: 125 (93.3%)   run_libero_eval.py:223


 68%|██████▊   | 34/50 [1:17:22<35:48, 134.29s/it][A                 INFO     | >>                            run_libero_eval.py:223
                          Task: turn on the stove and put                      <home_path>
                          the moka pot on it                                    
                 INFO     | >> Starting episode 35...     run_libero_eval.py:223
05/20 [21:58:54] INFO    <home_path>  run_libero_eval.py:223
                 INFO     | >> # episodes completed so    run_libero_eval.py:223
                          far: 135                                              
                 INFO     | >> # successes: 126 (93.3%)   run_libero_eval.py:223


 70%|███████   | 35/50 [1:19:19<32:16, 129.09s/it][A                 INFO     | >>                            run_libero_eval.py:223
                          Task: turn on the stove and put                       
                          the moka pot on it                                    
                 INFO     | >> Starting episode 36...     run_libero_eval.py:223
05/20 [22:01:06] INFO     | >> Success: True              run_libero_eval.py:223
                 INFO     | >> # episodes completed so    run_libero_eval.py:223
                          far: 136                                              
                 INFO     | >> # successes: 127 (93.4%)   run_libero_eval.py:223


 72%|███████▏  | 36/50 [1:21:31<30:19, 129.99s/it][A                 INFO     | >>                            run_libero_eval.py:223
                          Task: turn on the stove and put                       
                          the moka pot on it                                    
                 INFO     | >> Starting episode 37...     run_libero_eval.py:223
05/20 [22:02:52] INFO     | >> Success: True              run_libero_eval.py:223
                 INFO     | >> # episodes completed so    run_libero_eval.py:223
                          far: 137                                              
                 INFO     | >> # successes: 128 (93.4%)   run_libero_eval.py:223


 74%|███████▍  | 37/50 [1:23:17<26:35, 122.73s/it][A                 INFO     | >>                            run_libero_eval.py:223
                          Task: turn on the stove and put                       
                          the moka pot on it                                    
                 INFO     | >> Starting episode 38...     run_libero_eval.py:223
05/20 [22:05:13] INFO     | >> Success: True              run_libero_eval.py:223
                 INFO     | >> # episodes completed so    run_libero_eval.py:223
                          far: 138                                              
                 INFO     | >> # successes: 129 (93.5%)   run_libero_eval.py:223


 76%|███████▌  | 38/50 [1:25:38<25:39, 128.32s/it][A                 INFO     | >>                            run_libero_eval.py:223
                          Task: turn on the stove and put                       
                          the moka pot on it                                    
                 INFO     | >> Starting episode 39...     run_libero_eval.py:223
05/20 [22:07:22] INFO     | >> Success: True              run_libero_eval.py:223
                 INFO     | >> # episodes completed so    run_libero_eval.py:223
                          far: 139                                              
                 INFO     | >> # successes: 130 (93.5%)   run_libero_eval.py:223


 78%|███████▊  | 39/50 [1:27:47<23:33, 128.50s/it][A                 INFO     | >>                            run_libero_eval.py:223
                          Task: turn on the stove and put                       
                          the moka pot on it                                    
                 INFO     | >> Starting episode 40...     run_libero_eval.py:223
05/20 [22:09:30] INFO     | >> Success: True              run_libero_eval.py:223
                 INFO     | >> # episodes completed so    run_libero_eval.py:223
                          far: 140                                              
                 INFO     | >> # successes: 131 (93.6%)   run_libero_eval.py:223


 80%|████████  | 40/50 [1:29:55<21:22, 128.20s/it][A                 INFO     | >>                            run_libero_eval.py:223
                          Task: turn on the stove and put                       
                          the moka pot on it                                    
                 INFO     | >> Starting episode 41...     run_libero_eval.py:223
05/20 [22:11:02] INFO     | >> Success: True              run_libero_eval.py:223
                 INFO     | >> # episodes completed so    run_libero_eval.py:223
                          far: 141                                              
                 INFO     | >> # successes: 132 (93.6%)   run_libero_eval.py:223


 82%|████████▏ | 41/50 [1:31:28<17:38, 117.60s/it][A                 INFO     | >>                            run_libero_eval.py:223
                          Task: turn on the stove and put                       
                          the moka pot on it                                    
                 INFO     | >> Starting episode 42...     run_libero_eval.py:223
05/20 [22:13:13] INFO     | >> Success: True              run_libero_eval.py:223
                 INFO     | >> # episodes completed so    run_libero_eval.py:223
                          far: 142                                              
                 INFO     | >> # successes: 133 (93.7%)   run_libero_eval.py:223


 84%|████████▍ | 42/50 [1:33:38<16:11, 121.45s/it][A                 INFO     | >>                            run_libero_eval.py:223
                          Task: turn on the stove and put                       
                          the moka pot on it                                    
                 INFO     | >> Starting episode 43...     run_libero_eval.py:223
05/20 [22:15:25] INFO     | >> Success: True              run_libero_eval.py:223
                 INFO     | >> # episodes completed so    run_libero_eval.py:223
                          far: 143                                              
05/20 [22:15:26] INFO     | >> # successes: 134 (93.7%)   run_libero_eval.py:223


 86%|████████▌ | 43/50 [1:35:51<14:33, 124.80s/it][A                 INFO     | >>                            run_libero_eval.py:223
                          Task: turn on the stove and put                       
                          the moka pot on it                                    
                 INFO     | >> Starting episode 44...     run_libero_eval.py:223
05/20 [22:19:39] INFO     | >> Success: False             run_libero_eval.py:223
                 INFO     | >> # episodes completed so    run_libero_eval.py:223
                          far: 144                                              
                 INFO     | >> # successes: 134 (93.1%)   run_libero_eval.py:223


 88%|████████▊ | 44/50 [1:40:04<16:20, 163.35s/it][A                 INFO     | >>                            run_libero_eval.py:223
                          Task: turn on the stove and put                       
                          the moka pot on it                                    
                 INFO     | >> Starting episode 45...     run_libero_eval.py:223
05/20 [22:22:07] INFO     | >> Success: True              run_libero_eval.py:223
                 INFO     | >> # episodes completed so    run_libero_eval.py:223
                          far: 145                                              
                 INFO     | >> # successes: 135 (93.1%)   run_libero_eval.py:223


 90%|█████████ | 45/50 [1:42:32<13:14, 158.83s/it][A                 INFO     | >>                            run_libero_eval.py:223
                          Task: turn on the stove and put                       
                          the moka pot on it                                    
                 INFO     | >> Starting episode 46...     run_libero_eval.py:223
05/20 [22:24:08] INFO     | >> Success: True              run_libero_eval.py:223
                 INFO     | >> # episodes completed so    run_libero_eval.py:223
                          far: 146                                              
                 INFO     | >> # successes: 136 (93.2%)   run_libero_eval.py:223


 92%|█████████▏| 46/50 [1:44:33<09:49, 147.41s/it][A                 INFO     | >>                            run_libero_eval.py:223
                          Task: turn on the stove and put                       
                          the moka pot on it                                    
                 INFO     | >> Starting episode 47...     run_libero_eval.py:223
05/20 [22:26:29] INFO     | >> Success: True              run_libero_eval.py:223
                 INFO     | >> # episodes completed so    run_libero_eval.py:223
                          far: 147                                              
                 INFO     | >> # successes: 137 (93.2%)   run_libero_eval.py:223


 94%|█████████▍| 47/50 [1:46:54<07:16, 145.58s/it][A                 INFO     | >>                            run_libero_eval.py:223
                          Task: turn on the stove and put                       
                          the moka pot on it                                    
                 INFO     | >> Starting episode 48...     run_libero_eval.py:223
05/20 [22:28:36] INFO     | >> Success: True              run_libero_eval.py:223
                 INFO     | >> # episodes completed so    run_libero_eval.py:223
                          far: 148                                              
                 INFO     | >> # successes: 138 (93.2%)   run_libero_eval.py:223


 96%|█████████▌| 48/50 [1:49:01<04:40, 140.06s/it][A                 INFO     | >>                            run_libero_eval.py:223
                          Task: turn on the stove and put                       
                          the moka pot on it                                    
                 INFO     | >> Starting episode 49...     run_libero_eval.py:223
05/20 [22:31:04] INFO     | >> Success: True              run_libero_eval.py:223
                 INFO     | >> # episodes completed so    run_libero_eval.py:223
                          far: 149                                              
                 INFO     | >> # successes: 139 (93.3%)   run_libero_eval.py:223


 98%|█████████▊| 49/50 [1:51:29<02:22, 142.39s/it][A                 INFO     | >>                            run_libero_eval.py:223
                          Task: turn on the stove and put                       
                          the moka pot on it                                    
                 INFO     | >> Starting episode 50...     run_libero_eval.py:223
05/20 [22:35:21] INFO     | >> Success: False             run_libero_eval.py:223
                 INFO     | >> # episodes completed so    run_libero_eval.py:223
                          far: 150                                              
                 INFO     | >> # successes: 139 (92.7%)   run_libero_eval.py:223


100%|██████████| 50/50 [1:55:46<00:00, 176.63s/it][A
100%|██████████| 50/50 [1:55:46<00:00, 138.93s/it]
                 INFO     | >> Current task success rate: run_libero_eval.py:223
                          0.96                                                  
                 INFO     | >> Current total success      run_libero_eval.py:223
                          rate: 0.9266666666666666                              

 30%|███       | 3/10 [5:29:42<13:04:21, 6723.00s/it][Warning]: datasets path /mnt/pfs/scalelab2/liangzhixuan/code/publish-ddpvla/LIBERO/datasets does not exist!
                 INFO     | >> Using default initial      run_libero_eval.py:223
                          states                                                
[Warning]: datasets path /mnt/pfs/scalelab2/liangzhixuan/code/publish-ddpvla/LIBERO/datasets does not exist!


  0%|          | 0/50 [00:00<?, ?it/s][A05/20 [22:35:30] INFO     | >>                            run_libero_eval.py:223
                          Task: put the black bowl in the                       
                          bottom drawer of the cabinet                          
                          and close it                                          
                 INFO     | >> Starting episode 1...      run_libero_eval.py:223
05/20 [22:37:35] INFO     | >> Success: True              run_libero_eval.py:223
                 INFO     | >> # episodes completed so    run_libero_eval.py:223
                          far: 151                                              
                 INFO     | >> # successes: 140 (92.7%)   run_libero_eval.py:223


  2%|▏         | 1/50 [02:05<1:42:07, 125.06s/it][A                 INFO     | >>                            run_libero_eval.py:223
                          Task: put the black bowl in the                       
                          bottom drawer of the cabinet                          
                          and close it                                          
                 INFO     | >> Starting episode 2...      run_libero_eval.py:223
05/20 [22:39:32] INFO     | >> Success: True              run_libero_eval.py:223
                 INFO     | >> # episodes completed so    run_libero_eval.py:223
                          far: 152                                              
                 INFO     | >> # successes: 141 (92.8%)   run_libero_eval.py:223


  4%|▍         | 2/50 [04:02<1:36:29, 120.62s/it][A                 INFO     | >>                            run_libero_eval.py:223
                          Task: put the black bowl in the                       
                          bottom drawer of the cabinet                          
                          and close it                                          
                 INFO     | >> Starting episode 3...      run_libero_eval.py:223
05/20 [22:41:59] INFO     | >> Success: True              run_libero_eval.py:223
                 INFO     | >> # episodes completed so    run_libero_eval.py:223
                          far: 153                                              
                 INFO     | >> # successes: 142 (92.8%)   run_libero_eval.py:223


  6%|▌         | 3/50 [06:29<1:43:58, 132.74s/it][A                 INFO     | >>                            run_libero_eval.py:223
                          Task: put the black bowl in the                       
                          bottom drawer of the cabinet                          
                          and close it                                          
                 INFO     | >> Starting episode 4...      run_libero_eval.py:223
05/20 [22:43:36] INFO     | >> Success: True              run_libero_eval.py:223
                 INFO     | >> # episodes completed so    run_libero_eval.py:223
                          far: 154                                              
                 INFO     | >> # successes: 143 (92.9%)   run_libero_eval.py:223


  8%|▊         | 4/50 [08:06<1:30:52, 118.54s/it][A                 INFO     | >>                            run_libero_eval.py:223
                          Task: put the black bowl in the                       
                          bottom drawer of the cabinet                          
                          and close it                                          
                 INFO     | >> Starting episode 5...      run_libero_eval.py:223
05/20 [22:45:48] INFO     | >> Success: True              run_libero_eval.py:223
                 INFO     | >> # episodes completed so    run_libero_eval.py:223
                          far: 155                                              
                 INFO     | >> # successes: 144 (92.9%)   run_libero_eval.py:223


 10%|█         | 5/50 [10:18<1:32:26, 123.26s/it][A                 INFO     | >>                            run_libero_eval.py:223
                          Task: put the black bowl in the                       
                          bottom drawer of the cabinet                          
                          and close it                                          
                 INFO     | >> Starting episode 6...      run_libero_eval.py:223
05/20 [22:47:35] INFO     | >> Success: True              run_libero_eval.py:223
                 INFO     | >> # episodes completed so    run_libero_eval.py:223
                          far: 156                                              
                 INFO     | >> # successes: 145 (92.9%)   run_libero_eval.py:223


 12%|█▏        | 6/50 [12:05<1:26:29, 117.95s/it][A                 INFO     | >>                            run_libero_eval.py:223
                          Task: put the black bowl in the                       
                          bottom drawer of the cabinet                          
                          and close it                                          
                 INFO     | >> Starting episode 7...      run_libero_eval.py:223
05/20 [22:49:42] INFO     | >> Success: True              run_libero_eval.py:223
                 INFO     | >> # episodes completed so    run_libero_eval.py:223
                          far: 157                                              
                 INFO     | >> # successes: 146 (93.0%)   run_libero_eval.py:223


 14%|█▍        | 7/50 [14:12<1:26:31, 120.74s/it][A                 INFO     | >>                            run_libero_eval.py:223
                          Task: put the black bowl in the                       
                          bottom drawer of the cabinet                          
                          and close it                                          
                 INFO     | >> Starting episode 8...      run_libero_eval.py:223
05/20 [22:51:41] INFO     | >> Success: True              run_libero_eval.py:223
                 INFO     | >> # episodes completed so    run_libero_eval.py:223
                          far: 158                                              
                 INFO     | >> # successes: 147 (93.0%)   run_libero_eval.py:223


 16%|█▌        | 8/50 [16:11<1:24:15, 120.36s/it][A                 INFO     | >>                            run_libero_eval.py:223
                          Task: put the black bowl in the                       
                          bottom drawer of the cabinet                          
                          and close it                                          
                 INFO     | >> Starting episode 9...      run_libero_eval.py:223
05/20 [22:53:42] INFO     | >> Success: True              run_libero_eval.py:223
                 INFO     | >> # episodes completed so    run_libero_eval.py:223
                          far: 159                                              
                 INFO     | >> # successes: 148 (93.1%)   run_libero_eval.py:223


 18%|█▊        | 9/50 [18:11<1:22:11, 120.28s/it][A                 INFO     | >>                            run_libero_eval.py:223
                          Task: put the black bowl in the                       
                          bottom drawer of the cabinet                          
                          and close it                                          
                 INFO     | >> Starting episode 10...     run_libero_eval.py:223
05/20 [22:55:55] INFO     | >> Success: True              run_libero_eval.py:223
                 INFO     | >> # episodes completed so    run_libero_eval.py:223
                          far: 160                                              
                 INFO     | >> # successes: 149 (93.1%)   run_libero_eval.py:223


 20%|██        | 10/50 [20:25<1:22:51, 124.28s/it][A                 INFO     | >>                            run_libero_eval.py:223
                          Task: put the black bowl in the                       
                          bottom drawer of the cabinet                          
                          and close it                                          
                 INFO     | >> Starting episode 11...     run_libero_eval.py:223
05/20 [22:57:42] INFO     | >> Success: True              run_libero_eval.py:223
                 INFO     | >> # episodes completed so    run_libero_eval.py:223
                          far: 161                                              
                 INFO     | >> # successes: 150 (93.2%)   run_libero_eval.py:223


 22%|██▏       | 11/50 [22:12<1:17:25, 119.12s/it][A                 INFO     | >>                            run_libero_eval.py:223
                          Task: put the black bowl in the                       
                          bottom drawer of the cabinet                          
                          and close it                                          
                 INFO     | >> Starting episode 12...     run_libero_eval.py:223
05/20 [22:59:49] INFO     | >> Success: True              run_libero_eval.py:223
                 INFO     | >> # episodes completed so    run_libero_eval.py:223
                          far: 162                                              
                 INFO     | >> # successes: 151 (93.2%)   run_libero_eval.py:223


 24%|██▍       | 12/50 [24:19<1:16:51, 121.35s/it][A                 INFO     | >>                            run_libero_eval.py:223
                          Task: put the black bowl in the                       
                          bottom drawer of the cabinet                          
                          and close it                                          
                 INFO     | >> Starting episode 13...     run_libero_eval.py:223
05/20 [23:01:56] INFO     | >> Success: True              run_libero_eval.py:223
                 INFO     | >> # episodes completed so    run_libero_eval.py:223
                          far: 163                                              
                 INFO     | >> # successes: 152 (93.3%)   run_libero_eval.py:223


 26%|██▌       | 13/50 [26:26<1:15:59, 123.24s/it][A                 INFO     | >>                            run_libero_eval.py:223
                          Task: put the black bowl in the                       
                          bottom drawer of the cabinet                          
                          and close it                                          
                 INFO     | >> Starting episode 14...     run_libero_eval.py:223
05/20 [23:04:11] INFO     | >> Success: True              run_libero_eval.py:223
                 INFO     | >> # episodes completed so    run_libero_eval.py:223
                          far: 164                                              
                 INFO     | >> # successes: 153 (93.3%)   run_libero_eval.py:223


 28%|██▊       | 14/50 [28:41<1:16:05, 126.82s/it][A                 INFO     | >>                            run_libero_eval.py:223
                          Task: put the black bowl in the                       
                          bottom drawer of the cabinet                          
                          and close it                                          
                 INFO     | >> Starting episode 15...     run_libero_eval.py:223
05/20 [23:06:13] INFO     | >> Success: True              run_libero_eval.py:223
                 INFO     | >> # episodes completed so    run_libero_eval.py:223
                          far: 165                                              
                 INFO     | >> # successes: 154 (93.3%)   run_libero_eval.py:223


 30%|███       | 15/50 [30:43<1:13:00, 125.16s/it][A                 INFO     | >>                            run_libero_eval.py:223
                          Task: put the black bowl in the                       
                          bottom drawer of the cabinet                          
                          and close it                                          
                 INFO     | >> Starting episode 16...     run_libero_eval.py:223
05/20 [23:08:14] INFO     | >> Success: True              run_libero_eval.py:223
                 INFO     | >> # episodes completed so    run_libero_eval.py:223
                          far: 166                                              
                 INFO     | >> # successes: 155 (93.4%)   run_libero_eval.py:223


 32%|███▏      | 16/50 [32:44<1:10:15, 123.98s/it][A                 INFO     | >>                            run_libero_eval.py:223
                          Task: put the black bowl in the                       
                          bottom drawer of the cabinet                          
                          and close it                                          
                 INFO     | >> Starting episode 17...     run_libero_eval.py:223
05/20 [23:10:34] INFO     | >> Success: True              run_libero_eval.py:223
                 INFO     | >> # episodes completed so    run_libero_eval.py:223
                          far: 167                                              
                 INFO     | >> # successes: 156 (93.4%)   run_libero_eval.py:223


 34%|███▍      | 17/50 [35:04<1:10:52, 128.85s/it][A                 INFO     | >>                            run_libero_eval.py:223
                          Task: put the black bowl in the                       
                          bottom drawer of the cabinet                          
                          and close it                                          
                 INFO     | >> Starting episode 18...     run_libero_eval.py:223
05/20 [23:12:43] INFO     | >> Success: True              run_libero_eval.py:223
                 INFO     | >> # episodes completed so    run_libero_eval.py:223
                          far: 168                                              
                 INFO     | >> # successes: 157 (93.5%)   run_libero_eval.py:223


 36%|███▌      | 18/50 [37:13<1:08:41, 128.79s/it][A                 INFO     | >>                            run_libero_eval.py:223
                          Task: put the black bowl in the                       
                          bottom drawer of the cabinet                          
                          and close it                                          
                 INFO     | >> Starting episode 19...     run_libero_eval.py:223
05/20 [23:14:29] INFO     | >> Success: True              run_libero_eval.py:223
                 INFO     | >> # episodes completed so    run_libero_eval.py:223
                          far: 169                                              
                 INFO     | >> # successes: 158 (93.5%)   run_libero_eval.py:223


 38%|███▊      | 19/50 [38:58<1:02:58, 121.90s/it][A                 INFO     | >>                            run_libero_eval.py:223
                          Task: put the black bowl in the                       
                          bottom drawer of the cabinet                          
                          and close it                                          
                 INFO     | >> Starting episode 20...     run_libero_eval.py:223
05/20 [23:17:50] INFO     | >> Success: True              run_libero_eval.py:223
                 INFO     | >> # episodes completed so    run_libero_eval.py:223
                          far: 170                                              
                 INFO     | >> # successes: 159 (93.5%)   run_libero_eval.py:223


 40%|████      | 20/50 [42:20<1:12:52, 145.77s/it][A                 INFO     | >>                            run_libero_eval.py:223
                          Task: put the black bowl in the                       
                          bottom drawer of the cabinet                          
                          and close it                                          
                 INFO     | >> Starting episode 21...     run_libero_eval.py:223
05/20 [23:19:25] INFO     | >> Success: True              run_libero_eval.py:223
                 INFO     | >> # episodes completed so    run_libero_eval.py:223
                          far: 171                                              
                 INFO     | >> # successes: 160 (93.6%)   run_libero_eval.py:223


 42%|████▏     | 21/50 [43:55<1:03:03, 130.45s/it][A                 INFO     | >>                            run_libero_eval.py:223
                          Task: put the black bowl in the                       
                          bottom drawer of the cabinet                          
                          and close it                                          
                 INFO     | >> Starting episode 22...     run_libero_eval.py:223
05/20 [23:21:01] INFO     | >> Success: True              run_libero_eval.py:223
                 INFO     | >> # episodes completed so    run_libero_eval.py:223
                          far: 172                                              
                 INFO     | >> # successes: 161 (93.6%)   run_libero_eval.py:223


 44%|████▍     | 22/50 [45:30<56:01, 120.06s/it]  [A                 INFO     | >>                            run_libero_eval.py:223
                          Task: put the black bowl in the                       
                          bottom drawer of the cabinet                          
                          and close it                                          
                 INFO     | >> Starting episode 23...     run_libero_eval.py:223
05/20 [23:22:38] INFO     | >> Success: True              run_libero_eval.py:223
                 INFO     | >> # episodes completed so    run_libero_eval.py:223
                          far: 173                                              
                 INFO     | >> # successes: 162 (93.6%)   run_libero_eval.py:223


 46%|████▌     | 23/50 [47:08<50:57, 113.24s/it][A                 INFO     | >>                            run_libero_eval.py:223
                          Task: put the black bowl in the                       
                          bottom drawer of the cabinet                          
                          and close it                                          
                 INFO     | >> Starting episode 24...     run_libero_eval.py:223
05/20 [23:24:27] INFO     | >> Success: True              run_libero_eval.py:223
                 INFO     | >> # episodes completed so    run_libero_eval.py:223
                          far: 174                                              
                 INFO     | >> # successes: 163 (93.7%)   run_libero_eval.py:223


 48%|████▊     | 24/50 [48:57<48:35, 112.15s/it][A                 INFO     | >>                            run_libero_eval.py:223
                          Task: put the black bowl in the                       
                          bottom drawer of the cabinet                          
                          and close it                                          
                 INFO     | >> Starting episode 25...     run_libero_eval.py:223
05/20 [23:26:28] INFO     | >> Success: True              run_libero_eval.py:223
                 INFO     | >> # episodes completed so    run_libero_eval.py:223
                          far: 175                                              
                 INFO     | >> # successes: 164 (93.7%)   run_libero_eval.py:223


 50%|█████     | 25/50 [50:58<47:45, 114.62s/it][A                 INFO     | >>                            run_libero_eval.py:223
                          Task: put the black bowl in the                       
                          bottom drawer of the cabinet                          
                          and close it                                          
                 INFO     | >> Starting episode 26...     run_libero_eval.py:223
05/20 [23:27:46] INFO     | >> Success: True              run_libero_eval.py:223
                 INFO     | >> # episodes completed so    run_libero_eval.py:223
                          far: 176                                              
                 INFO     | >> # successes: 165 (93.8%)   run_libero_eval.py:223


 52%|█████▏    | 26/50 [52:15<41:25, 103.56s/it][A                 INFO     | >>                            run_libero_eval.py:223
                          Task: put the black bowl in the                       
                          bottom drawer of the cabinet                          
                          and close it                                          
                 INFO     | >> Starting episode 27...     run_libero_eval.py:223
05/20 [23:29:55] INFO     | >> Success: True              run_libero_eval.py:223
                 INFO     | >> # episodes completed so    run_libero_eval.py:223
                          far: 177                                              
                 INFO     | >> # successes: 166 (93.8%)   run_libero_eval.py:223


 54%|█████▍    | 27/50 [54:25<42:42, 111.42s/it][A                 INFO     | >>                            run_libero_eval.py:223
                          Task: put the black bowl in the                       
                          bottom drawer of the cabinet                          
                          and close it                                          
                 INFO     | >> Starting episode 28...     run_libero_eval.py:223
05/20 [23:31:49] INFO     | >> Success: True              run_libero_eval.py:223
                 INFO     | >> # episodes completed so    run_libero_eval.py:223
                          far: 178                                              
                 INFO     | >> # successes: 167 (93.8%)   run_libero_eval.py:223


 56%|█████▌    | 28/50 [56:18<41:02, 111.94s/it][A                 INFO     | >>                            run_libero_eval.py:223
                          Task: put the black bowl in the                       
                          bottom drawer of the cabinet                          
                          and close it                                          
                 INFO     | >> Starting episode 29...     run_libero_eval.py:223
05/20 [23:33:23] INFO     | >> Success: True              run_libero_eval.py:223
                 INFO     | >> # episodes completed so    run_libero_eval.py:223
                          far: 179                                              
                 INFO     | >> # successes: 168 (93.9%)   run_libero_eval.py:223


 58%|█████▊    | 29/50 [57:53<37:18, 106.60s/it][A                 INFO     | >>                            run_libero_eval.py:223
                          Task: put the black bowl in the                       
                          bottom drawer of the cabinet                          
                          and close it                                          
                 INFO     | >> Starting episode 30...     run_libero_eval.py:223
05/20 [23:34:47] INFO     | >> Success: True              run_libero_eval.py:223
                 INFO     | >> # episodes completed so    run_libero_eval.py:223
                          far: 180                                              
05/20 [23:34:48] INFO     | >> # successes: 169 (93.9%)   run_libero_eval.py:223


 60%|██████    | 30/50 [59:17<33:21, 100.07s/it][A                 INFO     | >>                            run_libero_eval.py:223
                          Task: put the black bowl in the                       
                          bottom drawer of the cabinet                          
                          and close it                                          
                 INFO     | >> Starting episode 31...     run_libero_eval.py:223
05/20 [23:36:23] INFO     | >> Success: True              run_libero_eval.py:223
                 INFO     | >> # episodes completed so    run_libero_eval.py:223
                          far: 181                                              
                 INFO     | >> # successes: 170 (93.9%)   run_libero_eval.py:22<home_path>


 62%|██████▏   | 31/50 [1<home_path>             INFO     | >>                            run_libero_eval.py:223
                          Task: put the black bowl in the                       
                          bottom drawer of the cabinet                          
                          and close it                                          
                 INFO     | >> Starting episode 32...     run_libero_eval.py:223
05/20 [23:37:27] INFO     | >> Success: True              run_libero_eval.py:223
                 INFO     | >> # episodes completed so    run_libero_eval.py:223
                          far: 182                                              
                 INFO     | >> # successes: 171 (94.0%)   run_libero_eval.py:223


 64%|██████▍   | 32/50 [1:01:57<26:30, 88.38s/it][A                 INFO     | >>                            run_libero_eval.py:223
                          Task: put the black bowl in the                       
                          bottom drawer of the cabinet                          
                          and close it                                          
                 INFO     | >> Starting episode 33...     run_libero_eval.py:223
05/20 [23:38:58] INFO     | >> Success: True              run_libero_eval.py:223
                 INFO     | >> # episodes completed so    run_libero_eval.py:223
                          far: 183                                              
                 INFO     | >> # successes: 172 (94.0%)   run_libero_eval.py:223


 66%|██████▌   | 33/50 [1:03:27<25:12, 88.97s/it][A                 INFO     | >>                            run_libero_eval.py:223
                          Task: put the black bowl in the                       
                          bottom drawer of the cabinet                          
                          and close it                                          
                 INFO     | >> Starting episode 34...     run_libero_eval.py:223
05/20 [23:40:23] INFO     | >> Success: True              run_libero_eval.py:223
                 INFO     | >> # episodes completed so    run_libero_eval.py:223
                          far: 184                                              
                 INFO     | >> # successes: 173 (94.0%)   run_libero_eval.py:223


 68%|██████▊   | 34/50 [1:04:52<23:24, 87.79s/it][A                 INFO     | >>                            run_libero_eval.py:223
                          Task: put the black bowl in the                       
                          bottom drawer of the cabinet                          
                          and close it                                          
                 INFO     | >> Starting episode 35...     run_libero_eval.py:223
05/20 [23:42:01] INFO     | >> Success: True              run_libero_eval.py:223
                 INFO     | >> # episodes completed so    run_libero_eval.py:223
                          far: 185                                              
                 INFO     | >> # successes: 174 (94.1%)   run_libero_eval.py:223


 70%|███████   | 35/50 [1:06:31<22:43, 90.88s/it][A                 INFO     | >>                            run_libero_eval.py:223
                          Task: put the black bowl in the                       
                          bottom drawer of the cabinet                          
                          and close it                                          
                 INFO     | >> Starting episode 36...     run_libero_eval.py:223
05/20 [23:43:36] INFO     | >> Success: True              run_libero_eval.py:223
                 INFO     | >> # episodes completed so    run_libero_eval.py:223
                          far: 186                                              
                 INFO     | >> # successes: 175 (94.1%)   run_libero_eval.py:223


 72%|███████▏  | 36/50 [1:08:06<21:31, 92.22s/it][A                 INFO     | >>                            run_libero_eval.py:223
                          Task: put the black bowl in the                       
                          bottom drawer of the cabinet                          
                          and close it                                          
                 INFO     | >> Starting episode 37...     run_libero_eval.py:223
05/20 [23:45:20] INFO     | >> Success: True              run_libero_eval.py:223
                 INFO     | >> # episodes completed so    run_libero_eval.py:223
                          far: 187                                              
                 INFO     | >> # successes: 176 (94.1%)   run_libero_eval.py:223


 74%|███████▍  | 37/50 [1:09:50<20:44, 95.75s/it][A                 INFO     | >>                            run_libero_eval.py:223
                          Task: put the black bowl in the                       
                          bottom drawer of the cabinet                          
                          and close it                                          
                 INFO     | >> Starting episode 38...     run_libero_eval.py:223
05/20 [23:46:54] INFO     | >> Success: True              run_libero_eval.py:223
                 INFO     | >> # episodes completed so    run_libero_eval.py:223
                          far: 188                                              
                 INFO     | >> # successes: 177 (94.1%)   run_libero_eval.py:223


 76%|███████▌  | 38/50 [1:11:24<19:02, 95.18s/it][A                 INFO     | >>                            run_libero_eval.py:223
                          Task: put the black bowl in the                       
                          bottom drawer of the cabinet                          
                          and close it                                          
                 INFO     | >> Starting episode 39...     run_libero_eval.py:223
05/20 [23:47:46] INFO     | >> Success: True              run_libero_eval.py:223
                 INFO     | >> # episodes completed so    run_libero_eval.py:223
                          far: 189                                              
                 INFO     | >> # successes: 178 (94.2%)   run_libero_eval.py:223


 78%|███████▊  | 39/50 [1:12:16<15:04, 82.24s/it][A                 INFO     | >>                            run_libero_eval.py:223
                          Task: put the black bowl in the                       
                          bottom drawer of the cabinet                          
                          and close it                                          
                 INFO     | >> Starting episode 40...     run_libero_eval.py:223
05/20 [23:49:08] INFO     | >> Success: True              run_libero_eval.py:223
                 INFO     | >> # episodes completed so    run_libero_eval.py:223
                          far: 190                                              
                 INFO     | >> # successes: 179 (94.2%)   run_libero_eval.py:223


 80%|████████  | 40/50 [1:13:38<13:43, 82.31s/it][A                 INFO     | >>                            run_libero_eval.py:223
                          Task: put the black bowl in the                       
                          bottom drawer of the cabinet                          
                          and close it                                          
                 INFO     | >> Starting episode 41...     run_libero_eval.py:223
05/20 [23:50:28] INFO     | >> Success: True              run_libero_eval.py:223
                 INFO     | >> # episodes completed so    run_libero_eval.py:223
                          far: 191                                              
                 INFO     | >> # successes: 180 (94.2%)   run_libero_eval.py:223


 82%|████████▏ | 41/50 [1:14:58<12:12, 81.43s/it][A                 INFO     | >>                            run_libero_eval.py:223
                          Task: put the black bowl in the                       
                          bottom drawer of the cabinet                          
                          and close it                                          
                 INFO     | >> Starting episode 42...     run_libero_eval.py:223
05/20 [23:52:00] INFO     | >> Success: True              run_libero_eval.py:223
                 INFO     | >> # episodes completed so    run_libero_eval.py:223
                          far: 192                                              
                 INFO     | >> # successes: 181 (94.3%)   run_libero_eval.py:223


 84%|████████▍ | 42/50 [1:16:29<11:16, 84.53s/it][A                 INFO     | >>                            run_libero_eval.py:223
                          Task: put the black bowl in the                       
                          bottom drawer of the cabinet                          
                          and close it                                          
                 INFO     | >> Starting episode 43...     run_libero_eval.py:223
05/20 [23:53:27] INFO     | >> Success: True              run_libero_eval.py:223
                 INFO     | >> # episodes completed so    run_libero_eval.py:223
                          far: 193                                              
                 INFO     | >> # successes: 182 (94.3%)   run_libero_eval.py:223


 86%|████████▌ | 43/50 [1:17:57<09:57, 85.32s/it][A                 INFO     | >>                            run_libero_eval.py:223
                          Task: put the black bowl in the                       
                          bottom drawer of the cabinet                          
                          and close it                                          
                 INFO     | >> Starting episode 44...     run_libero_eval.py:223
05/20 [23:55:36] INFO     | >> Success: True              run_libero_eval.py:223
                 INFO     | >> # episodes completed so    run_libero_eval.py:223
                          far: 194                                              
                 INFO     | >> # successes: 183 (94.3%)   run_libero_eval.py:223


 88%|████████▊ | 44/50 [1:20:06<09:50, 98.41s/it][A                 INFO     | >>                            run_libero_eval.py:223
                          Task: put the black bowl in the                       
                          bottom drawer of the cabinet                          
                          and close it                                          
                 INFO     | >> Starting episode 45...     run_libero_eval.py:223
05/20 [23:57:10] INFO     | >> Success: True              run_libero_eval.py:223
                 INFO     | >> # episodes completed so    run_libero_eval.py:223
                          far: 195                                              
                 INFO     | >> # successes: 184 (94.4%)   run_libero_eval.py:223


 90%|█████████ | 45/50 [1:21:40<08:06, 97.21s/it][A                 INFO     | >>                            run_libero_eval.py:223
                          Task: put the black bowl in the                       
                          bottom drawer of the cabinet                          
                          and close it                                          
                 INFO     | >> Starting episode 46...     run_libero_eval.py:223
05/20 [23:58:55] INFO     | >> Success: True              run_libero_eval.py:223
                 INFO     | >> # episodes completed so    run_libero_eval.py:223
                          far: 196                                              
                 INFO     | >> # successes: 185 (94.4%)   run_libero_eval.py:223


 92%|█████████▏| 46/50 [1:23:25<06:38, 99.57s/it][A                 INFO     | >>                            run_libero_eval.py:223
                          Task: put the black bowl in the                       
                          bottom drawer of the cabinet                          
                          and close it                                          
                 INFO     | >> Starting episode 47...     run_libero_eval.py:223
05/21 [00:00:05] INFO     | >> Success: True              run_libero_eval.py:223
                 INFO     | >> # episodes completed so    run_libero_eval.py:223
                          far: 197                                              
                 INFO     | >> # successes: 186 (94.4%)   run_libero_eval.py:223


 94%|█████████▍| 47/50 [1:24:35<04:32, 90.70s/it][A                 INFO     | >>                            run_libero_eval.py:223
                          Task: put the black bowl in the                       
                          bottom drawer of the cabinet                          
                          and close it                                          
                 INFO     | >> Starting episode 48...     run_libero_eval.py:223
05/21 [00:01:39] INFO     | >> Success: True              run_libero_eval.py:223
                 INFO     | >> # episodes completed so    run_libero_eval.py:223
                          far: 198                                              
                 INFO     | >> # successes: 187 (94.4%)   run_libero_eval.py:223


 96%|█████████▌| 48/50 [1:26:08<03:02, 91.49s/it][A                 INFO     | >>                            run_libero_eval.py:223
                          Task: put the black bowl in the                       
                          bottom drawer of the cabinet                          
                          and close it                                          
                 INFO     | >> Starting episode 49...     run_libero_eval.py:223
05/21 [00:03:18] INFO     | >> Success: True              run_libero_eval.py:223
                 INFO     | >> # episodes completed so    run_libero_eval.py:223
                          far: 199                                              
                 INFO     | >> # successes: 188 (94.5%)   run_libero_eval.py:223


 98%|█████████▊| 49/50 [1:27:47<01:33, 93.77s/it][A                 INFO     | >>                            run_libero_eval.py:223
                          Task: put the black bowl in the                       
                          bottom drawer of the cabinet                          
                          and close it                                          
                 INFO     | >> Starting episode 50...     run_libero_eval.py:223
05/21 [00:04:49] INFO     | >> Success: True              run_libero_eval.py:223
                 INFO     | >> # episodes completed so    run_libero_eval.py:223
                          far: 200                                              
                 INFO     | >> # successes: 189 (94.5%)   run_libero_eval.py:223


100%|██████████| 50/50 [1:29:19<00:00, 93.19s/it][A
100%|██████████| 50/50 [1:29:19<00:00, 107.20s/it]
                 INFO     | >> Current task success rate: run_libero_eval.py:223
                          1.0                                                   
                 INFO     | >> Current total success      run_libero_eval.py:223
                          rate: 0.945                                           

 40%|████      | 4/10 [6:59:11<10:18:50, 6188.34s/it][Warning]: datasets path /mnt/pfs/scalelab2/liangzhixuan/code/publish-ddpvla/LIBERO/datasets does not exist!
                 INFO     | >> Using default initial      run_libero_eval.py:223
                          states                                                
[Warning]: datasets path /mnt/pfs/scalelab2/liangzhixuan/code/publish-ddpvla/LIBERO/datasets does not exist!


  0%|          | 0/50 [00:00<?, ?it/s][A05/21 [00:04:53] INFO     | >>                            run_libero_eval.py:223
                          Task: put the white mug on the                        
                          left plate and put the yellow                         
                          and white mug on the right                            
                          plate                                                 
                 INFO     | >> Starting episode 1...      run_libero_eval.py:223
05/21 [00:06:08] INFO     | >> Success: True              run_libero_eval.py:223
                 INFO     | >> # episodes completed so    run_libero_eval.py:223
                          far: 201                                              
                 INFO     | >> # successes: 190 (94.5%)   run_libero_eval.py:223


  2%|▏         | 1/50 [01:14<1:01:12, 74.95s/it][A                 INFO     | >>                            run_libero_eval.py:223
                          Task: put the white mug on the                        
                          left plate and put the yellow                         
                          and white mug on the right                            
                          plate                                                 
                 INFO     | >> Starting episode 2...      run_libero_eval.py:223
05/21 [00:07:52] INFO     | >> Success: True              run_libero_eval.py:223
                 INFO     | >> # episodes completed so    run_libero_eval.py:223
                          far: 202                                              
                 INFO     | >> # successes: 191 (94.6%)   run_libero_eval.py:223


  4%|▍         | 2/50 [02:58<1:13:33, 91.96s/it][A                 INFO     | >>                            run_libero_eval.py:223
                          Task: put the white mug on the                        
                          left plate and put the yellow                         
                          and white mug on the right                            
                          plate                                                 
                 INFO     | >> Starting episode 3...      run_libero_eval.py:223
05/21 [00:09:07] INFO     | >> Success: True              run_libero_eval.py:223
                 INFO     | >> # episodes completed so    run_libero_eval.py:223
                          far: 203                                              
                 INFO     | >> # successes: 192 (94.6%)   run_libero_eval.py:223


  6%|▌         | 3/50 [04:14<1:06:09, 84.46s/it][A                 INFO     | >>                            run_libero_eval.py:223
                          Task: put the white mug on the                        
                          left plate and put the yellow                         
                          and white mug on the right                            
                          plate                                                 
                 INFO     | >> Starting episode 4...      run_libero_eval.py:223
05/21 [00:10:36] INFO     | >> Success: True              run_libero_eval.py:223
                 INFO     | >> # episodes completed so    run_libero_eval.py:223
                          far: 204                                              
                 INFO     | >> # successes: 193 (94.6%)   run_libero_eval.py:223


  8%|▊         | 4/50 [05:42<1:05:58, 86.05s/it][A                 INFO     | >>                            run_libero_eval.py:223
                          Task: put the white mug on the                        
                          left plate and put the yellow                         
                          and white mug on the right                            
                          plate                                                 
                 INFO     | >> Starting episode 5...      run_libero_eval.py:223
05/21 [00:11:42] INFO     | >> Success: True              run_libero_eval.py:223
                 INFO     | >> # episodes completed so    run_libero_eval.py:223
                          far: 205                                              
                 INFO     | >> # successes: 194 (94.6%)   run_libero_eval.py:223


 10%|█         | 5/50 [06:49<59:13, 78.97s/it]  [A                 INFO     | >>                            run_libero_eval.py:223
                          Task: put the white mug on the                        
                          left plate and put the yellow                         
                          and white mug on the right                            
                          plate                                                 
                 INFO     | >> Starting episode 6...      run_libero_eval.py:223
05/21 [00:13:05] INFO     | >> Success: True              run_libero_eval.py:223
                 INFO     | >> # episodes completed so    run_libero_eval.py:223
                          far: 206                                              
05/21 [00:13:06] INFO     | >> # successes: 195 (94.7%)   run_libero_eval.py:223


 12%|█▏        | 6/50 [08:12<58:57, 80.41s/it][A                 INFO     | >>                            run_libero_eval.py:223
                          Task: put the white mug on the                        
                          left plate and put the yellow                         
                          and white mug on the right                            
                          plate                                                 
                 INFO     | >> Starting episode 7...      run_libero_eval.py:223
05/21 [00:14:10] INFO     | >> Success: True              run_libero_eval.py:223
                 INFO     | >> # episodes completed so    run_libero_eval.py:223
                          far: 207                                              
                 INFO     | >> # successes: 196 (94.7%)   run_libero_eval.py:223


 14%|█▍        | 7/50 [09:17<53:59, 75.34s/it][A                 INFO     | >>                            run_libero_eval.py:223
                          Task: put the white mug on the                        
                          left plate and put the yellow                         
                          and white mug on the right                            
                          plate                                                 
                 INFO     | >> Starting episode 8...      run_libero_eval.py:223
05/21 [00:15:45] INFO     | >> Success: True              run_libero_eval.py:223
                 INFO     | >> # episodes completed so    run_libero_eval.py:223
                          far: 208                                              
                 INFO     | >> # successes: 197 (94.7%)   run_libero_eval.py:223


 16%|█▌        | 8/50 [10:51<56:56, 81.36s/it][A                 INFO     | >>                            run_libero_eval.py:223
                          Task: put the white mug on the                        
                          left plate and put the yellow                         
                          and white mug on the right                            
                          plate                                                 
                 INFO     | >> Starting episode 9...      run_libero_eval.py:223
05/21 [00:17:06] INFO     | >> Success: True              run_libero_eval.py:223
                 INFO     | >> # episodes completed so    run_libero_eval.py:223
                          far: 209                                              
                 INFO     | >> # successes: 198 (94.7%)   run_libero_eval.py:223


 18%|█▊        | 9/50 [12:13<55:37, 81.40s/it][A                 INFO     | >>                            run_libero_eval.py:223
                          Task: put the white mug on the                        
                          left plate and put the yellow                         
                          and white mug on the right                            
                          plate                                                 
                 INFO     | >> Starting episode 10...     run_libero_eval.py:223
05/21 [00:18:27] INFO     | >> Success: True              run_libero_eval.py:223
                 INFO     | >> # episodes completed so    run_libero_eval.py:223
                          far: 210                                              
                 INFO     | >> # successes: 199 (94.8%)   run_libero_eval.py:223


 20%|██        | 10/50 [13:34<54:15, 81.38s/it][A                 INFO     | >>                            run_libero_eval.py:223
                          Task: put the white mug on the                        
                          left plate and put the yellow                         
                          and white mug on the right                            
                          plate                                                 
                 INFO     | >> Starting episode 11...     run_libero_eval.py:223
05/21 [00:19:37] INFO     | >> Success: True              run_libero_eval.py:223
                 INFO     | >> # episodes completed so    run_libero_eval.py:223
                          far: 211                                              
                 INFO     | >> # successes: 200 (94.8%)   run_libero_eval.py:223


 22%|██▏       | 11/50 [14:43<50:32, 77.76s/it][A                 INFO     | >>                            run_libero_eval.py:223
                          Task: put the white mug on the                        
                          left plate and put the yellow                         
                          and white mug on the right                            
                          plate                                                 
                 INFO     | >> Starting episode 12...     run_libero_eval.py:223
05/21 [00:20:38] INFO     | >> Success: True              run_libero_eval.py:223
                 INFO     | >> # episodes completed so    run_libero_eval.py:223
                          far: 212                                              
                 INFO     | >> # successes: 201 (94.8%)   run_libero_eval.py:223


 24%|██▍       | 12/50 [15:45<46:02, 72.71s/it][A                 INFO     | >>                            run_libero_eval.py:223
                          Task: put the white mug on the                        
                          left plate and put the yellow                         
                          and white mug on the right                            
                          plate                                                 
                 INFO     | >> Starting episode 13...     run_libero_eval.py:223
05/21 [00:22:15] INFO     | >> Success: True              run_libero_eval.py:223
                 INFO     | >> # episodes completed so    run_libero_eval.py:223
                          far: 213                                              
                 INFO     | >> # successes: 202 (94.8%)   run_libero_eval.py:223


 26%|██▌       | 13/50 [17:22<49:23, 80.10s/it][A                 INFO     | >>                            run_libero_eval.py:223
                          Task: put the white mug on the                        
                          left plate and put the yellow                         
                          and white mug on the right                            
                          plate                                                 
                 INFO     | >> Starting episode 14...     run_libero_eval.py:223
05/21 [00:23:38] INFO     | >> Success: True              run_libero_eval.py:223
                 INFO     | >> # episodes completed so    run_libero_eval.py:223
                          far: 214                                              
                 INFO     | >> # successes: 203 (94.9%)   run_libero_eval.py:223


 28%|██▊       | 14/50 [18:44<48:27, 80.77s/it][A                 INFO     | >>                            run_libero_eval.py:223
                          Task: put the white mug on the                        
                          left plate and put the yellow                         
                          and white mug on the right                            
                          plate                                                 
                 INFO     | >> Starting episode 15...     run_libero_eval.py:223
05/21 [00:24:39] INFO     | >> Success: True              run_libero_eval.py:223
                 INFO     | >> # episodes completed so    run_libero_eval.py:223
                          far: 215                                              
                 INFO     | >> # successes: 204 (94.9%)   run_libero_eval.py:223


 30%|███       | 15/50 [19:45<43:39, 74.85s/it][A                 INFO     | >>                            run_libero_eval.py:223
                          Task: put the white mug on the                        
                          left plate and put the yellow                         
                          and white mug on the right                            
                          plate                                                 
                 INFO     | >> Starting episode 16...     run_libero_eval.py:223
05/21 [00:26:32] INFO     | >> Success: True              run_libero_eval.py:223
                 INFO     | >> # episodes completed so    run_libero_eval.py:223
                          far: 216                                              
                 INFO     | >> # successes: 205 (94.9%)   run_libero_eval.py:223


 32%|███▏      | 16/50 [21:39<48:58, 86.42s/it][A                 INFO     | >>                            run_libero_eval.py:223
                          Task: put the white mug on the                        
                          left plate and put the yellow                         
                          and white mug on the right                            
                          plate                                                 
                 INFO     | >> Starting episode 17...     run_libero_eval.py:223
05/21 [00:28:19] INFO     | >> Success: True              run_libero_eval.py:223
                 INFO     | >> # episodes completed so    run_libero_eval.py:223
                          far: 217                                              
                 INFO     | >> # successes: 206 (94.9%)   run_libero_eval.py:223


 34%|███▍      | 17/50 [23:25<50:54, 92.56s/it][A                 INFO     | >>                            run_libero_eval.py:223
                          Task: put the white mug on the                        
                          left plate and put the yellow                         
                          and white mug on the right                            
                          plate                                                 
                 INFO     | >> Starting episode 18...     run_libero_eval.py:223
05/21 [00:29:43] INFO     | >> Success: True              run_libero_eval.py:223
                 INFO     | >> # episodes completed so    run_libero_eval.py:223
                          far: 218                                              
                 INFO     | >> # successes: 207 (95.0%)   run_libero_eval.py:223


 36%|███▌      | 18/50 [24:49<47:59, 89.98s/it][A                 INFO     | >>                            run_libero_eval.py:223
                          Task: put the white mug on the                        
                          left plate and put the yellow                         
                          and white mug on the right                            
                          plate                                                 
                 INFO     | >> Starting episode 19...     run_libero_eval.py:223
05/21 [00:31:45] INFO     | >> Success: True              run_libero_eval.py:223
                 INFO     | >> # episodes completed so    run_libero_eval.py:223
                          far: 219                                              
                 INFO     | >> # successes: 208 (95.0%)   run_libero_eval.py:223


 38%|███▊      | 19/50 [26:51<51:25, 99.54s/it][A                 INFO     | >>                            run_libero_eval.py:223
                          Task: put the white mug on the                        
                          left plate and put the yellow                         
                          and white mug on the right                            
                          plate                                                 
                 INFO     | >> Starting episode 20...     run_libero_eval.py:223
05/21 [00:33:28] INFO     | >> Success: True              run_libero_eval.py:223
                 INFO     | >> # episodes completed so    run_libero_eval.py:223
                          far: 220                                              
                 INFO     | >> # successes: 209 (95.0%)   run_libero_eval.py:223


 40%|████      | 20/50 [28:34<50:19, 100.66s/it][A                 INFO     | >>                            run_libero_eval.py:223
                          Task: put the white mug on the                        
                          left plate and put the yellow                         
                          and white mug on the right                            
                          plate                                                 
                 INFO     | >> Starting episode 21...     run_libero_eval.py:223
05/21 [00:35:22] INFO     | >> Success: True              run_libero_eval.py:223
                 INFO     | >> # episodes completed so    run_libero_eval.py:223
                          far: 221                                              
                 INFO     | >> # successes: 210 (95.0%)   run_libero_eval.py:223


 42%|████▏     | 21/50 [30:28<50:35, 104.68s/it][A                 INFO     | >>                            run_libero_eval.py:223
                          Task: put the white mug on the                        
                          left plate and put the yellow                         
                          and white mug on the right                            
                          plate                                                 
                 INFO     | >> Starting episode 22...     run_libero_eval.py:223
05/21 [00:38:24] INFO     | >> Success: False             run_libero_eval.py:223
                 INFO     | >> # episodes completed so    run_libero_eval.py:223
                          far: 222                                              
                 INFO     | >> # successes: 210 (94.6%)   run_libero_eval.py:223


 44%|████▍     | 22/50 [33:30<59:36, 127.74s/it][A                 INFO     | >>                            run_libero_eval.py:223
                          Task: put the white mug on the                        
                          left plate and put the yellow                         
                          and white mug on the right                            
                          plate                                                 
                 INFO     | >> Starting episode 23...     run_libero_eval.py:223
05/21 [00:40:11] INFO     | >> Success: True              run_libero_eval.py:223
                 INFO     | >> # episodes completed so    run_libero_eval.py:223
                          far: 223                                              
                 INFO     | >> # successes: 211 (94.6%)   run_libero_eval.py:223


 46%|████▌     | 23/50 [35:18<54:47, 121.76s/it][A                 INFO     | >>                            run_libero_eval.py:223
                          Task: put the white mug on the                        
                          left plate and put the yellow                         
                          and white mug on the right                            
                          plate                                                 
                 INFO     | >> Starting episode 24...     run_libero_eval.py:223
05/21 [00:43:27] INFO     | >> Success: False             run_libero_eval.py:223
                 INFO     | >> # episodes completed so    run_libero_eval.py:223
                          far: 224                                              
                 INFO     | >> # successes: 211 (94.2%)   run_libero_eval.py:223


 48%|████▊     | 24/50 [38:34<1:02:23, 143.98s/it][A                 INFO     | >>                            run_libero_eval.py:223
                          Task: put the white mug on the                        
                          left plate and put the yellow                         
                          and white mug on the right                            
                          plate                                                 
                 INFO     | >> Starting episode 25...     run_libero_eval.py:223
05/21 [00:45:12] INFO     | >> Success: True              run_libero_eval.py:223
                 INFO     | >> # episodes completed so    run_libero_eval.py:223
                          far: 225                                              
                 INFO     | >> # successes: 212 (94.2%)   run_libero_eval.py:223


 50%|█████     | 25/50 [40:19<55:09, 132.39s/it]  [A                 INFO     | >>                            run_libero_eval.py:223
                          Task: put the white mug on the                        
                          left plate and put the yellow                         
                          and white mug on the right                            
                          plate                                                 
                 INFO     | >> Starting episode 26...     run_libero_eval.py:223
05/21 [00:47:08] INFO     | >> Success: True              run_libero_eval.py:223
                 INFO     | >> # episodes completed so    run_libero_eval.py:223
                          far: 226                                              
                 INFO     | >> # successes: 213 (94.2%)   run_libero_eval.py:223


 52%|█████▏    | 26/50 [42:15<50:58, 127.42s/it][A                 INFO     | >>                            run_libero_eval.py:223
                          Task: put the white mug on the                        
                          left plate and put the yellow                         
                          and white mug on the right                            
                          plate                                                 
                 INFO     | >> Starting episode 27...     run_libero_eval.py:223
05/21 [00:48:57] INFO     | >> Success: True              run_libero_eval.py:223
                 INFO     | >> # episodes completed so    run_libero_eval.py:223
                          far: 227                                              
                 INFO     | >> # successes: 214 (94.3%)   run_libero_eval.py:223


 54%|█████▍    | 27/50 [44:03<46:41, 121.78s/it][A                 INFO     | >>                            run_libero_eval.py:223
                          Task: put the white mug on the                        
                          left plate and put the yellow                         
                          and white mug on the right                            
                          plate                                                 
                 INFO     | >> Starting episode 28...     run_libero_eval.py:223
05/21 [00:50:27] INFO     | >> Success: True              run_libero_eval.py:223
                 INFO     | >> # episodes completed so    run_libero_eval.py:223
                          far: 228                                              
                 INFO     | >> # successes: 215 (94.3%)   run_libero_eval.py:223

<home_path>
 56%|█████▌    | 28/50 [45:33<41:07, 112.14s/it][A                 INFO     | >>                            run_libero_eval.py:223
                          Task: put the white mug on the                        
                         <home_path>                        
                          and white mug on the right                            
                          plate                                                 
                 INFO     | >> Starting episode 29...     run_libero_eval.py:223
05/21 [00:51:45] INFO     | >> Success: True              run_libero_eval.py:223
                 INFO     | >> # episodes completed so    run_libero_eval.py:223
                          far: 229                                              
                 INFO     | >> # successes: 216 (94.3%)   run_libero_eval.py:223


 58%|█████▊    | 29/50 [46:51<35:41, 101.98s/it][A                 INFO     | >>                            run_libero_eval.py:223
                          Task: put the white mug on the                        
                          left plate and put the yellow                         
                          and white mug on the right                            
                          plate                                                 
                 INFO     | >> Starting episode 30...     run_libero_eval.py:223
05/21 [00:52:59] INFO     | >> Success: True              run_libero_eval.py:223
                 INFO     | >> # episodes completed so    run_libero_eval.py:223
                          far: 230                                              
                 INFO     | >> # successes: 217 (94.3%)   run_libero_eval.py:223


 60%|██████    | 30/50 [48:06<31:14, 93.73s/it] [A                 INFO     | >>                            run_libero_eval.py:223
                          Task: put the white mug on the                        
                          left plate and put the yellow                         
                          and white mug on the right                            
                          plate                                                 
                 INFO     | >> Starting episode 31...     run_libero_eval.py:223
05/21 [00:54:54] INFO     | >> Success: True              run_libero_eval.py:223
                 INFO     | >> # episodes completed so    run_libero_eval.py:223
                          far: 231                                              
                 INFO     | >> # successes: 218 (94.4%)   run_libero_eval.py:223


 62%|██████▏   | 31/50 [50:00<31:39, 99.97s/it][A                 INFO     | >>                            run_libero_eval.py:223
                          Task: put the white mug on the                        
                          left plate and put the yellow                         
                          and white mug on the right                            
                          plate                                                 
                 INFO     | >> Starting episode 32...     run_libero_eval.py:223
05/21 [00:56:38] INFO     | >> Success: True              run_libero_eval.py:223
                 INFO     | >> # episodes completed so    run_libero_eval.py:223
                          far: 232                                              
                 INFO     | >> # successes: 219 (94.4%)   run_libero_eval.py:223


 64%|██████▍   | 32/50 [51:45<30:23, 101.33s/it][A                 INFO     | >>                            run_libero_eval.py:223
                          Task: put the white mug on the                        
                          left plate and put the yellow                         
                          and white mug on the right                            
                          plate                                                 
                 INFO     | >> Starting episode 33...     run_libero_eval.py:223
05/21 [00:57:53] INFO     | >> Success: True              run_libero_eval.py:223
                 INFO     | >> # episodes completed so    run_libero_eval.py:223
                          far: 233                                              
                 INFO     | >> # successes: 220 (94.4%)   run_libero_eval.py:223


 66%|██████▌   | 33/50 [52:59<26:24, 93.20s/it] [A                 INFO     | >>                            run_libero_eval.py:223
                          Task: put the white mug on the                        
                          left plate and put the yellow                         
                          and white mug on the right                            
                          plate                                                 
                 INFO     | >> Starting episode 34...     run_libero_eval.py:223
05/21 [00:58:56] INFO     | >> Success: True              run_libero_eval.py:223
                 INFO     | >> # episodes completed so    run_libero_eval.py:223
                          far: 234                                              
                 INFO     | >> # successes: 221 (94.4%)   run_libero_eval.py:223


 68%|██████▊   | 34/50 [54:02<22:26, 84.19s/it][A                 INFO     | >>                            run_libero_eval.py:223
                          Task: put the white mug on the                        
                          left plate and put the yellow                         
                          and white mug on the right                            
                          plate                                                 
                 INFO     | >> Starting episode 35...     run_libero_eval.py:223
05/21 [01:00:15] INFO     | >> Success: True              run_libero_eval.py:223
                 INFO     | >> # episodes completed so    run_libero_eval.py:223
                          far: 235                                              
                 INFO     | >> # successes: 222 (94.5%)   run_libero_eval.py:223


 70%|███████   | 35/50 [55:21<20:40, 82.71s/it][A                 INFO     | >>                            run_libero_eval.py:223
                          Task: put the white mug on the                        
                          left plate and put the yellow                         
                          and white mug on the right                            
                          plate                                                 
                 INFO     | >> Starting episode 36...     run_libero_eval.py:223
05/21 [01:02:04] INFO     | >> Success: True              run_libero_eval.py:223
                 INFO     | >> # episodes completed so    run_libero_eval.py:223
                          far: 236                                              
                 INFO     | >> # successes: 223 (94.5%)   run_libero_eval.py:223


 72%|███████▏  | 36/50 [57:10<21:06, 90.46s/it][A                 INFO     | >>                            run_libero_eval.py:223
                          Task: put the white mug on the                        
                          left plate and put the yellow                         
                          and white mug on the right                            
                          plate                                                 
                 INFO     | >> Starting episode 37...     run_libero_eval.py:223
05/21 [01:04:04] INFO     | >> Success: True              run_libero_eval.py:223
                 INFO     | >> # episodes completed so    run_libero_eval.py:223
                          far: 237                                              
                 INFO     | >> # successes: 224 (94.5%)   run_libero_eval.py:223


 74%|███████▍  | 37/50 [59:11<21:34, 99.56s/it][A                 INFO     | >>                            run_libero_eval.py:223
                          Task: put the white mug on the                        
                          left plate and put the yellow                         
                          and white mug on the right                            
                          plate                                                 
                 INFO     | >> Starting episode 38...     run_libero_eval.py:223
05/21 [01:05:19] INFO     | >> Success: True              run_libero_eval.py:223
                 INFO     | >> # episodes completed so    run_libero_eval.py:223
                          far: 238                                              
                 INFO     | >> # successes: 225 (94.5%)   run_libero_eval.py:223


 76%|███████▌  | 38/50 [1:00:25<18:23, 91.98s/it][A                 INFO     | >>                            run_libero_eval.py:223
                          Task: put the white mug on the                        
                          left plate and put the yellow                         
                          and white mug on the right                            
                          plate                                                 
                 INFO     | >> Starting episode 39...     run_libero_eval.py:223
05/21 [01:06:19] INFO     | >> Success: True              run_libero_eval.py:223
                 INFO     | >> # episodes completed so    run_libero_eval.py:223
                          far: 239                                              
                 INFO     | >> # successes: 226 (94.6%)   run_libero_eval.py:223


 78%|███████▊  | 39/50 [1:01:25<15:05, 82.34s/it][A                 INFO     | >>                            run_libero_eval.py:223
                          Task: put the white mug on the                        
                          left plate and put the yellow                         
                          and white mug on the right                            
                          plate                                                 
                 INFO     | >> Starting episode 40...     run_libero_eval.py:223
05/21 [01:07:19] INFO     | >> Success: True              run_libero_eval.py:223
                 INFO     | >> # episodes completed so    run_libero_eval.py:223
                          far: 240                                              
                 INFO     | >> # successes: 227 (94.6%)   run_libero_eval.py:223


 80%|████████  | 40/50 [1:02:25<12:37, 75.74s/it][A                 INFO     | >>                            run_libero_eval.py:223
                          Task: put the white mug on the                        
                          left plate and put the yellow                         
                          and white mug on the right                            
                          plate                                                 
                 INFO     | >> Starting episode 41...     run_libero_eval.py:223
05/21 [01:08:23] INFO     | >> Success: True              run_libero_eval.py:223
                 INFO     | >> # episodes completed so    run_libero_eval.py:223
                          far: 241                                              
                 INFO     | >> # successes: 228 (94.6%)   run_libero_eval.py:223


 82%|████████▏ | 41/50 [1:03:29<10:49, 72.15s/it][A                 INFO     | >>                            run_libero_eval.py:223
                          Task: put the white mug on the                        
                          left plate and put the yellow                         
                          and white mug on the right                            
                          plate                                                 
                 INFO     | >> Starting episode 42...     run_libero_eval.py:223
05/21 [01:09:43] INFO     | >> Success: True              run_libero_eval.py:223
                 INFO     | >> # episodes completed so    run_libero_eval.py:223
                          far: 242                                              
                 INFO     | >> # successes: 229 (94.6%)   run_libero_eval.py:223


 84%|████████▍ | 42/50 [1:04:49<09:56, 74.61s/it][A                 INFO     | >>                            run_libero_eval.py:223
                          Task: put the white mug on the                        
                          left plate and put the yellow                         
                          and white mug on the right                            
                          plate                                                 
                 INFO     | >> Starting episode 43...     run_libero_eval.py:223
05/21 [01:10:59] INFO     | >> Success: True              run_libero_eval.py:223
                 INFO     | >> # episodes completed so    run_libero_eval.py:223
                          far: 243                                              
                 INFO     | >> # successes: 230 (94.7%)   run_libero_eval.py:223


 86%|████████▌ | 43/50 [1:06:05<08:44, 74.97s/it][A                 INFO     | >>                            run_libero_eval.py:223
                          Task: put the white mug on the                        
                          left plate and put the yellow                         
                          and white mug on the right                            
                          plate                                                 
                 INFO     | >> Starting episode 44...     run_libero_eval.py:223
05/21 [01:12:00] INFO     | >> Success: True              run_libero_eval.py:223
                 INFO     | >> # episodes completed so    run_libero_eval.py:223
                          far: 244                                              
                 INFO     | >> # successes: 231 (94.7%)   run_libero_eval.py:223


 88%|████████▊ | 44/50 [1:07:07<07:05, 70.86s/it][A                 INFO     | >>                            run_libero_eval.py:223
                          Task: put the white mug on the                        
                          left plate and put the yellow                         
                          and white mug on the right                            
                          plate                                                 
                 INFO     | >> Starting episode 45...     run_libero_eval.py:223
05/21 [01:14:22] INFO     | >> Success: False             run_libero_eval.py:223
                 INFO     | >> # episodes completed so    run_libero_eval.py:223
                          far: 245                                              
                 INFO     | >> # successes: 231 (94.3%)   run_libero_eval.py:223


 90%|█████████ | 45/50 [1:09:28<07:40, 92.14s/it][A                 INFO     | >>                            run_libero_eval.py:223
                          Task: put the white mug on the                        
                          left plate and put the yellow                         
                          and white mug on the right                            
                          plate                                                 
                 INFO     | >> Starting episode 46...     run_libero_eval.py:223
05/21 [01:15:23] INFO     | >> Success: True              run_libero_eval.py:223
                 INFO     | >> # episodes completed so    run_libero_eval.py:223
                          far: 246                                              
                 INFO     | >> # successes: 232 (94.3%)   run_libero_eval.py:223


 92%|█████████▏| 46/50 [1:10:29<05:31, 82.77s/it][A                 INFO     | >>                            run_libero_eval.py:223
                          Task: put the white mug on the                        
                          left plate and put the yellow                         
                          and white mug on the right                            
                          plate                                                 
                 INFO     | >> Starting episode 47...     run_libero_eval.py:223
05/21 [01:16:26] INFO     | >> Success: True              run_libero_eval.py:223
                 INFO     | >> # episodes completed so    run_libero_eval.py:223
                          far: 247                                              
                 INFO     | >> # successes: 233 (94.3%)   run_libero_eval.py:223


 94%|█████████▍| 47/50 [1:11:33<03:51, 77.05s/it][A                 INFO     | >>                            run_libero_eval.py:223
                          Task: put the white mug on the                        
                          left plate and put the yellow                         
                          and white mug on the right                            
                          plate                                                 
                 INFO     | >> Starting episode 48...     run_libero_eval.py:223
05/21 [01:17:29] INFO     | >> Success: True              run_libero_eval.py:223
                 INFO     | >> # episodes completed so    run_libero_eval.py:223
                          far: 248                                              
                 INFO     | >> # successes: 234 (94.4%)   run_libero_eval.py:223


 96%|█████████▌| 48/50 [1:12:35<02:25, 72.62s/it][A                 INFO     | >>                            run_libero_eval.py:223
                          Task: put the white mug on the                        
                          left plate and put the yellow                         
                          and white mug on the right                            
                          plate                                                 
                 INFO     | >> Starting episode 49...     run_libero_eval.py:223
05/21 [01:18:34] INFO     | >> Success: True              run_libero_eval.py:223
                 INFO     | >> # episodes completed so    run_libero_eval.py:223
                          far: 249                                              
                 INFO     | >> # successes: 235 (94.4%)   run_libero_eval.py:223


 98%|█████████▊| 49/50 [1:13:41<01:10, 70.54s/it][A                 INFO     | >>                            run_libero_eval.py:223
                          Task: put the white mug on the                        
                          left plate and put the yellow                         
                          and white mug on the right                            
                          plate                                                 
                 INFO     | >> Starting episode 50...     run_libero_eval.py:223
05/21 [01:20:48] INFO     | >> Success: False             run_libero_eval.py:223
                 INFO     | >> # episodes completed so    run_libero_eval.py:223
                          far: 250                                              
                 INFO     | >> # successes: 235 (94.0%)   run_libero_eval.py:223


100%|██████████| 50/50 [1:15:54<00:00, 89.31s/it][A
100%|██████████| 50/50 [1:15:54<00:00, 91.09s/it]
                 INFO     | >> Current task success rate: run_libero_eval.py:223
                          0.92                                                  
                 INFO     | >> Current total success      run_libero_eval.py:223
                          rate: 0.94                                            

 50%|█████     | 5/10 [8:15:09<7:46:42, 5600.46s/it] [Warning]: datasets path /mnt/pfs/scalelab2/liangzhixuan/code/publish-ddpvla/LIBERO/datasets does not exist!
                 INFO     | >> Using default initial      run_libero_eval.py:223
                          states                                                
[Warning]: datasets path /mnt/pfs/scalelab2/liangzhixuan/code/publish-ddpvla/LIBERO/datasets does not exist!


  0%|          | 0/50 [00:00<?, ?it/s][A05/21 [01:20:50] INFO     | >>                            run_libero_eval.py:223
                          Task: pick up the book and                            
                          place it in the back                                  
                          compartment of the caddy                              
                 INFO     | >> Starting episode 1...      run_libero_eval.py:223
05/21 [01:21:40] INFO     | >> Success: True              run_libero_eval.py:223
                 INFO     | >> # episodes completed so    run_libero_eval.py:223
                          far: 251                                              
                 INFO     | >> # successes: 236 (94.0%)   run_libero_eval.py:223


  2%|▏         | 1/50 [00:49<40:25, 49.51s/it][A                 INFO     | >>                            run_libero_eval.py:223
                          Task: pick up the book and                            
                          place it in the back                                  
                          compartment of the caddy                              
                 INFO     | >> Starting episode 2...      run_libero_eval.py:223
05/21 [01:22:25] INFO     | >> Success: True              run_libero_eval.py:223
                 INFO     | >> # episodes completed so    run_libero_eval.py:223
                          far: 252                                              
                 INFO     | >> # successes: 237 (94.0%)   run_libero_eval.py:223


  4%|▍         | 2/50 [01:34<37:37, 47.03s/it][A                 INFO     | >>                            run_libero_eval.py:223
                          Task: pick up the book and                            
                          place it in the back                                  
                          compartment of the caddy                              
                 INFO     | >> Starting episode 3...      run_libero_eval.py:223
05/21 [01:23:10] INFO     | >> Success: True              run_libero_eval.py:223
                 INFO     | >> # episodes completed so    run_libero_eval.py:223
                          far: 253                                              
                 INFO     | >> # successes: 238 (94.1%)   run_libero_eval.py:223


  6%|▌         | 3/50 [02:19<35:58, 45.93s/it][A                 INFO     | >>                            run_libero_eval.py:223
                          Task: pick up the book and                            
                          place it in the back                                  
                          compartment of the caddy                              
                 INFO     | >> Starting episode 4...      run_libero_eval.py:223
05/21 [01:23:55] INFO     | >> Success: True              run_libero_eval.py:223
                 INFO     | >> # episodes completed so    run_libero_eval.py:223
                          far: 254                                              
                 INFO     | >> # successes: 239 (94.1%)   run_libero_eval.py:223


  8%|▊         | 4/50 [03:04<35:04, 45.75s/it][A                 INFO     | >>                            run_libero_eval.py:223
                          Task: pick up the book and                            
                          place it in the back                                  
                          compartment of the caddy                              
                 INFO     | >> Starting episode 5...      run_libero_eval.py:223
05/21 [01:24:38] INFO     | >> Success: True              run_libero_eval.py:223
                 INFO     | >> # episodes completed so    run_libero_eval.py:223
                          far: 255                                              
                 INFO     | >> # successes: 240 (94.1%)   run_libero_eval.py:223


 10%|█         | 5/50 [03:47<33:26, 44.59s/it][A                 INFO     | >>                            run_libero_eval.py:223
                          Task: pick up the book and                            
                          place it in the back                                  
                          compartment of the caddy                              
                 INFO     | >> Starting episode 6...      run_libero_eval.py:223
05/21 [01:25:29] INFO     | >> Success: True              run_libero_eval.py:223
                 INFO     | >> # episodes completed so    run_libero_eval.py:223
                          far: 256                                              
                 INFO     | >> # successes: 241 (94.1%)   run_libero_eval.py:223


 12%|█▏        | 6/50 [04:38<34:18, 46.77s/it][A                 INFO     | >>                            run_libero_eval.py:223
                          Task: pick up the book and                            
                          place it in the back                                  
                          compartment of the caddy                              
                 INFO     | >> Starting episode 7...      run_libero_eval.py:223
05/21 [01:26:25] INFO     | >> Success: True              run_libero_eval.py:223
                 INFO     | >> # episodes completed so    run_libero_eval.py:223
                          far: 257                                              
                 INFO     | >> # successes: 242 (94.2%)   run_libero_eval.py:223


 14%|█▍        | 7/50 [05:34<35:47, 49.94s/it][A                 INFO     | >>                            run_libero_eval.py:223
                          Task: pick up the book and                            
                          place it in the back                                  
                          compartment of the caddy                              
                 INFO     | >> Starting episode 8...      run_libero_eval.py:223
05/21 [01:27:14] INFO     | >> Success: True              run_libero_eval.py:223
                 INFO     | >> # episodes completed so    run_libero_eval.py:223
                          far: 258                                              
                 INFO     | >> # successes: 243 (94.2%)   run_libero_eval.py:223


 16%|█▌        | 8/50 [06:23<34:40, 49.53s/it][A                 INFO     | >>                            run_libero_eval.py:223
                          Task: pick up the book and                            
                          place it in the back                                  
                          compartment of the caddy                              
                 INFO     | >> Starting episode 9...      run_libero_eval.py:223
05/21 [01:27:55] INFO     | >> Success: True              run_libero_eval.py:223
                 INFO     | >> # episodes completed so    run_libero_eval.py:223
                          far: 259                                              
                 INFO     | >> # successes: 244 (94.2%)   run_libero_eval.py:223


 18%|█▊        | 9/50 [07:04<32:00, 46.83s/it][A                 INFO     | >>                            run_libero_eval.py:223
                          Task: pick up the book and                            
                          place it in the back                                  
                          compartment of the caddy                              
                 INFO     | >> Starting episode 10...     run_libero_eval.py:223
05/21 [01:28:41] INFO     | >> Success: True              run_libero_eval.py:223
                 INFO     | >> # episodes completed so    run_libero_eval.py:223
                          far: 260                                              
                 INFO     | >> # successes: 245 (94.2%)   run_libero_eval.py:223


 20%|██        | 10/50 [07:51<31:10, 46.75s/it][A                 INFO     | >>                            run_libero_eval.py:223
                          Task: pick up the book and                            
                          place it in the back                                  
                          compartment of the caddy                              
                 INFO     | >> Starting episode 11...     run_libero_eval.py:223
05/21 [01:29:23] INFO     | >> Success: True              run_libero_eval.py:223
                 INFO     | >> # episodes completed so    run_libero_eval.py:223
                          far: 261                                              
                 INFO     | >> # successes: 246 (94.3%)   run_libero_eval.py:223


 22%|██▏       | 11/50 [08:32<29:19, 45.12s/it][A                 INFO     | >>                            run_libero_eval.py:223
                          Task: pick up the book and                            
                          place it in the back                                  
                          compartment of the caddy                              
                 INFO     | >> Starting episode 12...     run_libero_eval.py:223
05/21 [01:30:10] INFO     | >> Success: True              run_libero_eval.py:223
                 INFO     | >> # episodes completed so    run_libero_eval.py:223
                          far: 262                                              
                 INFO     | >> # successes: 247 (94.3%)   run_libero_eval.py:223


 24%|██▍       | 12/50 [09:19<29:01, 45.83s/it][A                 INFO     | >>                            run_libero_eval.py:223
                          Task: pick up the book and                            
                          place it in the back                                  
                          compartment of the caddy                              
                 INFO     | >> Starting episode 13...     run_libero_eval.py:223
05/21 [01:30:55] INFO     | >> Success: True              run_libero_eval.py:223
                 INFO     | >> # episodes completed so    run_libero_eval.py:223
                          far: 263                                              
                 INFO     | >> # successes: 248 (94.3%)   run_libero_eval.py:223


 26%|██▌       | 13/50 [10:04<28:06, 45.59s/it][A                 INFO     | >>                            run_libero_eval.py:223
                          Task: pick up the book and                            
                          place it in the back                                  
                          compartment of the caddy                              
                 INFO     | >> Starting episode 14...     run_libero_eval.py:223
05/21 [01:31:35] INFO     | >> Success: True              run_libero_eval.py:223
                 INFO     | >> # episodes completed so    run_libero_eval.py:223
                          far: 264                                              
                 INFO     | >> # successes: 249 (94.3%)   run_libero_eval.py:223


 28%|██▊       | 14/50 [10:44<26:20, 43.90s/it][A                 INFO     | >>                            run_libero_eval.py:223
                          Task: pick up the book and                            
                          place it in the back                                  
                          compartment of the caddy                              
                 INFO     | >> Starting episode 15...     run_libero_eval.py:223
05/21 [01:32:26] INFO     | >> Success: True              run_libero_eval.py:223
                 INFO     | >> # episodes completed so    run_libero_eval.py:223
                          far: 265                                              
                 INFO     | >> # successes: 250 (94.3%)   run_libero_eval.py:223


 30%|███       | 15/50 [11:35<26:51, 46.05s/it][A                 INFO     | >>                            run_libero_eval.py:223
                          Task: pick up the book and                            
                          place it in the back                                  
                          compartment of the caddy                              
                 INFO     | >> Starting episode 16...     run_libero_eval.py:223
05/21 [01:33:10] INFO     | >> Success: True              run_libero_eval.py:223
                 INFO     | >> # episodes completed so    run_libero_eval.py:223
                          far: 266                                              
                 INFO     | >> # successes: 251 (94.4%)   run_libero_eval.py:223


 32%|███▏      | 16/50 [12:19<25:38, 45.25s/it][A                 INFO     | >>                            run_libero_eval.py:223
                          Task: pick up the book and                            
                          place it in the back                                  
                          compartment of the caddy                              
                 INFO     | >> Starting episode 17...     run_libero_eval.py:223
05/21 [01:33:50] INFO     | >> Success: True              run_libero_eval.py:223
                 INFO     | >> # episodes completed so    run_libero_eval.py:223
                          far: 267                                              
                 INFO     | >> # successes: 252 (94.4%)   run_libero_eval.py:223


 34%|███▍      | 17/50 [13:00<24:07, 43.87s/it][A                 INFO     | >>                            run_libero_eval.py:223
                          Task: pick up the book and                            
                          place it in the back                                  
                          compartment of the caddy                              
                 INFO     | >> Starting episode 18...     run_libero_eval.py:223
05/21 [01:34:38] INFO     | >> Success: True              run_libero_eval.py:223
                 INFO     | >> # episodes completed so    run_libero_eval.py:223
                          far: 268                                              
                 INFO     | >> # successes: 253 (94.4%)   run_libero_eval.py:223


 36%|███▌      | 18/50 [13:47<23:58, 44.94s/it][A                 INFO     | >>                            run_libero_eval.py:223
                          Task: pick up the book and                            
                          place it in the back                                  
                          compartment of the caddy                              
                 INFO     | >> Starting episode 19...     run_libero_eval.py:223
05/21 [01:35:15] INFO     | >> Success: True              run_libero_eval.py:223
                 INFO     | >> # episodes completed so    run_libero_eval.py:223
                          far: 269                                              
                 INFO     | >> # successes: 254 (94.4%)   run_libero_eval.py:223


 38%|███▊      | 19/50 [14:25<22:05, 42.77s/it][A                 INFO     | >>                            run_libero_eval.py:223
                          Task: pick up the book and                            
                          place it in the back                                  
                          compartment of the caddy                              
                 INFO     | >> Starting episode 20...     run_libero_eval.py:223
05/21 [01:36:21] INFO     | >> Success: True              run_libero_eval.py:223
                 INFO     | >> # episodes completed so    run_libero_eval.py:223
                          far: 270                                              
                 INFO     | >> # successes: 255 (94.4%)   run_libero_eval.py:223


 40%|████      | 20/50 [15:30<24:46, 49.53s/it][A                 INFO     | >>                            run_libero_eval.py:223
                          Task: pick up the book and                            
                          place it in the back                                  
                          compartment of the caddy                              
                 INFO     | >> Starting episode 21...     run_libero_eval.py:223
05/21 [01:37:10] INFO     | >> Success: True              run_libero_eval.py:223
                 INFO     | >> # episodes completed so    run_libero_eval.py:223
                          far: 271                                              
                 INFO     | >> # successes: 256 (94.5%)   run_libero_eval.py:223


 42%|████▏     | 21/50 [16:20<23:59, 49.62s/it][A                 INFO     | >>                            run_libero_eval.py:223
                          Task: pick up the book and                          <home_path>
                          place it in the back                                  
                          compartment of the caddy                              
                 INFO    <home_path>  run_libero_eval.py:223
05/21 [01:38:01] INFO     | >> Success: True              run_libero_eval.py:223
                 INFO     | >> # episodes completed so    run_libero_eval.py:223
                          far: 272                                              
                 INFO     | >> # successes: 257 (94.5%)   run_libero_eval.py:223


 44%|████▍     | 22/50 [17:11<23:20, 50.02s/it][A                 INFO     | >>                            run_libero_eval.py:223
                          Task: pick up the book and                            
                          place it in the back                                  
                          compartment of the caddy                              
                 INFO     | >> Starting episode 23...     run_libero_eval.py:223
05/21 [01:38:42] INFO     | >> Success: True              run_libero_eval.py:223
                 INFO     | >> # episodes completed so    run_libero_eval.py:223
                          far: 273                                              
                 INFO     | >> # successes: 258 (94.5%)   run_libero_eval.py:223


 46%|████▌     | 23/50 [17:52<21:16, 47.29s/it][A                 INFO     | >>                            run_libero_eval.py:223
                          Task: pick up the book and                            
                          place it in the back                                  
                          compartment of the caddy                              
                 INFO     | >> Starting episode 24...     run_libero_eval.py:223
05/21 [01:39:23] INFO     | >> Success: True              run_libero_eval.py:223
                 INFO     | >> # episodes completed so    run_libero_eval.py:223
                          far: 274                                              
                 INFO     | >> # successes: 259 (94.5%)   run_libero_eval.py:223


 48%|████▊     | 24/50 [18:32<19:35, 45.21s/it][A                 INFO     | >>                            run_libero_eval.py:223
                          Task: pick up the book and                            
                          place it in the back                                  
                          compartment of the caddy                              
                 INFO     | >> Starting episode 25...     run_libero_eval.py:223
05/21 [01:40:11] INFO     | >> Success: True              run_libero_eval.py:223
                 INFO     | >> # episodes completed so    run_libero_eval.py:223
                          far: 275                                              
                 INFO     | >> # successes: 260 (94.5%)   run_libero_eval.py:223


 50%|█████     | 25/50 [19:20<19:10, 46.01s/it][A                 INFO     | >>                            run_libero_eval.py:223
                          Task: pick up the book and                            
                          place it in the back                                  
                          compartment of the caddy                              
                 INFO     | >> Starting episode 26...     run_libero_eval.py:223
05/21 [01:40:55] INFO     | >> Success: True              run_libero_eval.py:223
                 INFO     | >> # episodes completed so    run_libero_eval.py:223
                          far: 276                                              
                 INFO     | >> # successes: 261 (94.6%)   run_libero_eval.py:223


 52%|█████▏    | 26/50 [20:05<18:16, 45.68s/it][A                 INFO     | >>                            run_libero_eval.py:223
                          Task: pick up the book and                            
                          place it in the back                                  
                          compartment of the caddy                              
                 INFO     | >> Starting episode 27...     run_libero_eval.py:223
05/21 [01:41:38] INFO     | >> Success: True              run_libero_eval.py:223
                 INFO     | >> # episodes completed so    run_libero_eval.py:223
                          far: 277                                              
                 INFO     | >> # successes: 262 (94.6%)   run_libero_eval.py:223


 54%|█████▍    | 27/50 [20:47<17:09, 44.74s/it][A                 INFO     | >>                            run_libero_eval.py:223
                          Task: pick up the book and                            
                          place it in the back                                  
                          compartment of the caddy                              
                 INFO     | >> Starting episode 28...     run_libero_eval.py:223
05/21 [01:42:27] INFO     | >> Success: True              run_libero_eval.py:223
                 INFO     | >> # episodes completed so    run_libero_eval.py:223
                          far: 278                                              
                 INFO     | >> # successes: 263 (94.6%)   run_libero_eval.py:223


 56%|█████▌    | 28/50 [21:36<16:49, 45.90s/it][A                 INFO     | >>                            run_libero_eval.py:223
                          Task: pick up the book and                            
                          place it in the back                                  
                          compartment of the caddy                              
                 INFO     | >> Starting episode 29...     run_libero_eval.py:223
05/21 [01:43:11] INFO     | >> Success: True              run_libero_eval.py:223
                 INFO     | >> # episodes completed so    run_libero_eval.py:223
                          far: 279                                              
                 INFO     | >> # successes: 264 (94.6%)   run_libero_eval.py:223


 58%|█████▊    | 29/50 [22:20<15:51, 45.31s/it][A                 INFO     | >>                            run_libero_eval.py:223
                          Task: pick up the book and                            
                          place it in the back                                  
                          compartment of the caddy                              
                 INFO     | >> Starting episode 30...     run_libero_eval.py:223
05/21 [01:43:49] INFO     | >> Success: True              run_libero_eval.py:223
                 INFO     | >> # episodes completed so    run_libero_eval.py:223
                          far: 280                                              
                 INFO     | >> # successes: 265 (94.6%)   run_libero_eval.py:223


 60%|██████    | 30/50 [22:59<14:26, 43.34s/it][A                 INFO     | >>                            run_libero_eval.py:223
                          Task: pick up the book and                            
                          place it in the back                                  
                          compartment of the caddy                              
                 INFO     | >> Starting episode 31...     run_libero_eval.py:223
05/21 [01:44:38] INFO     | >> Success: True              run_libero_eval.py:223
                 INFO     | >> # episodes completed so    run_libero_eval.py:223
                          far: 281                                              
                 INFO     | >> # successes: 266 (94.7%)   run_libero_eval.py:223


 62%|██████▏   | 31/50 [23:47<14:12, 44.85s/it][A                 INFO     | >>                            run_libero_eval.py:223
                          Task: pick up the book and                            
                          place it in the back                                  
                          compartment of the caddy                              
                 INFO     | >> Starting episode 32...     run_libero_eval.py:223
05/21 [01:45:24] INFO     | >> Success: True              run_libero_eval.py:223
                 INFO     | >> # episodes completed so    run_libero_eval.py:223
                          far: 282                                              
                 INFO     | >> # successes: 267 (94.7%)   run_libero_eval.py:223


 64%|██████▍   | 32/50 [24:33<13:35, 45.28s/it][A                 INFO     | >>                            run_libero_eval.py:223
                          Task: pick up the book and                            
                          place it in the back                                  
                          compartment of the caddy                              
                 INFO     | >> Starting episode 33...     run_libero_eval.py:223
05/21 [01:46:31] INFO     | >> Success: True              run_libero_eval.py:223
                 INFO     | >> # episodes completed so    run_libero_eval.py:223
                          far: 283                                              
                 INFO     | >> # successes: 268 (94.7%)   run_libero_eval.py:223


 66%|██████▌   | 33/50 [25:41<14:41, 51.86s/it][A                 INFO     | >>                            run_libero_eval.py:223
                          Task: pick up the book and                            
                          place it in the back                                  
                          compartment of the caddy                              
                 INFO     | >> Starting episode 34...     run_libero_eval.py:223
05/21 [01:47:37] INFO     | >> Success: True              run_libero_eval.py:223
                 INFO     | >> # episodes completed so    run_libero_eval.py:223
                          far: 284                                              
                 INFO     | >> # successes: 269 (94.7%)   run_libero_eval.py:223


 68%|██████▊   | 34/50 [26:47<14:58, 56.19s/it][A                 INFO     | >>                            run_libero_eval.py:223
                          Task: pick up the book and                            
                          place it in the back                                  
                          compartment of the caddy                              
                 INFO     | >> Starting episode 35...     run_libero_eval.py:223
05/21 [01:48:57] INFO     | >> Success: True              run_libero_eval.py:223
                 INFO     | >> # episodes completed so    run_libero_eval.py:223
                          far: 285                                              
                 INFO     | >> # successes: 270 (94.7%)   run_libero_eval.py:223


 70%|███████   | 35/50 [28:07<15:50, 63.34s/it][A05/21 [01:48:58] INFO     | >>                            run_libero_eval.py:223
                          Task: pick up the book and                            
                          place it in the back                                  
                          compartment of the caddy                              
                 INFO     | >> Starting episode 36...     run_libero_eval.py:223
05/21 [01:49:46] INFO     | >> Success: True              run_libero_eval.py:223
                 INFO     | >> # episodes completed so    run_libero_eval.py:223
                          far: 286                                              
                 INFO     | >> # successes: 271 (94.8%)   run_libero_eval.py:223


 72%|███████▏  | 36/50 [28:55<13:44, 58.90s/it][A                 INFO     | >>                            run_libero_eval.py:223
                          Task: pick up the book and                            
                          place it in the back                                  
                          compartment of the caddy                              
                 INFO     | >> Starting episode 37...     run_libero_eval.py:223
05/21 [01:50:35] INFO     | >> Success: True              run_libero_eval.py:223
                 INFO     | >> # episodes completed so    run_libero_eval.py:223
                          far: 287                                              
                 INFO     | >> # successes: 272 (94.8%)   run_libero_eval.py:223


 74%|███████▍  | 37/50 [29:45<12:07, 55.99s/it][A                 INFO     | >>                            run_libero_eval.py:223
                          Task: pick up the book and                            
                          place it in the back                                  
                          compartment of the caddy                              
                 INFO     | >> Starting episode 38...     run_libero_eval.py:223
05/21 [01:51:23] INFO     | >> Success: True              run_libero_eval.py:223
                 INFO     | >> # episodes completed so    run_libero_eval.py:223
                          far: 288                                              
                 INFO     | >> # successes: 273 (94.8%)   run_libero_eval.py:223


 76%|███████▌  | 38/50 [30:32<10:40, 53.41s/it][A                 INFO     | >>                            run_libero_eval.py:223
                          Task: pick up the book and                            
                          place it in the back                                  
                          compartment of the caddy                              
                 INFO     | >> Starting episode 39...     run_libero_eval.py:223
05/21 [01:52:10] INFO     | >> Success: True              run_libero_eval.py:223
                 INFO     | >> # episodes completed so    run_libero_eval.py:223
                          far: 289                                              
                 INFO     | >> # successes: 274 (94.8%)   run_libero_eval.py:223


 78%|███████▊  | 39/50 [31:20<09:28, 51.66s/it][A                 INFO     | >>                            run_libero_eval.py:223
                          Task: pick up the book and                            
                          place it in the back                                  
                          compartment of the caddy                              
                 INFO     | >> Starting episode 40...     run_libero_eval.py:223
05/21 [01:52:51] INFO     | >> Success: True              run_libero_eval.py:223
                 INFO     | >> # episodes completed so    run_libero_eval.py:223
                          far: 290                                              
                 INFO     | >> # successes: 275 (94.8%)   run_libero_eval.py:223


 80%|████████  | 40/50 [32:00<08:03, 48.37s/it][A                 INFO     | >>                            run_libero_eval.py:223
                          Task: pick up the book and                            
                          place it in the back                                  
                          compartment of the caddy                              
                 INFO     | >> Starting episode 41...     run_libero_eval.py:223
05/21 [01:53:44] INFO     | >> Success: True              run_libero_eval.py:223
                 INFO     | >> # episodes completed so    run_libero_eval.py:223
                          far: 291                                              
                 INFO     | >> # successes: 276 (94.8%)   run_libero_eval.py:223


 82%|████████▏ | 41/50 [32:54<07:29, 49.94s/it][A                 INFO     | >>                            run_libero_eval.py:223
                          Task: pick up the book and                            
                          place it in the back                                  
                          compartment of the caddy                              
05/21 [01:53:45] INFO     | >> Starting episode 42...     run_libero_eval.py:223
05/21 [01:54:34] INFO     | >> Success: True              run_libero_eval.py:223
                 INFO     | >> # episodes completed so    run_libero_eval.py:223
                          far: 292                                              
                 INFO     | >> # successes: 277 (94.9%)   run_libero_eval.py:223


 84%|████████▍ | 42/50 [33:44<06:39, 49.94s/it][A                 INFO     | >>                            run_libero_eval.py:223
                          Task: pick up the book and                            
                          place it in the back                                  
                          compartment of the caddy                              
                 INFO     | >> Starting episode 43...     run_libero_eval.py:223
05/21 [01:55:16] INFO     | >> Success: True              run_libero_eval.py:223
                 INFO     | >> # episodes completed so    run_libero_eval.py:223
                          far: 293                                              
                 INFO     | >> # successes: 278 (94.9%)   run_libero_eval.py:223


 86%|████████▌ | 43/50 [34:26<05:32, 47.50s/it][A                 INFO     | >>                            run_libero_eval.py:223
                          Task: pick up the book and                            
                          place it in the back                                  
                          compartment of the caddy                              
                 INFO     | >> Starting episode 44...     run_libero_eval.py:223
05/21 [01:56:00] INFO     | >> Success: True              run_libero_eval.py:223
                 INFO     | >> # episodes completed so    run_libero_eval.py:223
                          far: 294                                              
                 INFO     | >> # successes: 279 (94.9%)   run_libero_eval.py:223


 88%|████████▊ | 44/50 [35:09<04:38, 46.40s/it][A                 INFO     | >>                            run_libero_eval.py:223
                          Task: pick up the book and                            
                          place it in the back                                  
                          compartment of the caddy                              
                 INFO     | >> Starting episode 45...     run_libero_eval.py:223
05/21 [01:56:45] INFO     | >> Success: True              run_libero_eval.py:223
                 INFO     | >> # episodes completed so    run_libero_eval.py:223
                          far: 295                                              
                 INFO     | >> # successes: 280 (94.9%)   run_libero_eval.py:223


 90%|█████████ | 45/50 [35:54<03:49, 45.81s/it][A                 INFO     | >>                            run_libero_eval.py:223
                          Task: pick up the book and                            
                          place it in the back                                  
                          compartment of the caddy                              
                 INFO     | >> Starting episode 46...     run_libero_eval.py:223
05/21 [01:57:43] INFO     | >> Success: True              run_libero_eval.py:223
                 INFO     | >> # episodes completed so    run_libero_eval.py:223
                          far: 296                                              
                 INFO     | >> # successes: 281 (94.9%)   run_libero_eval.py:223


 92%|█████████▏| 46/50 [36:53<03:18, 49.71s/it][A                 INFO     | >>                            run_libero_eval.py:223
                          Task: pick up the book and                            
                          place it in the back                                  
                          compartment of the caddy                              
                 INFO     | >> Starting episode 47...     run_libero_eval.py:223
05/21 [01:58:32] INFO     | >> Success: True              run_libero_eval.py:223
                 INFO     | >> # episodes completed so    run_libero_eval.py:223
                          far: 297                                              
                 INFO     | >> # successes: 282 (94.9%)   run_libero_eval.py:223


 94%|█████████▍| 47/50 [37:42<02:28, 49.53s/it][A                 INFO     | >>                            run_libero_eval.py:223
                          Task: pick up the book and                            
                          place it in the back                                  
                          compartment of the caddy                              
                 INFO     | >> Starting episode 48...     run_libero_eval.py:223
05/21 [01:59:26] INFO     | >> Success: True              run_libero_eval.py:223
                 INFO     | >> # episodes completed so    run_libero_eval.py:223
                          far: 298                                              
                 INFO     | >> # successes: 283 (95.0%)   run_libero_eval.py:223


 96%|█████████▌| 48/50 [38:36<01:41, 50.83s/it][A                 INFO     | >>                            run_libero_eval.py:223
                          Task: pick up the book and                            
                          place it in the back                                  
                          compartment of the caddy                              
                 INFO     | >> Starting episode 49...     run_libero_eval.py:223
05/21 [02:00:16] INFO     | >> Success: True              run_libero_eval.py:223
                 INFO     | >> # episodes completed so    run_libero_eval.py:223
                          far: 299                                              
                 INFO     | >> # successes: 284 (95.0%)   run_libero_eval.py:223


 98%|█████████▊| 49/50 [39:26<00:50, 50.59s/it][A                 INFO     | >>                            run_libero_eval.py:223
                          Task: pick up the book and                            
                          place it in the back                                  
                          compartment of the caddy                              
                 INFO     | >> Starting episode 50...     run_libero_eval.py:223
05/21 [02:01:09] INFO     | >> Success: True              run_libero_eval.py:223
                 INFO     | >> # episodes completed so    run_libero_eval.py:223
                          far: 300                                              
                 INFO     | >> # successes: 285 (95.0%)   run_libero_eval.py:223


100%|██████████| 50/50 [40:18<00:00, 51.22s/it][A
100%|██████████| 50/50 [40:18<00:00, 48.38s/it]
                 INFO     | >> Current task success rate: run_libero_eval.py:223
                          1.0                                                   
                 INFO     | >> Current total success      run_libero_eval.py:223
                          rate: 0.95                                            

 60%|██████    | 6/10 [8:55:31<5:01:18, 4519.60s/it][Warning]: datasets path /mnt/pfs/scalelab2/liangzhixuan/code/publish-ddpvla/LIBERO/datasets does not exist!
                 INFO     | >> Using default initial      run_libero_eval.py:223
                          states                                                
[Warning]: datasets path /mnt/pfs/scalelab2/liangzhixuan/code/publish-ddpvla/LIBERO/datasets does not exist!


  0%|          | 0/50 [00:00<?, ?it/s][A05/21 [02:01:12] INFO     | >>                            run_libero_eval.py:223
                          Task: put the white mug on the                        
                          plate and put the chocolate                           
                          pudding to the right of the                           
                          plate                                                 
                 INFO     | >> Starting episode 1...      run_libero_eval.py:223
05/21 [02:02:32] INFO     | >> Success: True              run_libero_eval.py:223
                 INFO     | >> # episodes completed so    run_libero_eval.py:223
                          far: 301                                              
                 INFO     | >> # successes: 286 (95.0%)   run_libero_eval.py:223


  2%|▏         | 1/50 [01:20<1:05:40, 80.42s/it][A                 INFO     | >>                            run_libero_eval.py:223
                          Task: put the white mug on the                        
                          plate and put the chocolate                           
                          pudding to the right of the                           
                          plate                                                 
                 INFO     | >> Starting episode 2...      run_libero_eval.py:223
05/21 [02:03:35] INFO     | >> Success: True              run_libero_eval.py:223
                 INFO     | >> # episodes completed so    run_libero_eval.py:223
                          far: 302                                              
                 INFO     | >> # successes: 287 (95.0%)   run_libero_eval.py:223


  4%|▍         | 2/50 [02:23<56:03, 70.08s/it]  [A                 INFO     | >>                            run_libero_eval.py:223
                          Task: put the white mug on the                        
                          plate and put the chocolate                           
                          pudding to the right of the                           
                          plate                                                 
                 INFO     | >> Starting episode 3...      run_libero_eval.py:223
05/21 [02:04:37] INFO     | >> Success: True              run_libero_eval.py:223
                 INFO     | >> # episodes completed so    run_libero_eval.py:223
                          far: 303                                              
                 INFO     | >> # successes: 288 (95.0%)   run_libero_eval.py:223


  6%|▌         | 3/50 [03:24<51:50, 66.18s/it][A                 INFO     | >>                            run_libero_eval.py:223
                          Task: put the white mug on the                        
                          plate and put the chocolate                           
                          pudding to the right of the                           
                          plate                                                 
                 INFO     | >> Starting episode 4...      run_libero_eval.py:223
05/21 [02:05:36] INFO     | >> Success: True              run_libero_eval.py:223
                 INFO     | >> # episodes completed so    run_libero_eval.py:223
                          far: 304                                              
                 INFO     | >> # successes: 289 (95.1%)   run_libero_eval.py:223


  8%|▊         | 4/50 [04:24<48:45, 63.60s/it][A                 INFO     | >>                            run_libero_eval.py:223
                          Task: put the white mug on the                        
                          plate and put the chocolate                           
                          pudding to the right of the                           
                          plate                                                 
                 INFO     | >> Starting episode 5...      run_libero_eval.py:223
05/21 [02:06:32] INFO     | >> Success: True              run_libero_eval.py:223
                 INFO     | >> # episodes completed so    run_libero_eval.py:223
                          far: 305                                              
                 INFO     | >> # successes: 290 (95.1%)   run_libero_eval.py:223


 10%|█         | 5/50 [05:20<45:33, 60.74s/it][A                 INFO     | >>                            run_libero_eval.py:223
                          Task: put the white mug on the                        
                          plate and put the chocolate                           
                          pudding to the right of the                           
                          plate                                                 
                 INFO     | >> Starting episode 6...      run_libero_eval.py:223
05/21 [02:07:32] INFO     | >> Success: True              run_libero_eval.py:223
                 INFO     | >> # episodes completed so    run_libero_eval.py:223
                          far: 306                                              
                 INFO     | >> # successes: 291 (95.1%)   run_libero_eval.py:223


 12%|█▏        | 6/50 [06:20<44:23, 60.53s/it][A                 INFO     | >>                            run_libero_eval.py:223
                          Task: put the white mug on the                        
                          plate and put the chocolate                           
                          pudding to the right of the                           
                          plate                                                 
                 INFO     | >> Starting episode 7...      run_libero_eval.py:223
05/21 [02:08:31] INFO     | >> Success: True              run_libero_eval.py:223
                 INFO     | >> # episodes completed so    run_libero_eval.py:223
                          far: 307                                              
                 INFO     | >> # successes: 292 (95.1%)   run_libero_eval.py:223


 14%|█▍        | 7/50 [07:19<42:59, 59.98s/it][A                 INFO     | >>                            run_libero_eval.py:223
                          Task: put the white mug on the                        
                          plate and put the chocolate                           
                          pudding to the right of the                           
                          plate                                                 
                 INFO     | >> Starting episode 8...      run_libero_eval.py:223
05/21 [02:09:30] INFO     | >> Success: True              run_libero_eval.py:223
                 INFO     | >> # episodes completed so    run_libero_eval.py:223
                          far: 308                                              
                 INFO     | >> # successes: 293 (95.1%)   run_libero_eval.py:223


 16%|█▌        | 8/50 [08:18<41:48, 59.72s/it][A                 INFO     | >>                            run_libero_eval.py:223
                          Task: put the white mug on the                        
                          plate and put the chocolate                           
                          pudding to the right of the                           
                          plate                                                 
                 INFO     | >> Starting episode 9...      run_libero_eval.py:223
05/21 [02:10:48] INFO     | >> Success: True              run_libero_eval.py:223
                 INFO     | >> # episodes completed so    run_libero_eval.py:223
                          far: 309                                              
                 INFO     | >> # successes: 294 (95.1%)   run_libero_eval.py:223


 18%|█▊        | 9/50 [09:35<44:35, 65.26s/it][A                 INFO     | >>                            run_libero_eval.py:223
                          Task: put the white mug on the                        
                          plate and put the chocolate                           
                          pudding to the right of the                           
                          plate                                                 
                 INFO     | >> Starting episode 10...     run_libero_eval.py:223
05/21 [02:12:25] INFO     | >> Success: True              run_libero_eval.py:223
                 INFO     | >> # episodes completed so    run_libero_eval.py:223
                          far: 310                                              
                 INFO     | >> # successes: 295 (95.2%)   run_libero_eval.py:223


 20%|██        | 10/50 [11:13<50:11, 75.29s/it][A                 INFO     | >>                            run_libero_eval.py:223
                          Task: put the white mug on the                        
                          plate and put the chocolate                           
                          pudding to the right of the                           
                          plate                                                 
                 INFO     | >> Starting episode 11...     run_libero_eval.py:223
05/21 [02:13:30] INFO     | >> Success: True              run_libero_eval.py:223
                 INFO     | >> # episodes completed so    run_libero_eval.py:223
                          far: 311                                              
                 INFO     | >> # successes: 296 (95.2%)   run_libero_eval.py:223


 22%|██▏       | 11/50 [12:17<46:45, 71.93s/it][A                 INFO     | >>                            run_libero_eval.py:223
                          Task: put the white mug on the                        
                          plate and put the chocolate                           
                          pudding to the right of the                           
                          plate                                                 
                 INFO     | >> Starting episode 12...     run_libero_eval.py:223
05/21 [02:14:50] INFO     | >> Success: True              run_libero_eval.py:223
                 INFO     | >> # episodes completed so    run_libero_eval.py:223
                          far: 312                                              
                 INFO     | >> # successes: 297 (95.2%)   run_libero_eval.py:223


 24%|██▍       | 12/50 [13:37<47:04, 74.34s/it][A                 INFO     | >>                            run_libero_eval.py:223
                          Task: put the white mug on the                        
                          plate and put the chocolate                           
                          pudding to the right of the                           
                          plate                                                 
                 INFO     | >> Starting episode 13...     run_libero_eval.py:223
05/21 [02:15:48] INFO     | >> Success: True              run_libero_eval.py:223
                 INFO     | >> # episodes completed so    run_libero_eval.py:223
                          far: 313                                              
                 INFO     | >> # successes: 298 (95.2%)   run_libero_eval.py:223


 26%|██▌       | 13/50 [14:36<42:57, 69.66s/it][A                 INFO     | >>                            run_libero_eval.py:223
                          Task: put the white mug on the                        
                          plate and put the chocolate                           
                          pudding to the right of the                           
                          plate                                                 
                 INFO     | >> Starting episode 14...     run_libero_eval.py:223
05/21 [02:16:52] INFO     | >> Success: True              run_libero_eval.py:223
                 INFO     | >> # episodes completed so    run_libero_eval.py:223
                          far: 314                                              
                 INFO     | >> # successes: 299 (95.2%)   run_libero_eval.py:223


 28%|██▊       | 14/50 [15:40<40:44, 67.89s/it][A                 INFO     | >>                            run_libero_eval.py:223
                          Task: put the white mug on the                        
                          plate and put the chocolate                           
                          pudding to the right of the                           
                          plate                                                 
                 INFO     | >> Starting episode 15...     run_libero_eval.py:223
05/21 [02:19:08] INFO     | >> Success: False             run_libero_eval.py:223
                 INFO     | >> # episodes completed so    run_libero_eval.py:223
                          far: 315                                              
                 INFO     | >> # successes: 299 (94.9%)   run_libero_eval.py:223


 30%|███       | 15/50 [17:56<51:36, 88.48s/it][A                 INFO     | >>                            run_libero_eval.py:223
                          Task: put the white mug on the                        
                          plate and put the chocolate                           
                          pudding to the right of the                           
                          plate                                                 
                 INFO     | >> Starting episode 16...     run_libero_eval.py:223
05/21 [02:20:07] INFO     | >> Success: True              run_libero_eval.py:223
                 INFO     | >> # episodes completed so    run_libero_eval.py:223
                          far: 316                                              
                 INFO     | >> # successes: 300 (94.9%)   run_libero_eval.py:223


 32%|███▏      | 16/50 [18:54<45:00, 79.44s/it][A                 INFO     | >>                            run_libero_eval.py:223
                          Task: put the white mug on the                        
                          plate and put the chocolate                           
                          pudding to the right of the                           
                          plate                                                 
                 INFO     | >> Starting episode 17...     run_libero_eval.py:223
05/21 [02:21:10] INFO     | >> Success: True              run_libero_eval.py:223
                 INFO     | >> # episodes completed so    run_libero_eval.py:223
                          far: 317                                              
                 INFO     | >> # successes: 301 (95.0%)   run_libero_eval.py:223


 34%|███▍      | 17/50 [19:58<41:01, 74.60s/it][A                 INFO     | >>                            run_libero_eval.py:223
                          Task: put the white mug on the                        
                          plate and put the chocolate                           
                          pudding to the right of the                           
                          plate                                                 
                 INFO     | >> Starting episode 18...     run_libero_eval.py:223
05/21 [02:22:09] INFO     | >> Success: True              run_libero_eval.py:223
                 INFO     | >> # episodes completed so    run_libero_eval.py:223
                          far: 318                                              
                 INFO     | >> # successes: 302 (95.0%)   run_libero_eval.py:223


 36%|███▌      | 18/50 [20:57<37:19, 69.97s/it][A                 INFO     | >>                            run_libero_eval.py:223
                          Task: put the white mug on the                        
                          plate and put the chocolate                           
                          pudding to the right of the                           
                          plate                                                 
                 INFO     | >> Starting episode 19...     run_libero_eval.py:223
05/21 [02:23:13] INFO     | >> Success: True              run_libero_eval.py:223
                 INFO     | >> # episodes completed so    run_libero_eval.py:223
                          far: 319                                              
                 INFO     | >> # successes: 303 (95.0%)   run_libero_eval.py:223


 38%|███▊      | 19/50 [22:01<35:12, 68.15s/it][A                 INFO     | >>                            run_libero_eval.py:223
                          Task: put the white mug on the                      <home_path>
                          plate and put the chocolate                           
                          pudding to the right of the                           
                         <home_path>                        
                 INFO     | >> Starting episode 20...     run_libero_eval.py:223
05/21 [02:24:13] INFO     | >> Success: True              run_libero_eval.py:223
                 INFO     | >> # episodes completed so    run_libero_eval.py:223
                          far: 320                                              
                 INFO     | >> # successes: 304 (95.0%)   run_libero_eval.py:223


 40%|████      | 20/50 [23:00<32:44, 65.48s/it][A                 INFO     | >>                            run_libero_eval.py:223
                          Task: put the white mug on the                        
                          plate and put the chocolate                           
                          pudding to the right of the                           
                          plate                                                 
                 INFO     | >> Starting episode 21...     run_libero_eval.py:223
05/21 [02:25:14] INFO     | >> Success: True              run_libero_eval.py:223
                 INFO     | >> # episodes completed so    run_libero_eval.py:223
                          far: 321                                              
                 INFO     | >> # successes: 305 (95.0%)   run_libero_eval.py:223


 42%|████▏     | 21/50 [24:02<31:05, 64.32s/it][A                 INFO     | >>                            run_libero_eval.py:223
                          Task: put the white mug on the                        
                          plate and put the chocolate                           
                          pudding to the right of the                           
                          plate                                                 
                 INFO     | >> Starting episode 22...     run_libero_eval.py:223
05/21 [02:26:10] INFO     | >> Success: True              run_libero_eval.py:223
                 INFO     | >> # episodes completed so    run_libero_eval.py:223
                          far: 322                                              
                 INFO     | >> # successes: 306 (95.0%)   run_libero_eval.py:223


 44%|████▍     | 22/50 [24:57<28:45, 61.64s/it][A                 INFO     | >>                            run_libero_eval.py:223
                          Task: put the white mug on the                        
                          plate and put the chocolate                           
                          pudding to the right of the                           
                          plate                                                 
                 INFO     | >> Starting episode 23...     run_libero_eval.py:223
05/21 [02:27:14] INFO     | >> Success: True              run_libero_eval.py:223
                 INFO     | >> # episodes completed so    run_libero_eval.py:223
                          far: 323                                              
                 INFO     | >> # successes: 307 (95.0%)   run_libero_eval.py:223


 46%|████▌     | 23/50 [26:02<28:08, 62.52s/it][A                 INFO     | >>                            run_libero_eval.py:223
                          Task: put the white mug on the                        
                          plate and put the chocolate                           
                          pudding to the right of the                           
                          plate                                                 
                 INFO     | >> Starting episode 24...     run_libero_eval.py:223
05/21 [02:28:28] INFO     | >> Success: True              run_libero_eval.py:223
                 INFO     | >> # episodes completed so    run_libero_eval.py:223
                          far: 324                                              
                 INFO     | >> # successes: 308 (95.1%)   run_libero_eval.py:223


 48%|████▊     | 24/50 [27:15<28:33, 65.89s/it][A                 INFO     | >>                            run_libero_eval.py:223
                          Task: put the white mug on the                        
                          plate and put the chocolate                           
                          pudding to the right of the                           
                          plate                                                 
                 INFO     | >> Starting episode 25...     run_libero_eval.py:223
05/21 [02:29:26] INFO     | >> Success: True              run_libero_eval.py:223
                 INFO     | >> # episodes completed so    run_libero_eval.py:223
                          far: 325                                              
                 INFO     | >> # successes: 309 (95.1%)   run_libero_eval.py:223


 50%|█████     | 25/50 [28:13<26:24, 63.40s/it][A                 INFO     | >>                            run_libero_eval.py:223
                          Task: put the white mug on the                        
                          plate and put the chocolate                           
                          pudding to the right of the                           
                          plate                                                 
                 INFO     | >> Starting episode 26...     run_libero_eval.py:223
05/21 [02:31:41] INFO     | >> Success: False             run_libero_eval.py:223
                 INFO     | >> # episodes completed so    run_libero_eval.py:223
                          far: 326                                              
                 INFO     | >> # successes: 309 (94.8%)   run_libero_eval.py:223


 52%|█████▏    | 26/50 [30:29<34:03, 85.14s/it][A                 INFO     | >>                            run_libero_eval.py:223
                          Task: put the white mug on the                        
                          plate and put the chocolate                           
                          pudding to the right of the                           
                          plate                                                 
                 INFO     | >> Starting episode 27...     run_libero_eval.py:223
05/21 [02:32:38] INFO     | >> Success: True              run_libero_eval.py:223
                 INFO     | >> # episodes completed so    run_libero_eval.py:223
                          far: 327                                              
                 INFO     | >> # successes: 310 (94.8%)   run_libero_eval.py:223


 54%|█████▍    | 27/50 [31:26<29:22, 76.62s/it][A                 INFO     | >>                            run_libero_eval.py:223
                          Task: put the white mug on the                        
                          plate and put the chocolate                           
                          pudding to the right of the                           
                          plate                                                 
                 INFO     | >> Starting episode 28...     run_libero_eval.py:223
05/21 [02:34:51] INFO     | >> Success: False             run_libero_eval.py:223
                 INFO     | >> # episodes completed so    run_libero_eval.py:223
                          far: 328                                              
                 INFO     | >> # successes: 310 (94.5%)   run_libero_eval.py:223


 56%|█████▌    | 28/50 [33:38<34:16, 93.48s/it][A                 INFO     | >>                            run_libero_eval.py:223
                          Task: put the white mug on the                        
                          plate and put the chocolate                           
                          pudding to the right of the                           
                          plate                                                 
                 INFO     | >> Starting episode 29...     run_libero_eval.py:223
05/21 [02:35:50] INFO     | >> Success: True              run_libero_eval.py:223
                 INFO     | >> # episodes completed so    run_libero_eval.py:223
                          far: 329                                              
                 INFO     | >> # successes: 311 (94.5%)   run_libero_eval.py:223


 58%|█████▊    | 29/50 [34:38<29:07, 83.23s/it][A                 INFO     | >>                            run_libero_eval.py:223
                          Task: put the white mug on the                        
                          plate and put the chocolate                           
                          pudding to the right of the                           
                          plate                                                 
                 INFO     | >> Starting episode 30...     run_libero_eval.py:223
05/21 [02:36:45] INFO     | >> Success: True              run_libero_eval.py:223
                 INFO     | >> # episodes completed so    run_libero_eval.py:223
                          far: 330                                              
                 INFO     | >> # successes: 312 (94.5%)   run_libero_eval.py:223


 60%|██████    | 30/50 [35:33<24:53, 74.68s/it][A                 INFO     | >>                            run_libero_eval.py:223
                          Task: put the white mug on the                        
                          plate and put the chocolate                           
                          pudding to the right of the                           
                          plate                                                 
                 INFO     | >> Starting episode 31...     run_libero_eval.py:223
05/21 [02:39:00] INFO     | >> Success: False             run_libero_eval.py:223
                 INFO     | >> # episodes completed so    run_libero_eval.py:223
                          far: 331                                              
                 INFO     | >> # successes: 312 (94.3%)   run_libero_eval.py:223


 62%|██████▏   | 31/50 [37:47<29:20, 92.67s/it][A                 INFO     | >>                            run_libero_eval.py:223
                          Task: put the white mug on the                        
                          plate and put the chocolate                           
                          pudding to the right of the                           
                          plate                                                 
                 INFO     | >> Starting episode 32...     run_libero_eval.py:223
05/21 [02:39:58] INFO     | >> Success: True              run_libero_eval.py:223
                 INFO     | >> # episodes completed so    run_libero_eval.py:223
                          far: 332                                              
                 INFO     | >> # successes: 313 (94.3%)   run_libero_eval.py:223


 64%|██████▍   | 32/50 [38:46<24:43, 82.40s/it][A                 INFO     | >>                            run_libero_eval.py:223
                          Task: put the white mug on the                        
                          plate and put the chocolate                           
                          pudding to the right of the                           
                          plate                                                 
                 INFO     | >> Starting episode 33...     run_libero_eval.py:223
05/21 [02:40:55] INFO     | >> Success: True              run_libero_eval.py:223
                 INFO     | >> # episodes completed so    run_libero_eval.py:223
                          far: 333                                              
                 INFO     | >> # successes: 314 (94.3%)   run_libero_eval.py:223


 66%|██████▌   | 33/50 [39:42<21:09, 74.67s/it][A                 INFO     | >>                            run_libero_eval.py:223
                          Task: put the white mug on the                        
                          plate and put the chocolate                           
                          pudding to the right of the                           
                          plate                                                 
                 INFO     | >> Starting episode 34...     run_libero_eval.py:223
05/21 [02:42:02] INFO     | >> Success: True              run_libero_eval.py:223
                 INFO     | >> # episodes completed so    run_libero_eval.py:223
                          far: 334                                              
                 INFO     | >> # successes: 315 (94.3%)   run_libero_eval.py:223


 68%|██████▊   | 34/50 [40:50<19:20, 72.52s/it][A                 INFO     | >>                            run_libero_eval.py:223
                          Task: put the white mug on the                        
                          plate and put the chocolate                           
                          pudding to the right of the                           
                          plate                                                 
                 INFO     | >> Starting episode 35...     run_libero_eval.py:223
05/21 [02:42:59] INFO     | >> Success: True              run_libero_eval.py:223
                 INFO     | >> # episodes completed so    run_libero_eval.py:223
                          far: 335                                              
                 INFO     | >> # successes: 316 (94.3%)   run_libero_eval.py:223


 70%|███████   | 35/50 [41:46<16:56, 67.75s/it][A                 INFO     | >>                            run_libero_eval.py:223
                          Task: put the white mug on the                        
                          plate and put the chocolate                           
                          pudding to the right of the                           
                          plate                                                 
                 INFO     | >> Starting episode 36...     run_libero_eval.py:223
05/21 [02:44:02] INFO     | >> Success: True              run_libero_eval.py:223
                 INFO     | >> # episodes completed so    run_libero_eval.py:223
                          far: 336                                              
                 INFO     | >> # successes: 317 (94.3%)   run_libero_eval.py:223


 72%|███████▏  | 36/50 [42:49<15:28, 66.36s/it][A                 INFO     | >>                            run_libero_eval.py:223
                          Task: put the white mug on the                        
                          plate and put the chocolate                           
                          pudding to the right of the                           
                          plate                                                 
                 INFO     | >> Starting episode 37...     run_libero_eval.py:223
05/21 [02:45:12] INFO     | >> Success: True              run_libero_eval.py:223
                 INFO     | >> # episodes completed so    run_libero_eval.py:223
                          far: 337                                              
                 INFO     | >> # successes: 318 (94.4%)   run_libero_eval.py:223


 74%|███████▍  | 37/50 [43:59<14:36, 67.42s/it][A                 INFO     | >>                            run_libero_eval.py:223
                          Task: put the white mug on the                        
                          plate and put the chocolate                           
                          pudding to the right of the                           
                          plate                                                 
                 INFO     | >> Starting episode 38...     run_libero_eval.py:223
05/21 [02:46:10] INFO     | >> Success: True              run_libero_eval.py:223
                 INFO     | >> # episodes completed so    run_libero_eval.py:223
                          far: 338                                              
                 INFO     | >> # successes: 319 (94.4%)   run_libero_eval.py:223


 76%|███████▌  | 38/50 [44:57<12:55, 64.63s/it][A                 INFO     | >>                            run_libero_eval.py:223
                          Task: put the white mug on the                        
                          plate and put the chocolate                           
                          pudding to the right of the                           
                          plate                                                 
                 INFO     | >> Starting episode 39...     run_libero_eval.py:223
05/21 [02:47:14] INFO     | >> Success: True              run_libero_eval.py:223
                 INFO     | >> # episodes completed so    run_libero_eval.py:223
                          far: 339                                              
                 INFO     | >> # successes: 320 (94.4%)   run_libero_eval.py:223


 78%|███████▊  | 39/50 [46:02<11:49, 64.52s/it][A                 INFO     | >>                            run_libero_eval.py:223
                          Task: put the white mug on the                        
                          plate and put the chocolate                           
                          pudding to the right of the                           
                          plate                                                 
                 INFO     | >> Starting episode 40...     run_libero_eval.py:223
05/21 [02:48:12] INFO     | >> Success: True              run_libero_eval.py:223
                 INFO     | >> # episodes completed so    run_libero_eval.py:223
                          far: 340                                              
                 INFO     | >> # successes: 321 (94.4%)   run_libero_eval.py:223


 80%|████████  | 40/50 [47:00<10:25, 62.50s/it][A                 INFO     | >>                            run_libero_eval.py:223
                          Task: put the white mug on the                        
                          plate and put the chocolate                           
                          pudding to the right of the                           
                          plate                                                 
                 INFO     | >> Starting episode 41...     run_libero_eval.py:223
05/21 [02:49:10] INFO     | >> Success: True              run_libero_eval.py:223
                 INFO     | >> # episodes completed so    run_libero_eval.py:223
                          far: 341                                              
                 INFO     | >> # successes: 322 (94.4%)   run_libero_eval.py:223


 82%|████████▏ | 41/50 [47:57<09:10, 61.12s/it][A                 INFO     | >>                            run_libero_eval.py:223
                          Task: put the white mug on the                        
                          plate and put the chocolate                           
                          pudding to the right of the                           
                          plate                                                 
                 INFO     | >> Starting episode 42...     run_libero_eval.py:223
05/21 [02:50:10] INFO     | >> Success: True              run_libero_eval.py:223
                 INFO     | >> # episodes completed so    run_libero_eval.py:223
                          far: 342                                              
                 INFO     | >> # successes: 323 (94.4%)   run_libero_eval.py:223


 84%|████████▍ | 42/50 [48:58<08:07, 60.88s/it][A                 INFO     | >>                            run_libero_eval.py:223
                          Task: put the white mug on the                        
                          plate and put the chocolate                           
                          pudding to the right of the                           
                          plate                                                 
                 INFO     | >> Starting episode 43...     run_libero_eval.py:223
05/21 [02:51:07] INFO     | >> Success: True              run_libero_eval.py:223
                 INFO     | >> # episodes completed so    run_libero_eval.py:223
                          far: 343                                              
                 INFO     | >> # successes: 324 (94.5%)   run_libero_eval.py:223


 86%|████████▌ | 43/50 [49:55<06:58, 59.78s/it][A                 INFO     | >>                            run_libero_eval.py:223
                          Task: put the white mug on the                        
                          plate and put the chocolate                           
                          pudding to the right of the                           
                          plate                                                 
                 INFO     | >> Starting episode 44...     run_libero_eval.py:223
05/21 [02:52:15] INFO     | >> Success: True              run_libero_eval.py:223
                 INFO     | >> # episodes completed so    run_libero_eval.py:223
                          far: 344                                              
                 INFO     | >> # successes: 325 (94.5%)   run_libero_eval.py:223


 88%|████████▊ | 44/50 [51:03<06:13, 62.25s/it][A                 INFO     | >>                            run_libero_eval.py:223
                          Task: put the white mug on the                        
                          plate and put the chocolate                           
                          pudding to the right of the                           
                          plate                                                 
                 INFO     | >> Starting episode 45...     run_libero_eval.py:223
05/21 [02:53:16] INFO     | >> Success: True              run_libero_eval.py:223
                 INFO     | >> # episodes completed so    run_libero_eval.py:223
                          far: 345                                              
                 INFO     | >> # successes: 326 (94.5%)   run_libero_eval.py:223


 90%|█████████ | 45/50 [52:03<05:08, 61.72s/it][A                 INFO     | >>                            run_libero_eval.py:223
                          Task: put the white mug on the                        
                          plate and put the chocolate                           
                          pudding to the right of the                           
                          plate                                                 
                 INFO     | >> Starting episode 46...     run_libero_eval.py:223
05/21 [02:54:14] INFO     | >> Success: True              run_libero_eval.py:223
                 INFO     | >> # episodes completed so    run_libero_eval.py:223
                          far: 346                                              
                 INFO     | >> # successes: 327 (94.5%)   run_libero_eval.py:223


 92%|█████████▏| 46/50 [53:02<04:02, 60.72s/it][A                 INFO     | >>                            run_libero_eval.py:223
                          Task: put the white mug on the                        
                          plate and put the chocolate                           
                          pudding to the right of the                           
                          plate                                                 
                 INFO     | >> Starting episode 47...     run_libero_eval.py:223
05/21 [02:55:23] INFO     | >> Success: True              run_libero_eval.py:223
                 INFO     | >> # episodes completed so    run_libero_eval.py:223
                          far: 347                                              
                 INFO     | >> # successes: 328 (94.5%)   run_libero_eval.py:223


 94%|█████████▍| 47/50 [54:11<03:09, 63.13s/it][A                 INFO     | >>                            run_libero_eval.py:223
                          Task: put the white mug on the                        
                          plate and put the chocolate                           
                          pudding to the right of the                           
                          plate                                                 
                 INFO     | >> Starting episode 48...     run_libero_eval.py:223
05/21 [02:56:23] INFO     | >> Success: True              run_libero_eval.py:223
                 INFO     | >> # episodes completed so    run_libero_eval.py:223
                          far: 348                                              
                 INFO     | >> # successes: 329 (94.5%)   run_libero_eval.py:223


 96%|█████████▌| 48/50 [55:11<02:04, 62.21s/it][A                 INFO     | >>                            run_libero_eval.py:223
                          Task: put the white mug on the                        
                          plate and put the chocolate                           
                          pudding to the right of the                           
                          plate                                                 
                 INFO     | >> Starting episode 49...     run_libero_eval.py:223
05/21 [02:57:24] INFO     | >> Success: True              run_libero_eval.py:223
                 INFO     | >> # episodes completed so    run_libero_eval.py:223
                          far: 349                                              
                 INFO     | >> # successes: 330 (94.6%)   run_libero_eval.py:223


 98%|█████████▊| 49/50 [56:11<01:01, 61.70s/it][A                 INFO     | >>                            run_libero_eval.py:223
                          Task: put the white mug on the                        
                          plate and put the chocolate                           
                          pudding to the right of the                           
                          plate                                                 
                 INFO     | >> Starting episode 50...     run_libero_eval.py:223
05/21 [02:58:18] INFO     | >> Success: True              run_libero_eval.py:223
                 INFO     | >> # episodes completed so    run_libero_eval.py:223
                          far: 350                                              
                 INFO     | >> # successes: 331 (94.6%)   run_libero_eval.py:223


100%|██████████| 50/50 [57:06<00:00, 59.52s/it][A
100%|██████████| 50/50 [57:06<00:00, 68.52s/it]
                 INFO     | >> Current task success rate: run_libero_eval.py:223
                          0.92                                                  
                 INFO     | >> Current total success      run_libero_eval.py:223
                          rate: 0.9457142857142857                              

 70%|███████   | 7/10 [9:52:40<3:28:09, 4163.09s/it][Warning]: datasets path /mnt/pfs/scalelab2/liangzhixuan/code/publish-ddpvla/LIBERO/datasets does not exist!
                 INFO     | >> Using default initial      run_libero_eval.py:223
                          states                                                
[Warning]: datasets path /mnt/pfs/scalelab2/liangzhixuan/code/publish-ddpvla/LIBERO/datasets does not exist!


  0%|          | 0/50 [00:00<?, ?it/s][A05/21 [02:58:19] INFO     | >>                            run_libero_eval.py:223
                          Task: put both the alphabet                           
                          soup and the cream cheese box                         
                          in the basket                                         
                 INFO     | >> Starting episode 1...      run_libero_eval.py:223
05/21 [02:59:25] INFO     | >> Success: True              run_libero_eval.py:223
                 INFO     | >> # episodes completed so    run_libero_eval.py:223
                          far: 351                                              
                 INFO     | >> # successes: 332 (94.6%)   run_libero_eval.py:223


  2%|▏         | 1/50 [01:05<53:27, 65.45s/it][A                 INFO     | >>                            run_libero_eval.py:223
                          Task: put both the alphabet                           
                          soup and the cream cheese box                         
                          in the basket                                         
                 INFO     | >> Starting episode 2...      run_libero_eval.py:223
05/21 [03:00:37] INFO     | >> Success: True              run_libero_eval.py:223
                 INFO     | >> # episodes completed so    run_libero_eval.py:223
                          far: 352                                              
05/21 [03:00:38] INFO     | >> # successes: 333 (94.6%)   run_libero_eval.py:223


  4%|▍         | 2/50 [02:18<55:43, 69.66s/it][A                 INFO     | >>                            run_libero_eval.py:223
                          Task: put both the alphabet                           
                          soup and the cream cheese box                         
                          in the basket                                         
                 INFO     | >> Starting episode 3...      run_libero_eval.py:223
05/21 [03:01:41] INFO     | >> Success: True              run_libero_eval.py:223
                 INFO     | >> # episodes completed so    run_libero_eval.py:223
                          far: 353                                              
                 INFO     | >> # successes: 334 (94.6%)   run_libero_eval.py:223


  6%|▌         | 3/50 [03:21<52:14, 66.69s/it][A                 INFO     | >>                            run_libero_eval.py:223
                          Task: put both the alphabet                           
                          soup and the cream cheese box                         
                          in the basket                                         
                 INFO     | >> Starting episode 4...      run_libero_eval.py:223
05/21 [03:02:43] INFO     | >> Success: True              run_libero_eval.py:223
                 INFO     | >> # episodes completed so    run_libero_eval.py:223
                          far: 354                                              
                 INFO     | >> # successes: 335 (94.6%)   run_libero_eval.py:223


  8%|▊         | 4/50 [04:23<49:55, 65.13s/it][A                 INFO     | >>                            run_libero_eval.py:223
                          Task: put both the alphabet                           
                          soup and the cream cheese box                         
                          in the basket                                         
                 INFO     | >> Starting episode 5...      run_libero_eval.py:223
05/21 [03:03:57] INFO     | >> Success: True              run_libero_eval.py:223
                 INFO     | >> # episodes completed so    run_libero_eval.py:223
                          far: 355                                              
                 INFO     | >> # successes: 336 (94.6%)   run_libero_eval.py:223


 10%|█         | 5/50 [05:37<51:10, 68.24s/it][A                 INFO     | >>                            run_libero_eval.py:223
                          Task: put both the alphabet                           
                          soup and the cream cheese box                         
                          in the basket                                         
                 INFO     | >> Starting episode 6...      run_libero_eval.py:223
05/21 [03:05:11] INFO     | >> Success: True              run_libero_eval.py:223
                 INFO     | >> # episodes completed so    run_libero_eval.py:223
                          far: 356                                              
                 INFO     | >> # successes: 337 (94.7%)   run_libero_eval.py:223


 12%|█▏        | 6/50 [06:51<51:22, 70.05s/it][A                 INFO     | >>                            run_libero_eval.py:223
                          Task: put both the alphabet                           
                          soup and the cream cheese box                         
                          in the basket                                         
                 INFO     | >> Starting episode 7...      run_libero_eval.py:223
05/21 [03:06:16] INFO     | >> Success: True              run_libero_eval.py:223
                 INFO     | >> # episodes completed so    run_libero_eval.py:223
                          far: 357                                              
                 INFO     | >> # successes: 338 (94.7%)   run_libero_eval.py:223


 14%|█▍        | 7/50 [07:56<49:07, 68.55s/it][A                 INFO     | >>                            run_libero_eval.py:223
                          Task: put both the alphabet                           
                          soup and the cream cheese box                         
                          in the basket                                         
                 INFO     | >> Starting episode 8...      run_libero_eval.py:223
05/21 [03:07:14] INFO     | >> Success: True              run_libero_eval.py:223
                 INFO     | >> # episodes completed so    run_libero_eval.py:223
                          far: 358                                              
                 INFO     | >> # successes: 339 (94.7%)   run_libero_eval.py:223


 16%|█▌        | 8/50 [08:54<45:38, 65.20s/it][A                 INFO     | >>                            run_libero_eval.py:223
                          Task: put both the alphabet                           
                          soup and the cream cheese box                         
                          in the basket                                         
                 INFO     | >> Starting episode 9...      run_libero_eval.py:223
05/21 [03:08:20] INFO     | >> Success: True              run_libero_eval.py:223
                 INFO     | >> # episodes completed so    run_libero_eval.py:223
                          far: 359                                              
                 INFO     | >> # successes: 340 (94.7%)   run_libero_eval.py:223


 18%|█▊        | 9/50 [10:00<44:45, 65.50s/it][A                 INFO     | >>                            run_libero_eval.py:223
                          Task: put both the alphabet                           
                          soup and the cream cheese box                         
                          in the basket                                         
                 INFO     | >> Starting episode 10...     run_libero_eval.py:223
05/21 [03:09:23] INFO     | >> Success: True              run_libero_eval.py:223
                 INFO     | >> # episodes completed so    run_libero_eval.py:223
                          far: 360                                              
                 INFO     | >> # successes: 341 (94.7%)   run_libero_eval.py:223


 20%|██        | 10/50 [11:03<42:58, 64.46s/it][A                 INFO     | >>                            run_libero_eval.py:223
                          Task: put both the alphabet                           
                          soup and the cream cheese box                         
                          in the basket                                         
                 INFO     | >> Starting episode 11...     run_libero_eval.py:223
05/21 [03:10:42] INFO     | >> Success: True              run_libero_eval.py:223
                 INFO     | >> # episodes completed so    run_libero_eval.py:223
                          far: 361                                              
                 INFO     | >> # successes: 342 (94.7%)   run_libero_eval.py:223


 22%|██▏       | 11/50 [12:22<44:49, 68.96s/it][A                 INFO     | >>                            run_libero_eval.py:223
                          Task: put both the alphabet                           
                          soup and the cream cheese box                         
                          in the basket                                         
                 INFO     | >> Starting episode 12...     run_libero_eval.py:223
05/21 [03:11:51] INFO     | >> Success: True              run_libero_eval.py:22<home_path>
                 INFO     | >> # episodes completed so    run_libero_eval.py:223
                          far: 362                                              
                 INFO    <home_path>  run_libero_eval.py:223


 24%|██▍       | 12/50 [13:31<43:47, 69.14s/it][A                 INFO     | >>                            run_libero_eval.py:223
                          Task: put both the alphabet                           
                          soup and the cream cheese box                         
                          in the basket                                         
                 INFO     | >> Starting episode 13...     run_libero_eval.py:223
05/21 [03:12:59] INFO     | >> Success: True              run_libero_eval.py:223
                 INFO     | >> # episodes completed so    run_libero_eval.py:223
                          far: 363                                              
                 INFO     | >> # successes: 344 (94.8%)   run_libero_eval.py:223


 26%|██▌       | 13/50 [14:39<42:21, 68.69s/it][A                 INFO     | >>                            run_libero_eval.py:223
                          Task: put both the alphabet                           
                          soup and the cream cheese box                         
                          in the basket                                         
                 INFO     | >> Starting episode 14...     run_libero_eval.py:223
05/21 [03:14:02] INFO     | >> Success: True              run_libero_eval.py:223
                 INFO     | >> # episodes completed so    run_libero_eval.py:223
                          far: 364                                              
                 INFO     | >> # successes: 345 (94.8%)   run_libero_eval.py:223


 28%|██▊       | 14/50 [15:42<40:13, 67.05s/it][A                 INFO     | >>                            run_libero_eval.py:223
                          Task: put both the alphabet                           
                          soup and the cream cheese box                         
                          in the basket                                         
                 INFO     | >> Starting episode 15...     run_libero_eval.py:223
05/21 [03:15:12] INFO     | >> Success: True              run_libero_eval.py:223
                 INFO     | >> # episodes completed so    run_libero_eval.py:223
                          far: 365                                              
                 INFO     | >> # successes: 346 (94.8%)   run_libero_eval.py:223


 30%|███       | 15/50 [16:52<39:40, 68.01s/it][A                 INFO     | >>                            run_libero_eval.py:223
                          Task: put both the alphabet                           
                          soup and the cream cheese box                         
                          in the basket                                         
                 INFO     | >> Starting episode 16...     run_libero_eval.py:223
05/21 [03:16:18] INFO     | >> Success: True              run_libero_eval.py:223
                 INFO     | >> # episodes completed so    run_libero_eval.py:223
                          far: 366                                              
                 INFO     | >> # successes: 347 (94.8%)   run_libero_eval.py:223


 32%|███▏      | 16/50 [17:58<38:06, 67.26s/it][A                 INFO     | >>                            run_libero_eval.py:223
                          Task: put both the alphabet                           
                          soup and the cream cheese box                         
                          in the basket                                         
                 INFO     | >> Starting episode 17...     run_libero_eval.py:223
05/21 [03:17:25] INFO     | >> Success: True              run_libero_eval.py:223
                 INFO     | >> # episodes completed so    run_libero_eval.py:223
                          far: 367                                              
                 INFO     | >> # successes: 348 (94.8%)   run_libero_eval.py:223


 34%|███▍      | 17/50 [19:05<37:01, 67.32s/it][A                 INFO     | >>                            run_libero_eval.py:223
                          Task: put both the alphabet                           
                          soup and the cream cheese box                         
                          in the basket                                         
                 INFO     | >> Starting episode 18...     run_libero_eval.py:223
05/21 [03:18:28] INFO     | >> Success: True              run_libero_eval.py:223
                 INFO     | >> # episodes completed so    run_libero_eval.py:223
                          far: 368                                              
                 INFO     | >> # successes: 349 (94.8%)   run_libero_eval.py:223


 36%|███▌      | 18/50 [20:08<35:06, 65.82s/it][A                 INFO     | >>                            run_libero_eval.py:223
                          Task: put both the alphabet                           
                          soup and the cream cheese box                         
                          in the basket                                         
                 INFO     | >> Starting episode 19...     run_libero_eval.py:223
05/21 [03:19:43] INFO     | >> Success: True              run_libero_eval.py:223
                 INFO     | >> # episodes completed so    run_libero_eval.py:223
                          far: 369                                              
                 INFO     | >> # successes: 350 (94.9%)   run_libero_eval.py:223


 38%|███▊      | 19/50 [21:23<35:27, 68.62s/it][A                 INFO     | >>                            run_libero_eval.py:223
                          Task: put both the alphabet                           
                          soup and the cream cheese box                         
                          in the basket                                         
                 INFO     | >> Starting episode 20...     run_libero_eval.py:223
05/21 [03:20:53] INFO     | >> Success: True              run_libero_eval.py:223
                 INFO     | >> # episodes completed so    run_libero_eval.py:223
                          far: 370                                              
                 INFO     | >> # successes: 351 (94.9%)   run_libero_eval.py:223


 40%|████      | 20/50 [22:33<34:31, 69.06s/it][A                 INFO     | >>                            run_libero_eval.py:223
                          Task: put both the alphabet                           
                          soup and the cream cheese box                         
                          in the basket                                         
                 INFO     | >> Starting episode 21...     run_libero_eval.py:223
05/21 [03:22:00] INFO     | >> Success: True              run_libero_eval.py:223
                 INFO     | >> # episodes completed so    run_libero_eval.py:223
                          far: 371                                              
                 INFO     | >> # successes: 352 (94.9%)   run_libero_eval.py:223


 42%|████▏     | 21/50 [23:40<33:04, 68.43s/it][A                 INFO     | >>                            run_libero_eval.py:223
                          Task: put both the alphabet                           
                          soup and the cream cheese box                         
                          in the basket                                         
                 INFO     | >> Starting episode 22...     run_libero_eval.py:223
05/21 [03:23:15] INFO     | >> Success: True              run_libero_eval.py:223
                 INFO     | >> # episodes completed so    run_libero_eval.py:223
                          far: 372                                              
                 INFO     | >> # successes: 353 (94.9%)   run_libero_eval.py:223


 44%|████▍     | 22/50 [24:55<32:55, 70.56s/it][A                 INFO     | >>                            run_libero_eval.py:223
                          Task: put both the alphabet                           
                          soup and the cream cheese box                         
                          in the basket                                         
                 INFO     | >> Starting episode 23...     run_libero_eval.py:223
05/21 [03:24:21] INFO     | >> Success: True              run_libero_eval.py:223
                 INFO     | >> # episodes completed so    run_libero_eval.py:223
                          far: 373                                              
                 INFO     | >> # successes: 354 (94.9%)   run_libero_eval.py:223


 46%|████▌     | 23/50 [26:01<31:03, 69.01s/it][A                 INFO     | >>                            run_libero_eval.py:223
                          Task: put both the alphabet                           
                          soup and the cream cheese box                         
                          in the basket                                         
                 INFO     | >> Starting episode 24...     run_libero_eval.py:223
05/21 [03:25:28] INFO     | >> Success: True              run_libero_eval.py:223
                 INFO     | >> # episodes completed so    run_libero_eval.py:223
                          far: 374                                              
                 INFO     | >> # successes: 355 (94.9%)   run_libero_eval.py:223


 48%|████▊     | 24/50 [27:08<29:40, 68.48s/it][A                 INFO     | >>                            run_libero_eval.py:223
                          Task: put both the alphabet                           
                          soup and the cream cheese box                         
                          in the basket                                         
                 INFO     | >> Starting episode 25...     run_libero_eval.py:223
05/21 [03:26:29] INFO     | >> Success: True              run_libero_eval.py:223
                 INFO     | >> # episodes completed so    run_libero_eval.py:223
                          far: 375                                              
                 INFO     | >> # successes: 356 (94.9%)   run_libero_eval.py:223


 50%|█████     | 25/50 [28:09<27:36, 66.25s/it][A                 INFO     | >>                            run_libero_eval.py:223
                          Task: put both the alphabet                           
                          soup and the cream cheese box                         
                          in the basket                                         
                 INFO     | >> Starting episode 26...     run_libero_eval.py:223
05/21 [03:27:38] INFO     | >> Success: True              run_libero_eval.py:223
                 INFO     | >> # episodes completed so    run_libero_eval.py:223
                          far: 376                                              
                 INFO     | >> # successes: 357 (94.9%)   run_libero_eval.py:223


 52%|█████▏    | 26/50 [29:18<26:47, 66.98s/it][A                 INFO     | >>                            run_libero_eval.py:223
                          Task: put both the alphabet                           
                          soup and the cream cheese box                         
                          in the basket                                         
                 INFO     | >> Starting episode 27...     run_libero_eval.py:223
05/21 [03:28:55] INFO     | >> Success: True              run_libero_eval.py:223
                 INFO     | >> # episodes completed so    run_libero_eval.py:223
                          far: 377                                              
                 INFO     | >> # successes: 358 (95.0%)   run_libero_eval.py:223


 54%|█████▍    | 27/50 [30:35<26:52, 70.09s/it][A                 INFO     | >>                            run_libero_eval.py:223
                          Task: put both the alphabet                           
                          soup and the cream cheese box                         
                          in the basket                                         
                 INFO     | >> Starting episode 28...     run_libero_eval.py:223
05/21 [03:30:03] INFO     | >> Success: True              run_libero_eval.py:223
                 INFO     | >> # episodes completed so    run_libero_eval.py:223
                          far: 378                                              
                 INFO     | >> # successes: 359 (95.0%)   run_libero_eval.py:223


 56%|█████▌    | 28/50 [31:43<25:27, 69.43s/it][A                 INFO     | >>                            run_libero_eval.py:223
                          Task: put both the alphabet                           
                          soup and the cream cheese box                         
                          in the basket                                         
                 INFO     | >> Starting episode 29...     run_libero_eval.py:223
05/21 [03:31:14] INFO     | >> Success: True              run_libero_eval.py:223
                 INFO     | >> # episodes completed so    run_libero_eval.py:223
                          far: 379                                              
                 INFO     | >> # successes: 360 (95.0%)   run_libero_eval.py:223


 58%|█████▊    | 29/50 [32:54<24:25, 69.78s/it][A                 INFO     | >>                            run_libero_eval.py:223
                          Task: put both the alphabet                           
                          soup and the cream cheese box                         
                          in the basket                                         
                 INFO     | >> Starting episode 30...     run_libero_eval.py:223
05/21 [03:32:10] INFO     | >> Success: True              run_libero_eval.py:223
                 INFO     | >> # episodes completed so    run_libero_eval.py:223
                          far: 380                                              
                 INFO     | >> # successes: 361 (95.0%)   run_libero_eval.py:223


 60%|██████    | 30/50 [33:51<21:58, 65.92s/it][A                 INFO     | >>                            run_libero_eval.py:223
                          Task: put both the alphabet                           
                          soup and the cream cheese box                         
                          in the basket                                         
                 INFO     | >> Starting episode 31...     run_libero_eval.py:223
05/21 [03:33:30] INFO     | >> Success: True              run_libero_eval.py:223
                 INFO     | >> # episodes completed so    run_libero_eval.py:223
                          far: 381                                              
                 INFO     | >> # successes: 362 (95.0%)   run_libero_eval.py:223


 62%|██████▏   | 31/50 [35:10<22:10, 70.01s/it][A                 INFO     | >>                            run_libero_eval.py:223
                          Task: put both the alphabet                           
                          soup and the cream cheese box                         
                          in the basket                                         
                 INFO     | >> Starting episode 32...     run_libero_eval.py:223
05/21 [03:34:34] INFO     | >> Success: True              run_libero_eval.py:223
                 INFO     | >> # episodes completed so    run_libero_eval.py:223
                          far: 382                                              
                 INFO     | >> # successes: 363 (95.0%)   run_libero_eval.py:223


 64%|██████▍   | 32/50 [36:14<20:29, 68.31s/it][A                 INFO     | >>                            run_libero_eval.py:223
                          Task: put both the alphabet                           
                          soup and the cream cheese box                         
                          in the basket                                         
                 INFO     | >> Starting episode 33...     run_libero_eval.py:223
05/21 [03:35:44] INFO     | >> Success: True              run_libero_eval.py:223
                 INFO     | >> # episodes completed so    run_libero_eval.py:223
                          far: 383                                              
                 INFO     | >> # successes: 364 (95.0%)   run_libero_eval.py:223


 66%|██████▌   | 33/50 [37:25<19:30, 68.84s/it][A                 INFO     | >>                            run_libero_eval.py:223
                          Task: put both the alphabet                           
                          soup and the cream cheese box                         
                          in the basket                                         
                 INFO     | >> Starting episode 34...     run_libero_eval.py:223
05/21 [03:36:52] INFO     | >> Success: True              run_libero_eval.py:223
                 INFO     | >> # episodes completed so    run_libero_eval.py:223
                          far: 384                                              
                 INFO     | >> # successes: 365 (95.1%)   run_libero_eval.py:223


 68%|██████▊   | 34/50 [38:32<18:13, 68.34s/it][A                 INFO     | >>                            run_libero_eval.py:223
                          Task: put both the alphabet                           
                          soup and the cream cheese box                         
                          in the basket                                         
                 INFO     | >> Starting episode 35...     run_libero_eval.py:223
05/21 [03:38:03] INFO     | >> Success: True              run_libero_eval.py:223
                 INFO     | >> # episodes completed so    run_libero_eval.py:223
                          far: 385                                              
                 INFO     | >> # successes: 366 (95.1%)   run_libero_eval.py:223


 70%|███████   | 35/50 [39:44<17:20, 69.39s/it][A                 INFO     | >>                            run_libero_eval.py:223
                          Task: put both the alphabet                           
                          soup and the cream cheese box                         
                          in the basket                                         
                 INFO     | >> Starting episode 36...     run_libero_eval.py:223
05/21 [03:39:12] INFO     | >> Success: True              run_libero_eval.py:223
                 INFO     | >> # episodes completed so    run_libero_eval.py:223
                          far: 386                                              
                 INFO     | >> # successes: 367 (95.1%)   run_libero_eval.py:223


 72%|███████▏  | 36/50 [40:53<16:09, 69.28s/it][A                 INFO     | >>                            run_libero_eval.py:223
                          Task: put both the alphabet                           
                          soup and the cream cheese box                         
                          in the basket                                         
                 INFO     | >> Starting episode 37...     run_libero_eval.py:223
05/21 [03:40:14] INFO     | >> Success: True              run_libero_eval.py:223
                 INFO     | >> # episodes completed so    run_libero_eval.py:223
                          far: 387                                              
                 INFO     | >> # successes: 368 (95.1%)   run_libero_eval.py:223


 74%|███████▍  | 37/50 [41:54<14:30, 66.98s/it][A                 INFO     | >>                            run_libero_eval.py:223
                          Task: put both the alphabet                           
                          soup and the cream cheese box                         
                          in the basket                                         
                 INFO     | >> Starting episode 38...     run_libero_eval.py:223
05/21 [03:41:24] INFO     | >> Success: True              run_libero_eval.py:223
                 INFO     | >> # episodes completed so    run_libero_eval.py:223
                          far: 388                                              
                 INFO     | >> # successes: 369 (95.1%)   run_libero_eval.py:223


 76%|███████▌  | 38/50 [43:04<13:33, 67.79s/it][A                 INFO     | >>                            run_libero_eval.py:223
                          Task: put both the alphabet                           
                          soup and the cream cheese box                         
                          in the basket                                         
                 INFO     | >> Starting episode 39...     run_libero_eval.py:223
05/21 [03:42:43] INFO     | >> Success: True              run_libero_eval.py:223
                 INFO     | >> # episodes completed so    run_libero_eval.py:223
                          far: 389                                              
                 INFO     | >> # successes: 370 (95.1%)   run_libero_eval.py:223


 78%|███████▊  | 39/50 [44:23<13:04, 71.35s/it][A                 INFO     | >>                            run_libero_eval.py:223
                          Task: put both the alphabet                           
                          soup and the cream cheese box                         
                          in the basket                                         
                 INFO     | >> Starting episode 40...     run_libero_eval.py:223
05/21 [03:43:53] INFO     | >> Success: True              run_libero_eval.py:223
                 INFO     | >> # episodes completed so    run_libero_eval.py:223
                          far: 390                                              
                 INFO     | >> # successes: 371 (95.1%)   run_libero_eval.py:223


 80%|████████  | 40/50 [45:33<11:48, 70.85s/it][A                 INFO     | >>                            run_libero_eval.py:223
                          Task: put both the alphabet                           
                          soup and the cream cheese box                         
                          in the basket                                         
                 INFO     | >> Starting episode 41...     run_libero_eval.py:223
05/21 [03:45:34] INFO     | >> Success: True              run_libero_eval.py:223
                 INFO     | >> # episodes completed so    run_libero_eval.py:223
                          far: 391                                              
                 INFO     | >> # successes: 372 (95.1%)   run_libero_eval.py:223


 82%|████████▏ | 41/50 [47:14<11:59, 79.89s/it][A                 INFO     | >>                            run_libero_eval.py:223
                          Task: put both the alphabet                           
                          soup and the cream cheese box                         
                          in the basket                                         
                 INFO     | >> Starting episode 42...     run_libero_eval.py:223
05/21 [03:46:38] INFO     | >> Success: True              run_libero_eval.py:223
                 INFO     | >> # episodes completed so    run_libero_eval.py:223
                          far: 392                                              
                 INFO     | >> # successes: 373 (95.2%)   run_libero_eval.py:223


 84%|████████▍ | 42/50 [48:18<10:01, 75.16s/it][A                 INFO     | >>                            run_libero_eval.py:223
                          Task: put both the alphabet                           
                          soup and the cream cheese box                         
                          in the basket                                         
                 INFO     | >> Starting episode 43...     run_libero_eval.py:223
05/21 [03:47:42] INFO     | >> Success: True              run_libero_eval.py:223
                 INFO     | >> # episodes completed so    run_libero_eval.py:223
                          far: 393                                              
                 INFO     | >> # successes: 374 (95.2%)   run_libero_eval.py:223


 86%|████████▌ | 43/50 [49:22<08:22, 71.76s/it][A                 INFO     | >>                            run_libero_eval.py:223
                          Task: put both the alphabet                           
                          soup and the cream cheese box                         
                          in the basket                                         
                 INFO     | >> Starting episode 44...     run_libero_eval.py:223
05/21 [03:49:03] INFO     | >> Success: True              run_libero_eval.py:223
                 INFO     | >> # episodes completed so    run_libero_eval.py:223
                          far: 394                                              
                 INFO     | >> # successes: 375 (95.2%)   run_libero_eval.py:223


 88%|████████▊ | 44/50 [50:43<07:27, 74.57s/it][A                 INFO     | >>                            run_libero_eval.py:223
                          Task: put both the alphabet                           
                          soup and the cream cheese box                         
                          in the basket                                         
                 INFO     | >> Starting episode 45...     run_libero_eval.py:223
05/21 [03:50:09] INFO     | >> Success: True              run_libero_eval.py:223
                 INFO     | >> # episodes completed so    run_libero_eval.py:223
                          far: 395                                              
                 INFO     | >> # successes: 376 (95.2%)   run_libero_eval.py:223


 90%|█████████ | 45/50 [51:50<06:00, 72.09s/it][A                 INFO     | >>                            run_libero_eval.py:223
                          Task: put both the alphabet                           
                          soup and the cream cheese box                         
                          in the basket                                         
05/21 [03:50:10] INFO     | >> Starting episode 46...     run_libero_eval.py:223
05/21 [03:51:14] INFO     | >> Success: True              run_libero_eval.py:223
                 INFO     | >> # episodes completed so    run_libero_eval.py:223
                          far: 396                                              
                 INFO     | >> # successes: 377 (95.2%)   run_libero_eval.py:223


 92%|█████████▏| 46/50 [52:54<04:39, 69.80s/it][A                 INFO     | >>                            run_libero_eval.py:223
                          Task: put both the alphabet                           
                          soup and the cream cheese box                         
                          in the basket                                         
                 INFO     | >> Starting episode 47...     run_libero_eval.py:223
05/21 [03:52:17] INFO     | >> Success: True              run_libero_eval.py:223
                 INFO     | >> # episodes completed so    run_libero_eval.py:223
                          far: 397                                              
                 INFO     | >> # successes: 378 (95.2%)   run_libero_eval.py:223


 94%|█████████▍| 47/50 [53:57<03:23, 67.80s/it][A                 INFO     | >>                            run_libero_eval.py:223
                          Task: put both the alphabet                           
                          soup and the cream cheese box                         
                          in the basket                                         
                 INFO     | >> Starting episode 48...     run_libero_eval.py:223
05/21 [03:53:28] INFO     | >> Success: True              run_libero_eval.py:223
                 INFO     | >> # episodes completed so    run_libero_eval.py:223
                          far: 398                                              
                 INFO     | >> # successes: 379 (95.2%)   run_libero_eval.py:223


 96%|█████████▌| 48/50 [55:08<02:17, 68.71s/it][A                 INFO     | >>                            run_libero_eval.py:223
                          Task: put both the alphabet                           
                          soup and the cream cheese box                         
                          in the basket                                         
                 INFO     | >> Starting episode 49...     run_libero_eval.py:223
05/21 [03:54:30] INFO     | >> Success: True              run_libero_eval.py:223
                 INFO     | >> # episodes completed so    run_libero_eval.py:223
                          far: 399                                              
                 INFO     | >> # successes: 380 (95.2%)   run_libero_eval.py:223


 98%|█████████▊| 49/50 [56:10<01:06, 66.59s/it][A                 INFO     | >>                            run_libero_eval.py:223
                          Task: put both the alphabet                           
                          soup and the cream cheese box                         
                          in the basket                                         
                 INFO     | >> Starting episode 50...     run_libero_eval.py:223
05/21 [03:55:28] INFO     | >> Success: True              run_libero_eval.py:223
                 INFO     | >> # episodes completed so    run_libero_eval.py:223
                          far: 400                                              
                 INFO     | >> # successes: 381 (95.2%)   run_libero_eval.py:223


100%|██████████| 50/50 [57:08<00:00, 64.20s/it][A
100%|██████████| 50/50 [57:08<00:00, 68.57s/it]
                 INFO     | >> Current task success rate: run_libero_eval.py:223
                          1.0                                                   
                 INFO     | >> Current total success      run_libero_eval.py:223
                          rate: 0.9525                                          

 80%|████████  | 8/10 [10:49:50<2:10:59, 3929.73s/it][Warning]: datasets path /mnt/pfs/scalelab2/liangzhixuan/code/publish-ddpvla/LIBERO/datasets does not exist!
                 INFO     | >> Using default initial      run_libero_eval.py:223
                          states                                                
[Warning]: datasets path /mnt/pfs/scalelab2/liangzhixuan/code/publish-ddpvla/LIBERO/datasets does not exist!


  0%|          | 0/50 [00:00<?, ?it/s][A05/21 [03:55:29] INFO     | >>                            run_libero_eval.py:223
                          Task: put both moka pots on the                       
                          stove                                                 
                 INFO     | >> Starting episode 1...      run_libero_eval.py:223
05/21 [03:57:29] INFO     | >> Success: True              run_libero_eval.py:223
                 INFO     | >> # episodes completed so    run_libero_eval.py:223
                          far: 401                                              
                 INFO     | >> # successes: 382 (95.3%)   run_libero_eval.py:223


  2%|▏         | 1/50 [01:59<1:37:51, 119.82s/it][A                 INFO     | >>                            run_libero_eval.py:223
                          Task: put both moka pots on the                       
                          stove                                                 
                 INFO     | >> Starting episode 2...      run_libero_eval.py:223
05/21 [03:59:05] INFO     | >> Success: True              run_libero_eval.py:223
                 INFO     | >> # episodes completed so    run_libero_eval.py:223
                          far: 402                                              
                 INFO     | >> # successes: 383 (95.3%)   run_libero_eval.py:223


  4%|▍         | 2/50 [03:35<1:24:32, 105.68s/it][A                 INFO     | >>                            run_libero_eval.py:223
                          Task: put both moka pots on the                       
                          stove                                                 
                 INFO     | >> Starting episode 3...      run_libero_eval.py:22<home_path>
05/21 [04:00:46] INFO     | >> Success: True              run_libero_eval.py:223
                 INFO     | >> # episodes completed so    run_libero_eval.py:223
                         <home_path>                        
                 INFO     | >> # successes: 384 (95.3%)   run_libero_eval.py:223


  6%|▌         | 3/50 [05:17<1:21:20, 103.85s/it][A                 INFO     | >>                            run_libero_eval.py:223
                          Task: put both moka pots on the                       
                          stove                                                 
                 INFO     | >> Starting episode 4...      run_libero_eval.py:223
05/21 [04:02:59] INFO     | >> Success: False             run_libero_eval.py:223
                 INFO     | >> # episodes completed so    run_libero_eval.py:223
                          far: 404                                              
                 INFO     | >> # successes: 384 (95.0%)   run_libero_eval.py:223


  8%|▊         | 4/50 [07:30<1:28:29, 115.42s/it][A                 INFO     | >>                            run_libero_eval.py:223
                          Task: put both moka pots on the                       
                          stove                                                 
                 INFO     | >> Starting episode 5...      run_libero_eval.py:223
05/21 [04:04:48] INFO     | >> Success: True              run_libero_eval.py:223
                 INFO     | >> # episodes completed so    run_libero_eval.py:223
                          far: 405                                              
                 INFO     | >> # successes: 385 (95.1%)   run_libero_eval.py:223


 10%|█         | 5/50 [09:18<1:24:40, 112.89s/it][A                 INFO     | >>                            run_libero_eval.py:223
                          Task: put both moka pots on the                       
                          stove                                                 
                 INFO     | >> Starting episode 6...      run_libero_eval.py:223
05/21 [04:06:22] INFO     | >> Success: True              run_libero_eval.py:223
                 INFO     | >> # episodes completed so    run_libero_eval.py:223
                          far: 406                                              
                 INFO     | >> # successes: 386 (95.1%)   run_libero_eval.py:223


 12%|█▏        | 6/50 [10:52<1:18:04, 106.46s/it][A                 INFO     | >>                            run_libero_eval.py:223
                          Task: put both moka pots on the                       
                          stove                                                 
                 INFO     | >> Starting episode 7...      run_libero_eval.py:223
05/21 [04:08:00] INFO     | >> Success: True              run_libero_eval.py:223
                 INFO     | >> # episodes completed so    run_libero_eval.py:223
                          far: 407                                              
                 INFO     | >> # successes: 387 (95.1%)   run_libero_eval.py:223


 14%|█▍        | 7/50 [12:31<1:14:23, 103.80s/it][A                 INFO     | >>                            run_libero_eval.py:223
                          Task: put both moka pots on the                       
                          stove                                                 
                 INFO     | >> Starting episode 8...      run_libero_eval.py:223
05/21 [04:09:44] INFO     | >> Success: True              run_libero_eval.py:223
                 INFO     | >> # episodes completed so    run_libero_eval.py:223
                          far: 408                                              
                 INFO     | >> # successes: 388 (95.1%)   run_libero_eval.py:223


 16%|█▌        | 8/50 [14:15<1:12:45, 103.94s/it][A                 INFO     | >>                            run_libero_eval.py:223
                          Task: put both moka pots on the                       
                          stove                                                 
                 INFO     | >> Starting episode 9...      run_libero_eval.py:223
05/21 [04:11:58] INFO     | >> Success: False             run_libero_eval.py:223
                 INFO     | >> # episodes completed so    run_libero_eval.py:223
                          far: 409                                              
                 INFO     | >> # successes: 388 (94.9%)   run_libero_eval.py:223


 18%|█▊        | 9/50 [16:29<1:17:26, 113.34s/it][A                 INFO     | >>                            run_libero_eval.py:223
                          Task: put both moka pots on the                       
                          stove                                                 
                 INFO     | >> Starting episode 10...     run_libero_eval.py:223
05/21 [04:14:13] INFO     | >> Success: True              run_libero_eval.py:223
                 INFO     | >> # episodes completed so    run_libero_eval.py:223
                          far: 410                                              
                 INFO     | >> # successes: 389 (94.9%)   run_libero_eval.py:223


 20%|██        | 10/50 [18:43<1:19:51, 119.79s/it][A                 INFO     | >>                            run_libero_eval.py:223
                          Task: put both moka pots on the                       
                          stove                                                 
                 INFO     | >> Starting episode 11...     run_libero_eval.py:223
05/21 [04:16:28] INFO     | >> Success: False             run_libero_eval.py:223
                 INFO     | >> # episodes completed so    run_libero_eval.py:223
                          far: 411                                              
                 INFO     | >> # successes: 389 (94.6%)   run_libero_eval.py:223


 22%|██▏       | 11/50 [20:59<1:21:00, 124.64s/it][A                 INFO     | >>                            run_libero_eval.py:223
                          Task: put both moka pots on the                       
                          stove                                                 
                 INFO     | >> Starting episode 12...     run_libero_eval.py:223
05/21 [04:18:44] INFO     | >> Success: False             run_libero_eval.py:223
                 INFO     | >> # episodes completed so    run_libero_eval.py:223
                          far: 412                                              
                 INFO     | >> # successes: 389 (94.4%)   run_libero_eval.py:223


 24%|██▍       | 12/50 [23:15<1:21:08, 128.13s/it][A                 INFO     | >>                            run_libero_eval.py:223
                          Task: put both moka pots on the                       
                          stove                                                 
                 INFO     | >> Starting episode 13...     run_libero_eval.py:223
05/21 [04:20:42] INFO     | >> Success: True              run_libero_eval.py:223
                 INFO     | >> # episodes completed so    run_libero_eval.py:223
                          far: 413                                              
                 INFO     | >> # successes: 390 (94.4%)   run_libero_eval.py:223


 26%|██▌       | 13/50 [25:12<1:17:02, 124.93s/it][A                 INFO     | >>                            run_libero_eval.py:223
                          Task: put both moka pots on the                       
                          stove                                                 
                 INFO     | >> Starting episode 14...     run_libero_eval.py:223
05/21 [04:22:30] INFO     | >> Success: True              run_libero_eval.py:223
                 INFO     | >> # episodes completed so    run_libero_eval.py:223
                          far: 414                                              
                 INFO     | >> # successes: 391 (94.4%)   run_libero_eval.py:223


 28%|██▊       | 14/50 [27:01<1:11:55, 119.87s/it][A                 INFO     | >>                            run_libero_eval.py:223
                          Task: put both moka pots on the                       
                          stove                                                 
                 INFO     | >> Starting episode 15...     run_libero_eval.py:223
05/21 [04:24:05] INFO     | >> Success: True              run_libero_eval.py:223
                 INFO     | >> # episodes completed so    run_libero_eval.py:223
                          far: 415                                              
                 INFO     | >> # successes: 392 (94.5%)   run_libero_eval.py:223


 30%|███       | 15/50 [28:36<1:05:34, 112.41s/it][A                 INFO     | >>                            run_libero_eval.py:223
                          Task: put both moka pots on the                       
                          stove                                                 
                 INFO     | >> Starting episode 16...     run_libero_eval.py:223
05/21 [04:26:20] INFO     | >> Success: False             run_libero_eval.py:223
                 INFO     | >> # episodes completed so    run_libero_eval.py:223
                          far: 416                                              
                 INFO     | >> # successes: 392 (94.2%)   run_libero_eval.py:223


 32%|███▏      | 16/50 [30:51<1:07:35, 119.29s/it][A                 INFO     | >>                            run_libero_eval.py:223
                          Task: put both moka pots on the                       
                          stove                                                 
                 INFO     | >> Starting episode 17...     run_libero_eval.py:223
05/21 [04:28:01] INFO     | >> Success: True              run_libero_eval.py:223
                 INFO     | >> # episodes completed so    run_libero_eval.py:223
                          far: 417                                              
                 INFO     | >> # successes: 393 (94.2%)   run_libero_eval.py:223


 34%|███▍      | 17/50 [32:32<1:02:35, 113.81s/it][A                 INFO     | >>                            run_libero_eval.py:223
                          Task: put both moka pots on the                       
                          stove                                                 
                 INFO     | >> Starting episode 18...     run_libero_eval.py:223
05/21 [04:29:50] INFO     | >> Success: True              run_libero_eval.py:223
                 INFO     | >> # episodes completed so    run_libero_eval.py:223
                          far: 418                                              
                 INFO     | >> # successes: 394 (94.3%)   run_libero_eval.py:223


 36%|███▌      | 18/50 [34:20<59:47, 112.12s/it]  [A                 INFO     | >>                            run_libero_eval.py:223
                          Task: put both moka pots on the                       
                          stove                                                 
                 INFO     | >> Starting episode 19...     run_libero_eval.py:223
05/21 [04:32:06] INFO     | >> Success: False             run_libero_eval.py:223
                 INFO     | >> # episodes completed so    run_libero_eval.py:223
                          far: 419                                              
                 INFO     | >> # successes: 394 (94.0%)   run_libero_eval.py:223


 38%|███▊      | 19/50 [36:36<1:01:39, 119.34s/it][A                 INFO     | >>                            run_libero_eval.py:223
                          Task: put both moka pots on the                       
                          stove                                                 
                 INFO     | >> Starting episode 20...     run_libero_eval.py:223
05/21 [04:33:53] INFO     | >> Success: True              run_libero_eval.py:223
                 INFO     | >> # episodes completed so    run_libero_eval.py:223
                          far: 420                                              
                 INFO     | >> # successes: 395 (94.0%)   run_libero_eval.py:223


 40%|████      | 20/50 [38:24<57:53, 115.78s/it]  [A                 INFO     | >>                            run_libero_eval.py:223
                          Task: put both moka pots on the                       
                          stove                                                 
                 INFO     | >> Starting episode 21...     run_libero_eval.py:223
05/21 [04:35:42] INFO     | >> Success: True              run_libero_eval.py:223
                 INFO     | >> # episodes completed so    run_libero_eval.py:223
                          far: 421                                              
                 INFO     | >> # successes: 396 (94.1%)   run_libero_eval.py:223


 42%|████▏     | 21/50 [40:12<54:53, 113.55s/it][A                 INFO     | >>                            run_libero_eval.py:223
                          Task: put both moka pots on the                       
                          stove                                                 
                 INFO     | >> Starting episode 22...     run_libero_eval.py:223
05/21 [04:37:58] INFO     | >> Success: False             run_libero_eval.py:223
                 INFO     | >> # episodes completed so    run_libero_eval.py:223
                          far: 422                                              
                 INFO     | >> # successes: 396 (93.8%)   run_libero_eval.py:223


 44%|████▍     | 22/50 [42:29<56:11, 120.39s/it][A                 INFO     | >>                            run_libero_eval.py:223
                          Task: put both moka pots on the                       
                          stove                                                 
                 INFO     | >> Starting episode 23...     run_libero_eval.py:223
05/21 [04:39:35] INFO     | >> Success: True              run_libero_eval.py:223
                 INFO     | >> # episodes completed so    run_libero_eval.py:223
                          far: 423                                              
                 INFO     | >> # successes: 397 (93.9%)   run_libero_eval.py:223


 46%|████▌     | 23/50 [44:06<51:04, 113.51s/it][A                 INFO     | >>                            run_libero_eval.py:223
                          Task: put both moka pots on the                       
                          stove                                                 
                 INFO     | >> Starting episode 24...     run_libero_eval.py:223
05/21 [04:41:51] INFO     | >> Success: False             run_libero_eval.py:223
                 INFO     | >> # episodes completed so    run_libero_eval.py:223
                          far: 424                                              
                 INFO     | >> # successes: 397 (93.6%)   run_libero_eval.py:223


 48%|████▊     | 24/50 [46:21<51:59, 119.99s/it][A                 INFO     | >>                            run_libero_eval.py:223
                          Task: put both moka pots on the                       
                          stove                                                 
                 INFO     | >> Starting episode 25...     run_libero_eval.py:223
05/21 [04:43:34] INFO     | >> Success: True              run_libero_eval.py:223
                 INFO     | >> # episodes completed so    run_libero_eval.py:223
                          far: 425                                              
                 INFO     | >> # successes: 398 (93.6%)   run_libero_eval.py:223


 50%|█████     | 25/50 [48:05<47:56, 115.07s/it][A                 INFO     | >>                            run_libero_eval.py:223
                          Task: put both moka pots on the                       
                          stove                                                 
                 INFO     | >> Starting episode 26...     run_libero_eval.py:223
05/21 [04:45:32] INFO     | >> Success: True              run_libero_eval.py:223
                 INFO     | >> # episodes completed so    run_libero_eval.py:223
                          far: 426                                              
                 INFO     | >> # successes: 399 (93.7%)   run_libero_eval.py:223


 52%|█████▏    | 26/50 [50:02<46:18, 115.75s/it][A                 INFO     | >>                            run_libero_eval.py:223
                          Task: put both moka pots on the                       
                          stove                                                 
                 INFO     | >> Starting episode 27...     run_libero_eval.py:223
05/21 [04:47:48] INFO     | >> Success: False             run_libero_eval.py:223
                 INFO     | >> # episodes completed so    run_libero_eval.py:223
                          far: 427                                              
                 INFO     | >> # successes: 399 (93.4%)   run_libero_eval.py:223


 54%|█████▍    | 27/50 [52:19<46:45, 121.99s/it][A                 INFO     | >>                            run_libero_eval.py:223
                          Task: put both moka pots on the                       
                          stove                                                 
                 INFO     | >> Starting episode 28...     run_libero_eval.py:223
05/21 [04:49:35] INFO     | >> Success: True              run_libero_eval.py:223
                 INFO     | >> # episodes completed so    run_libero_eval.py:223
                          far: 428                                              
                 INFO     | >> # successes: 400 (93.5%)   run_libero_eval.py:223


 56%|█████▌    | 28/50 [54:05<43:03, 117.42s/it][A                 INFO     | >>                            run_libero_eval.py:223
                          Task: put both moka pots on the                       
                          stove                                                 
                 INFO     | >> Starting episode 29...     run_libero_eval.py:223
05/21 [04:51:16] INFO     | >> Success: True              run_libero_eval.py:223
                 INFO     | >> # episodes completed so    run_libero_eval.py:223
                          far: 429                                              
                 INFO     | >> # successes: 401 (93.5%)   run_libero_eval.py:223


 58%|█████▊    | 29/50 [55:47<39:24, 112.58s/it][A                 INFO     | >>                            run_libero_eval.py:223
                          Task: put both moka pots on the                       
                          stove                                                 
                 INFO     | >> Starting episode 30...     run_libero_eval.py:223
05/21 [04:53:01] INFO     | >> Success: True              run_libero_eval.py:223
                 INFO     | >> # episodes completed so    run_libero_eval.py:223
                          far: 430                                              
                 INFO     | >> # successes: 402 (93.5%)   run_libero_eval.py:223


 60%|██████    | 30/50 [57:32<36:47, 110.38s/it][A                 INFO     | >>                            run_libero_eval.py:223
                          Task: put both moka pots on the                       
                          stove                                                 
                 INFO     | >> Starting episode 31...     run_libero_eval.py:223
05/21 [04:55:16] INFO     | >> Success: False             run_libero_eval.py:223
                 INFO     | >> # episodes completed so    run_libero_eval.py:223
                          far: 431                                              
                 INFO     | >> # successes: 402 (93.3%)   run_libero_eval.py:223


 62%|██████▏   | 31/50 [59:47<37:16, 117.72s/it][A                 INFO     | >>                            run_libero_eval.py:223
                          Task: put both moka pots on the                       
                          stove                                                 
                 INFO     | >> Starting episode 32...     run_libero_eval.py:223
05/21 [04:56:58] INFO     | >> Success: True              run_libero_eval.py:223
                 INFO     | >> # episodes completed so    run_libero_eval.py:223
                          far: 432                                              
                 INFO     | >> # successes: 403 (93.3%)   run_libero_eval.py:223


 64%|██████▍   | 32/50 [1:01:29<33:55, 113.09s/it][A                 INFO     | >>                            run_libero_eval.py:223
                          Task: put both moka pots on the                       
                          stove                                                 
                 INFO     | >> Starting episode 33...     run_libero_eval.py:223
05/21 [04:58:57] INFO     | >> Success: True              run_libero_eval.py:223
                 INFO     | >> # episodes completed so    run_libero_eval.py:223
                          far: 433                                              
                 INFO     | >> # successes: 404 (93.3%)   run_libero_eval.py:223


 66%|██████▌   | 33/50 [1:03:27<32:27, 114.58s/it][A                 INFO     | >>                            run_libero_eval.py:223
                          Task: put both moka pots on the                       
                          stove                                                 
                 INFO     | >> Starting episode 34...     run_libero_eval.py:223
05/21 [05:00:41] INFO     | >> Success: True              run_libero_eval.py:223
                 INFO     | >> # episodes completed so    run_libero_eval.py:223
                          far: 434                                              
                 INFO     | >> # successes: 405 (93.3%)   run_libero_eval.py:223


 68%|██████▊   | 34/50 [1:05:11<29:44, 111.51s/it][A                 INFO     | >>                            run_libero_eval.py:223
                          Task: put both moka pots on the                       
                          stove                                                 
                 INFO     | >> Starting episode 35...     run_libero_eval.py:223
05/21 [05:02:40] INFO     | >> Success: True              run_libero_eval.py:223
                 INFO     | >> # episodes completed so    run_libero_eval.py:223
                          far: 435                                              
                 INFO     | >> # successes: 406 (93.3%)   run_libero_eval.py:223


 70%|███████   | 35/50 [1:07:10<28:25, 113.67s/it][A                 INFO     | >>                            run_libero_eval.py:223
                          Task: put both moka pots on the                       
                          stove                                                 
                 INFO     | >> Starting episode 36...     run_libero_eval.py:223
05/21 [05:04:19] INFO     | >> Success: True              run_libero_eval.py:223
                 INFO     | >> # episodes completed so    run_libero_eval.py:223
                          far: 436                                              
                 INFO     | >> # successes: 407 (93.3%)   run_libero_eval.py:223


 72%|███████▏  | 36/50 [1:08:49<25:30, 109.34s/it][A                 INFO     | >>                            run_libero_eval.py:223
                          Task: put both moka pots on the                       
                          stove                                                 
                 INFO     | >> Starting episode 37...     run_libero_eval.py:223
05/21 [05:05:56] INFO     | >> Success: True              run_libero_eval.py:223
                 INFO     | >> # episodes completed so    run_libero_eval.py:223
                          far: 437                                              
                 INFO     | >> # successes: 408 (93.4%)   run_libero_eval.py:223


 74%|███████▍  | 37/50 [1:10:27<22:55, 105.82s/it][A                 INFO     | >>                            run_libero_eval.py:223
                          Task: put both moka pots on the                       
                          stove                                                 
                 INFO     | >> Starting episode 38...     run_libero_eval.py:223
05/21 [05:07:47] INFO     | >> Success: True              run_libero_eval.py:223
                 INFO     | >> # episodes completed so    run_libero_eval.py:223
                          far: 438                                              
                 INFO     | >> # successes: 409 (93.4%)   run_libero_eval.py:223


 76%|███████▌  | 38/50 [1:12:17<21:26, 107.20s/it][A                 INFO     | >>                            run_libero_eval.py:223
                          Task: put both moka pots on the                       
                          stove                                                 
                 INFO     | >> Starting episode 39...     run_libero_eval.py:223
05/21 [05:10:03] INFO     | >> Success: True              run_libero_eval.py:223
                 INFO     | >> # episodes completed so    run_libero_eval.py:223
                          far: 439                                              
                 INFO     | >> # successes: 410 (93.4%)   run_libero_eval.py:223


 78%|███████▊  | 39/50 [1:14:34<21:16, 116.02s/it][A                 INFO     | >>                            run_libero_eval.py:223
                          Task: put both moka pots on the                       
                          stove                                                 
                 INFO     | >> Starting episode 40...     run_libero_eval.py:223
05/21 [05:12:20] INFO     | >> Success: False             run_libero_eval.py:223
                 INFO     | >> # episodes completed so    run_libero_eval.py:223
                          far: 440                                              
                 INFO     | >> # successes: 410 (93.2%)   run_libero_eval.py:223


 80%|████████  | 40/50 [1:16:51<20:22, 122.25s/it][A                 INFO     | >>                            run_libero_eval.py:223
                          Task: put both moka pots on the                       
                          stove                                                 
                 INFO     | >> Starting episode 41...     run_libero_eval.py:223
05/21 [05:14:36] INFO     | >> Success: False             run_libero_eval.py:223
                 INFO     | >> # episodes completed so    run_libero_eval.py:223
                          far: 441                                              
                 INFO     | >> # successes: 410 (93.0%)   run_libero_eval.py:223


 82%|████████▏ | 41/50 [1:19:07<18:56, 126.30s/it][A                 INFO     | >>                            run_libero_eval.py:223
                          Task: put both moka pots on the                       
                          stove                                                 
                 INFO     | >> Starting episode 42...     run_libero_eval.py:223
05/21 [05:16:15] INFO     | >> Success: True              run_libero_eval.py:223
                 INFO     | >> # episodes completed so    run_libero_eval.py:223
                          far: 442                                              
                 INFO     | >> # successes: 411 (93.0%)   run_libero_eval.py:223


 84%|████████▍ | 42/50 [1:20:46<15:44, 118.10s/it][A                 INFO     | >>                            run_libero_eval.py:223
                          Task: put both moka pots on the                       
                          stove                                                 
                 INFO     | >> Starting episode 43...     run_libero_eval.py:223
05/21 [05:18:00] INFO     | >> Success: True              run_libero_eval.py:223
                 INFO     | >> # episodes completed so    run_libero_eval.py:223
                          far: 443                                              
                 INFO     | >> # successes: 412 (93.0%)   run_libero_eval.py:223


 86%|████████▌ | 43/50 [1:22:30<13:18, 114.11s/it][A                 INFO     | >>                            run_libero_eval.py:223
                          Task: put both moka pots on the                       
                          stove                                                 
                 INFO     | >> Starting episode 44...     run_libero_eval.py:223
05/21 [05:20:14] INFO     | >> Success: False             run_libero_eval.py:223
                 INFO     | >> # episodes completed so    run_libero_eval.py:223
                          far: 444                                              
                 INFO     | >> # successes: 412 (92.8%)   run_libero_eval.py:223


 88%|████████▊ | 44/50 [1:24:45<12:01, 120.26s/it][A                 INFO     | >>                            run_libero_eval.py:223
                          Task: put both moka pots on the                       
                          stove                                                 
                 INFO     | >> Starting episode 45...     run_libero_eval.py:223
05/21 [05:22:31] INFO     | >> Success: False             run_libero_eval.py:223
                 INFO     | >> # episodes completed so    run_libero_eval.py:223
                          far: 445                                              
                 INFO     | >> # successes: 412 (92.6%)   run_libero_eval.py:223


 90%|█████████ | 45/50 [1:27:02<10:25, 125.18s/it][A                 INFO     | >>                            run_libero_eval.py:223
                          Task: put both moka pots on the                       
                          stove                                                 
                 INFO     | >> Starting episode 46...     run_libero_eval.py:223
05/21 [05:24:03] INFO     | >> Success: True              run_libero_eval.py:223
                 INFO     | >> # episodes completed so    run_libero_eval.py:223
                          far: 446                                              
                 INFO     | >> # successes: 413 (92.6%)   run_libero_eval.py:223


 92%|█████████▏| 46/50 [1:28:34<07:40, 115.21s/it][A                 INFO     | >>                            run_libero_eval.py:223
                          Task: put both moka pots on the                       
                          stove                                                 
                 INFO     | >> Starting episode 47...     run_libero_eval.py:223
05/21 [05:25:36] INFO     | >> Success: True              run_libero_eval.py:223
                 INFO     | >> # episodes completed so    run_libero_eval.py:223
                          far: 447                                              
                 INFO     | >> # successes: 414 (92.6%)   run_libero_eval.py:223


 94%|█████████▍| 47/50 [1:30:06<05:25, 108.42s/it][A                 INFO     | >>                            run_libero_eval.py:223
                          Task: put both moka pots on the                       
                          stove                                                 
                 INFO     | >> Starting episode 48...     run_libero_eval.py:223
05/21 [05:27:09] INFO     | >> Success: True              run_libero_eval.py:223
                 INFO     | >> # episodes completed so    run_libero_eval.py:223
                          far: 448                                              
                 INFO     | >> # successes: 415 (92.6%)   run_libero_eval.py:223


 96%|█████████▌| 48/50 [1:31:40<03:28, 104.04s/it][A                 INFO     | >>                            run_libero_eval.py:223
                          Task: put both moka pots on the                       
                          stove                                                 
                 INFO     | >> Starting episode 49...     run_libero_eval.py:223
05/21 [05:29:24] INFO     | >> Success: False             run_libero_eval.py:223
                 INFO     | >> # episodes completed so    run_libero_eval.py:223
                          far: 449                                              
                 INFO     | >> # successes: 415 (92.4%)   run_libero_eval.py:223


 98%|█████████▊| 49/50 [1:33:55<01:53, 113.34s/it][A                 INFO     | >>                            run_libero_eval.py:223
                          Task: put both moka pots on the                       
                          stove                                                 
                 INFO     | >> Starting episode 50...     run_libero_eval.py:223
05/21 [05:31:40] INFO     | >> Success: False             run_libero_eval.py:223
                 INFO     | >> # episodes completed so    run_libero_eval.py:223
                          far: 450                                              
                 INFO     | >> # successes: 415 (92.2%)   run_libero_eval.py:223


100%|██████████| 50/50 [1:36:11<00:00, 120.03s/it][A
100%|██████████| 50/50 [1:36:11<00:00, 115.42s/it]
                 INFO     | >> Current task success rate: run_libero_eval.py:223
                          0.68                                                  
                 INFO     | >> Current total success      run_libero_eval.py:223
                          rate: 0.9222222222222223                              

 90%|█████████ | 9/10 [12:26:02<1:15:05, 4505.61s/it][Warning]: datasets path /mnt/pfs/scalelab2/liangzhixuan/code/publish-ddpvla/LIBERO/datasets does not exist!
                 INFO     | >> Using default initial      run_libero_eval.py:223
                          states                                                
[Warning]: datasets path /mnt/pfs/scalelab2/liangzhixuan/code/publish-ddpvla/LIBERO/datasets does not exist!


  0%|          | 0/50 [00:00<?, ?it/s][A05/21 [05:31:42] INFO     | >>                            run_libero_eval.py:223
                          Task: put the yellow and white                        
                          mug in the microwave and close                        
                          it                                                    
                 INFO     | >> Starting episode 1...      run_libero_eval.py:223
05/21 [05:32:51] INFO     | >> Success: True              run_libero_eval.py:223
                 INFO     | >> # episodes completed so    run_libero_eval.py:223
                          far: 451                                              
                 INFO     | >> # successes: 416 (92.2%)   run_libero_eval.py:223


  2%|▏         | 1/50 [01:08<56:13, 68.85s/it][A                 INFO     | >>                            run_libero_eval.py:223
                          Task: put the yellow and white                        
                          mug in the microwave and close                        
                          it                                                    
                 INFO     | >> Starting episode 2...      run_libero_eval.py:223
05/21 [05:33:55] INFO     | >> Success: True              run_libero_eval.py:223
                 INFO     | >> # episodes completed so    run_libero_eval.py:223
                          far: 452                                              
                 INFO     | >> # successes: 417 (92.3%)   run_libero_eval.py:223


  4%|▍         | 2/50 [02:13<53:07, 66.40s/it][A                 INFO     | >>                            run_libero_eval.py:223
                          Task: put the yellow and white                        
                          mug in the microwave and close                        
                          it                                                    
                 INFO     | >> Starting episode 3...      run_libero_eval.py:223
05/21 [05:35:01] INFO     | >> Success: True              run_libero_eval.py:223
                 INFO     | >> # episodes completed so    run_libero_eval.py:223
                          far: 453                                              
                 INFO     | >> # successes: 418 (92.3%)   run_libero_eval.py:223

<home_path>
  6%|▌         | 3/50 [03:19<51:42, 66.02s/it][A                 INFO     | >>                            run_libero_eval.py:223
        <home_path> yellow and white                        
                          mug in the microwave and close                        
        <home_path>                                         
                 INFO     | >> Starting episode 4...      run_libero_eval.py:223
05/21 [05:36:11] INFO     | >> Success: True              run_libero_eval.py:223
                 INFO     | >> # episodes completed so    run_libero_eval.py:223
                          far: 454                                              
                 INFO     | >> # successes: 419 (92.3%)   run_libero_eval.py:223


  8%|▊         | 4/50 [04:29<51:58, 67.79s/it][A                 INFO     | >>                            run_libero_eval.py:223
                          Task: put the yellow and white                        
                          mug in the microwave and close                        
                          it                                                    
                 INFO     | >> Starting episode 5...      run_libero_eval.py:223
05/21 [05:37:24] INFO     | >> Success: True              run_libero_eval.py:223
                 INFO     | >> # episodes completed so    run_libero_eval.py:223
        <home_path>                                         
                 INFO     | >> # successes: 420 (92.3%)   run_libero_eval.py:223
<home_path>

 10%|█  <home_path>45s/it][A                 INFO     | >>                            run_libero_eval.py:223
                          Task: put the yellow and white                        
                          mug in the microwave and close                        
                          it                                                    
                 INFO     | >> Starting episode 6...      run_libero_eval.py:223
05/21 [05:38:42] INFO     | >> Success: True              run_libero_eval.py:223
                 INFO     | >> # episodes completed so    run_libero_eval.py:223
                          far: 456                                              
                 INFO     | >> # successes: 421 (92.3%)   run_libero_eval.py:223


 12%|█▏        | 6/50 [07:00<53:14, 72.61s/it][A                 INFO     | >>                            run_libero_eval.py:223
                          Task: put the yellow and white                        
                          mug in the microwave and close                        
                          it                                                    
                 INFO     | >> Starting episode 7...      run_libero_eval.py:223
05/21 [05:39:49] INFO     | >> Success: True              run_libero_eval.py:223
                 INFO     | >> # episodes completed so    run_libero_eval.py:223
                          far: 457                                              
                 INFO     | >> # successes: 422 (92.3%)   run_libero_eval.py:223


 14%|█▍        | 7/50 [08:07<50:35, 70.59s/it][A                 INFO     | >>                            run_libero_eval.py:223
                          Task: put the yellow and white                        
                          mug in the microwave and close                        
                          it                                                    
                 INFO     | >> Starting episode 8...      run_libero_eval.py:223
05/21 [05:40:57] INFO     | >> Success: True              run_libero_eval.py:223
                 INFO     | >> # episodes completed so    run_libero_eval.py:223
                          far: 458                                              
                 INFO     | >> # successes: 423 (92.4%)   run_libero_eval.py:223


 16%|█▌        | 8/50 [09:15<48:55, 69.89s/it][A                 INFO     | >>                            run_libero_eval.py:223
                          Task: put the yellow and white                        
                          mug in the microwave and close                        
                          it                                                    
                 INFO     | >> Starting episode 9...      run_libero_eval.py:223
05/21 [05:42:06] INFO     | >> Success: True              run_libero_eval.py:223
                 INFO     | >> # episodes completed so    run_libero_eval.py:223
                          far: 459                                              
                 INFO     | >> # successes: 424 (92.4%)   run_libero_eval.py:223


 18%|█▊        | 9/50 [10:24<47:30, 69.53s/it][A                 INFO     | >>                            run_libero_eval.py:223
                          Task: put the yellow and white                        
                          mug in the microwave and close                        
                          it                                                    
                 INFO     | >> Starting episode 10...     run_libero_eval.py:223
05/21 [05:44:13] INFO     | >> Success: True              run_libero_eval.py:223
                 INFO     | >> # episodes completed so    run_libero_eval.py:223
                          far: 460                                              
                 INFO     | >> # successes: 425 (92.4%)   run_libero_eval.py:223


 20%|██        | 10/50 [12:31<58:12, 87.31s/it][A                 INFO     | >>                            run_libero_eval.py:223
                          Task: put the yellow and white                        
                          mug in the microwave and close                        
                          it                                                    
                 INFO     | >> Starting episode 11...     run_libero_eval.py:223
05/21 [05:45:22] INFO     | >> Success: True              run_libero_eval.py:223
                 INFO     | >> # episodes completed so    run_libero_eval.py:223
                          far: 461                                              
                 INFO     | >> # successes: 426 (92.4%)   run_libero_eval.py:223


 22%|██▏       | 11/50 [13:40<53:10, 81.80s/it][A                 INFO     | >>                            run_libero_eval.py:223
                          Task: put the yellow and white                        
                          mug in the microwave and close                        
                          it                                                    
                 INFO     | >> Starting episode 12...     run_libero_eval.py:223
05/21 [05:46:30] INFO     | >> Success: True              run_libero_eval.py:223
                 INFO     | >> # episodes completed so    run_libero_eval.py:223
                          far: 462                                              
                 INFO     | >> # successes: 427 (92.4%)   run_libero_eval.py:223


 24%|██▍       | 12/50 [14:48<49:07, 77.57s/it][A                 INFO     | >>                            run_libero_eval.py:223
                          Task: put the yellow and white                        
                          mug in the microwave and close                        
                          it                                                    
                 INFO     | >> Starting episode 13...     run_libero_eval.py:223
05/21 [05:47:36] INFO     | >> Success: True              run_libero_eval.py:223
                 INFO     | >> # episodes completed so    run_libero_eval.py:223
                          far: 463                                              
                 INFO     | >> # successes: 428 (92.4%)   run_libero_eval.py:223


 26%|██▌       | 13/50 [15:54<45:42, 74.11s/it][A                 INFO     | >>                            run_libero_eval.py:223
                          Task: put the yellow and white                        
                          mug in the microwave and close                        
                          it                                                    
                 INFO     | >> Starting episode 14...     run_libero_eval.py:223
05/21 [05:48:43] INFO     | >> Success: True              run_libero_eval.py:223
                 INFO     | >> # episodes completed so    run_libero_eval.py:223
                          far: 464                                              
                 INFO     | >> # successes: 429 (92.5%)   run_libero_eval.py:223


 28%|██▊       | 14/50 [17:00<43:00, 71.68s/it][A                 INFO     | >>                            run_libero_eval.py:223
                          Task: put the yellow and white                        
                          mug in the microwave and close                        
                          it                                                    
                 INFO     | >> Starting episode 15...     run_libero_eval.py:223
05/21 [05:49:46] INFO     | >> Success: True              run_libero_eval.py:223
                 INFO     | >> # episodes completed so    run_libero_eval.py:223
                          far: 465                                              
                 INFO     | >> # successes: 430 (92.5%)   run_libero_eval.py:223


 30%|███       | 15/50 [18:04<40:20, 69.15s/it][A                 INFO     | >>                            run_libero_eval.py:223
                          Task: put the yellow and white                        
                          mug in the microwave and close                        
                          it                                                    
                 INFO     | >> Starting episode 16...     run_libero_eval.py:223
05/21 [05:50:45] INFO     | >> Success: True              run_libero_eval.py:223
                 INFO     | >> # episodes completed so    run_libero_eval.py:223
                          far: 466                                              
                 INFO     | >> # successes: 431 (92.5%)   run_libero_eval.py:223


 32%|███▏      | 16/50 [19:03<37:31, 66.22s/it][A                 INFO     | >>                            run_libero_eval.py:223
                          Task: put the yellow and white                        
                          mug in the microwave and close                        
                          it                                                    
                 INFO     | >> Starting episode 17...     run_libero_eval.py:223
05/21 [05:53:02] INFO     | >> Success: False             run_libero_eval.py:223
                 INFO     | >> # episodes completed so    run_libero_eval.py:223
                          far: 467                                              
                 INFO     | >> # successes: 431 (92.3%)   run_libero_eval.py:223


 34%|███▍      | 17/50 [21:19<48:00, 87.30s/it][A                 INFO     | >>                            run_libero_eval.py:223
                          Task: put the yellow and white                        
                          mug in the microwave and close                        
                          it                                                    
                 INFO     | >> Starting episode 18...     run_libero_eval.py:223
05/21 [05:55:17] INFO     | >> Success: False             run_libero_eval.py:223
                 INFO     | >> # episodes completed so    run_libero_eval.py:223
                          far: 468                                              
                 INFO     | >> # successes: 431 (92.1%)   run_libero_eval.py:223


 36%|███▌      | 18/50 [23:35<54:20, 101.88s/it][A                 INFO     | >>                            run_libero_eval.py:223
                          Task: put the yellow and white                        
                          mug in the microwave and close                        
                          it                                                    
                 INFO     | >> Starting episode 19...     run_libero_eval.py:223
05/21 [05:56:36] INFO     | >> Success: True              run_libero_eval.py:223
                 INFO     | >> # episodes completed so    run_libero_eval.py:223
                          far: 469                                              
                 INFO     | >> # successes: 432 (92.1%)   run_libero_eval.py:223


 38%|███▊      | 19/50 [24:54<49:03, 94.97s/it] [A                 INFO     | >>                            run_libero_eval.py:223
                          Task: put the yellow and white                        
                          mug in the microwave and close                        
                          it                                                    
                 INFO     | >> Starting episode 20...     run_libero_eval.py:223
05/21 [05:58:06] INFO     | >> Success: True              run_libero_eval.py:223
                 INFO     | >> # episodes completed so    run_libero_eval.py:223
                          far: 470                                              
                 INFO     | >> # successes: 433 (92.1%)   run_libero_eval.py:223


 40%|████      | 20/50 [26:23<46:37, 93.25s/it][A                 INFO     | >>                            run_libero_eval.py:223
                          Task: put the yellow and white                        
                          mug in the microwave and close                        
                          it                                                    
                 INFO     | >> Starting episode 21...     run_libero_eval.py:223
05/21 [05:59:12] INFO     | >> Success: True              run_libero_eval.py:223
                 INFO     | >> # episodes completed so    run_libero_eval.py:223
                          far: 471                                              
                 INFO     | >> # successes: 434 (92.1%)   run_libero_eval.py:223


 42%|████▏     | 21/50 [27:30<41:11, 85.21s/it][A                 INFO     | >>                            run_libero_eval.py:223
                          Task: put the yellow and white                        
                          mug in the microwave and close                        
                          it                                                    
                 INFO     | >> Starting episode 22...     run_libero_eval.py:223
05/21 [06:00:14] INFO     | >> Success: True              run_libero_eval.py:223
                 INFO     | >> # episodes completed so    run_libero_eval.py:223
                          far: 472                                              
                 INFO     | >> # successes: 435 (92.2%)   run_libero_eval.py:223


 44%|████▍     | 22/50 [28:32<36:34, 78.37s/it][A                 INFO     | >>                            run_libero_eval.py:223
                          Task: put the yellow and white                        
                          mug in the microwave and close                        
                          it                                                    
                 INFO     | >> Starting episode 23...     run_libero_eval.py:223
05/21 [06:01:32] INFO     | >> Success: True              run_libero_eval.py:223
                 INFO     | >> # episodes completed so    run_libero_eval.py:223
                          far: 473                                              
                 INFO     | >> # successes: 436 (92.2%)   run_libero_eval.py:223


 46%|████▌     | 23/50 [29:50<35:12, 78.24s/it][A                 INFO     | >>                            run_libero_eval.py:223
                          Task: put the yellow and white                        
                          mug in the microwave and close                        
                          it                                                    
                 INFO     | >> Starting episode 24...     run_libero_eval.py:223
05/21 [06:02:39] INFO     | >> Success: True              run_libero_eval.py:223
                 INFO     | >> # episodes completed so    run_libero_eval.py:223
                          far: 474                                              
                 INFO     | >> # successes: 437 (92.2%)   run_libero_eval.py:223


 48%|████▊     | 24/50 [30:57<32:25, 74.81s/it][A                 INFO     | >>                            run_libero_eval.py:223
                          Task: put the yellow and white                        
                          mug in the microwave and close                        
                          it                                                    
                 INFO     | >> Starting episode 25...     run_libero_eval.py:223
05/21 [06:03:47] INFO     | >> Success: True              run_libero_eval.py:223
                 INFO     | >> # episodes completed so    run_libero_eval.py:223
                          far: 475                                              
                 INFO     | >> # successes: 438 (92.2%)   run_libero_eval.py:223


 50%|█████     | 25/50 [32:04<30:15, 72.62s/it][A                 INFO     | >>                            run_libero_eval.py:223
                          Task: put the yellow and white                        
                          mug in the microwave and close                        
                          it                                                    
                 INFO     | >> Starting episode 26...     run_libero_eval.py:223
05/21 [06:05:03] INFO     | >> Success: True              run_libero_eval.py:223
                 INFO     | >> # episodes completed so    run_libero_eval.py:223
                          far: 476                                              
                 INFO     | >> # successes: 439 (92.2%)   run_libero_eval.py:223


 52%|█████▏    | 26/50 [33:21<29:29, 73.73s/it][A                 INFO     | >>                            run_libero_eval.py:223
                          Task: put the yellow and white                        
                          mug in the microwave and close                        
                          it                                                    
                 INFO     | >> Starting episode 27...     run_libero_eval.py:223
05/21 [06:06:07] INFO     | >> Success: True              run_libero_eval.py:223
                 INFO     | >> # episodes completed so    run_libero_eval.py:223
                          far: 477                                              
                 INFO     | >> # successes: 440 (92.2%)   run_libero_eval.py:223


 54%|█████▍    | 27/50 [34:25<27:07, 70.78s/it][A                 INFO     | >>                            run_libero_eval.py:223
                          Task: put the yellow and white                        
                          mug in the microwave and close                        
                          it                                                    
                 INFO     | >> Starting episode 28...     run_libero_eval.py:223
05/21 [06:07:17] INFO     | >> Success: True              run_libero_eval.py:223
                 INFO     | >> # episodes completed so    run_libero_eval.py:223
                          far: 478                                              
                 INFO     | >> # successes: 441 (92.3%)   run_libero_eval.py:223


 56%|█████▌    | 28/50 [35:35<25:53, 70.60s/it][A                 INFO     | >>                            run_libero_eval.py:223
                          Task: put the yellow and white                        
                          mug in the microwave and close                        
                          it                                                    
                 INFO     | >> Starting episode 29...     run_libero_eval.py:223
05/21 [06:08:26] INFO     | >> Success: True              run_libero_eval.py:223
                 INFO     | >> # episodes completed so    run_libero_eval.py:223
                          far: 479                                              
                 INFO     | >> # successes: 442 (92.3%)   run_libero_eval.py:223


 58%|█████▊    | 29/50 [36:43<24:29, 69.96s/it][A                 INFO     | >>                            run_libero_eval.py:223
                          Task: put the yellow and white                        
                          mug in the microwave and close                        
                          it                                                    
                 INFO     | >> Starting episode 30...     run_libero_eval.py:223
05/21 [06:09:35] INFO     | >> Success: True              run_libero_eval.py:223
                 INFO     | >> # episodes completed so    run_libero_eval.py:223
                          far: 480                                              
                 INFO     | >> # successes: 443 (92.3%)   run_libero_eval.py:223


 60%|██████    | 30/50 [37:53<23:17, 69.86s/it][A                 INFO     | >>                            run_libero_eval.py:223
                          Task: put the yellow and white                        
                          mug in the microwave and close                        
                          it                                                    
                 INFO     | >> Starting episode 31...     run_libero_eval.py:223
05/21 [06:10:49] INFO     | >> Success: True              run_libero_eval.py:223
                 INFO     | >> # episodes completed so    run_libero_eval.py:223
                          far: 481                                              
                 INFO     | >> # successes: 444 (92.3%)   run_libero_eval.py:223


 62%|██████▏   | 31/50 [39:07<22:31, 71.11s/it][A                 INFO     | >>                            run_libero_eval.py:223
                          Task: put the yellow and white                        
                          mug in the microwave and close                        
                          it                                                    
                 INFO     | >> Starting episode 32...     run_libero_eval.py:223
05/21 [06:11:58] INFO     | >> Success: True              run_libero_eval.py:223
                 INFO     | >> # episodes completed so    run_libero_eval.py:223
                          far: 482                                              
                 INFO     | >> # successes: 445 (92.3%)   run_libero_eval.py:223


 64%|██████▍   | 32/50 [40:16<21:07, 70.39s/it][A                 INFO     | >>                            run_libero_eval.py:223
                          Task: put the yellow and white                        
                          mug in the microwave and close                        
                          it                                                    
                 INFO     | >> Starting episode 33...     run_libero_eval.py:223
05/21 [06:13:05] INFO     | >> Success: True              run_libero_eval.py:223
                 INFO     | >> # episodes completed so    run_libero_eval.py:223
                          far: 483                                              
                 INFO     | >> # successes: 446 (92.3%)   run_libero_eval.py:223


 66%|██████▌   | 33/50 [41:22<19:38, 69.32s/it][A                 INFO     | >>                            run_libero_eval.py:223
                          Task: put the yellow and white                        
                          mug in the microwave and close                        
                          it                                                    
                 INFO     | >> Starting episode 34...     run_libero_eval.py:223
05/21 [06:14:14] INFO     | >> Success: True              run_libero_eval.py:223
                 INFO     | >> # episodes completed so    run_libero_eval.py:223
                          far: 484                                              
                 INFO     | >> # successes: 447 (92.4%)   run_libero_eval.py:223


 68%|██████▊   | 34/50 [42:31<18:26, 69.17s/it][A                 INFO     | >>                            run_libero_eval.py:223
                          Task: put the yellow and white                        
                          mug in the microwave and close                        
                          it                                                    
                 INFO     | >> Starting episode 35...     run_libero_eval.py:223
05/21 [06:15:22] INFO     | >> Success: True              run_libero_eval.py:223
                 INFO     | >> # episodes completed so    run_libero_eval.py:223
                          far: 485                                              
                 INFO     | >> # successes: 448 (92.4%)   run_libero_eval.py:223


 70%|███████   | 35/50 [43:40<17:13, 68.92s/it][A                 INFO     | >>                            run_libero_eval.py:223
                          Task: put the yellow and white                        
                          mug in the microwave and close                        
                          it                                                    
                 INFO     | >> Starting episode 36...     run_libero_eval.py:223
05/21 [06:17:37] INFO     | >> Success: False             run_libero_eval.py:223
                 INFO     | >> # episodes completed so    run_libero_eval.py:223
                          far: 486                                              
                 INFO     | >> # successes: 448 (92.2%)   run_libero_eval.py:223


 72%|███████▏  | 36/50 [45:55<20:42, 88.75s/it][A                 INFO     | >>                            run_libero_eval.py:223
                          Task: put the yellow and white                        
                          mug in the microwave and close                        
                          it                                                    
                 INFO     | >> Starting episode 37...     run_libero_eval.py:223
05/21 [06:19:51] INFO     | >> Success: False             run_libero_eval.py:223
                 INFO     | >> # episodes completed so    run_libero_eval.py:223
                          far: 487                                              
                 INFO     | >> # successes: 448 (92.0%)   run_libero_eval.py:223


 74%|███████▍  | 37/50 [48:09<22:10, 102.36s/it][A                 INFO     | >>                            run_libero_eval.py:223
                          Task: put the yellow and white                        
                          mug in the microwave and close                        
                          it                                                    
                 INFO     | >> Starting episode 38...     run_libero_eval.py:223
05/21 [06:20:57] INFO     | >> Success: True              run_libero_eval.py:223
                 INFO     | >> # episodes completed so    run_libero_eval.py:223
                          far: 488                                              
                 INFO     | >> # successes: 449 (92.0%)   run_libero_eval.py:223


 76%|███████▌  | 38/50 [49:14<18:15, 91.31s/it] [A                 INFO     | >>                            run_libero_eval.py:223
                          Task: put the yellow and white                        
                          mug in the microwave and close                        
                          it                                                    
                 INFO     | >> Starting episode 39...     run_libero_eval.py:223
05/21 [06:22:18] INFO     | >> Success: True              run_libero_eval.py:223
                 INFO     | >> # episodes completed so    run_libero_eval.py:223
                          far: 489                                              
                 INFO     | >> # successes: 450 (92.0%)   run_libero_eval.py:223


 78%|███████▊  | 39/50 [50:35<16:10, 88.26s/it][A                 INFO     | >>                            run_libero_eval.py:223
                          Task: put the yellow and white                        
                          mug in the microwave and close                        
                          it                                                    
                 INFO     | >> Starting episode 40...     run_libero_eval.py:223
05/21 [06:23:21] INFO     | >> Success: True              run_libero_eval.py:223
                 INFO     | >> # episodes completed so    run_libero_eval.py:223
                          far: 490                                              
                 INFO     | >> # successes: 451 (92.0%)   run_libero_eval.py:223


 80%|████████  | 40/50 [51:39<13:27, 80.77s/it][A                 INFO     | >>                            run_libero_eval.py:223
                          Task: put the yellow and white                        
                          mug in the microwave and close                        
                          it                                                    
                 INFO     | >> Starting episode 41...     run_libero_eval.py:223
05/21 [06:24:28] INFO     | >> Success: True              run_libero_eval.py:223
                 INFO     | >> # episodes completed so    run_libero_eval.py:223
                          far: 491                                              
                 INFO     | >> # successes: 452 (92.1%)   run_libero_eval.py:223


 82%|████████▏ | 41/50 [52:46<11:29, 76.62s/it][A                 INFO     | >>                            run_libero_eval.py:223
                          Task: put the yellow and white                        
                          mug in the microwave and close                        
                          it                                                    
                 INFO     | >> Starting episode 42...     run_libero_eval.py:223
05/21 [06:25:40] INFO     | >> Success: True              run_libero_eval.py:223
                 INFO     | >> # episodes completed so    run_libero_eval.py:223
                          far: 492                                              
                 INFO     | >> # successes: 453 (92.1%)   run_libero_eval.py:223


 84%|████████▍ | 42/50 [53:58<10:03, 75.40s/it][A                 INFO     | >>                            run_libero_eval.py:223
                          Task: put the yellow and white                        
                          mug in the microwave and close                        
                          it                                                    
                 INFO     | >> Starting episode 43...     run_libero_eval.py:223
05/21 [06:26:56] INFO     | >> Success: True              run_libero_eval.py:223
                 INFO     | >> # episodes completed so    run_libero_eval.py:223
                          far: 493                                              
                 INFO     | >> # successes: 454 (92.1%)   run_libero_eval.py:223


 86%|████████▌ | 43/50 [55:14<08:49, 75.59s/it][A                 INFO     | >>                            run_libero_eval.py:223
                          Task: put the yellow and white                        
                          mug in the microwave and close                        
                          it                                                    
                 INFO     | >> Starting episode 44...     run_libero_eval.py:223
05/21 [06:28:01] INFO     | >> Success: True              run_libero_eval.py:223
                 INFO     | >> # episodes completed so    run_libero_eval.py:223
                          far: 494                                              
                 INFO     | >> # successes: 455 (92.1%)   run_libero_eval.py:223


 88%|████████▊ | 44/50 [56:19<07:13, 72.33s/it][A                 INFO     | >>                            run_libero_eval.py:223
                          Task: put the yellow and white                        
                          mug in the microwave and close                        
                          it                                                    
                 INFO     | >> Starting episode 45...     run_libero_eval.py:223
05/21 [06:29:14] INFO     | >> Success: True              run_libero_eval.py:223
                 INFO     | >> # episodes completed so    run_libero_eval.py:223
                          far: 495                                              
                 INFO     | >> # successes: 456 (92.1%)   run_libero_eval.py:223


 90%|█████████ | 45/50 [57:32<06:03, 72.61s/it][A                 INFO     | >>                            run_libero_eval.py:223
                          Task: put the yellow and white                        
                          mug in the microwave and close                        
                          it                                                    
                 INFO     | >> Starting episode 46...     run_libero_eval.py:223
05/21 [06:30:28] INFO     | >> Success: True              run_libero_eval.py:223
                 INFO     | >> # episodes completed so    run_libero_eval.py:223
                          far: 496                                              
                 INFO     | >> # successes: 457 (92.1%)   run_libero_eval.py:223


 92%|█████████▏| 46/50 [58:46<04:51, 72.92s/it][A                 INFO     | >>                            run_libero_eval.py:223
                          Task: put the yellow and white                        
                          mug in the microwave and close                        
                          it                                                    
                 INFO     | >> Starting episode 47...     run_libero_eval.py:223
05/21 [06:31:32] INFO     | >> Success: True              run_libero_eval.py:223
                 INFO     | >> # episodes completed so    run_libero_eval.py:223
                          far: 497                                              
                 INFO     | >> # successes: 458 (92.2%)   run_libero_eval.py:223


 94%|█████████▍| 47/50 [59:50<03:30, 70.18s/it][A                 INFO     | >>                            run_libero_eval.py:223
                          Task: put the yellow and white                        
                          mug in the microwave and close                        
                          it                                                    
                 INFO     | >> Starting episode 48...     run_libero_eval.py:223
05/21 [06:32:37] INFO     | >> Success: True              run_libero_eval.py:223
                 INFO     | >> # episodes completed so    run_libero_eval.py:223
                          far: 498                                              
                 INFO     | >> # successes: 459 (92.2%)   run_libero_eval.py:223


 96%|█████████▌| 48/50 [1:00:55<02:17, 68.65s/it][A                 INFO     | >>                            run_libero_eval.py:223
                          Task: put the yellow and white                        
                          mug in the microwave and close                        
                          it                                                    
                 INFO     | >> Starting episode 49...     run_libero_eval.py:223
05/21 [06:33:52] INFO     | >> Success: True              run_libero_eval.py:223
                 INFO     | >> # episodes completed so    run_libero_eval.py:223
                          far: 499                                              
                 INFO     | >> # successes: 460 (92.2%)   run_libero_eval.py:223


 98%|█████████▊| 49/50 [1:02:10<01:10, 70.66s/it][A                 INFO     | >>                            run_libero_eval.py:223
                          Task: put the yellow and white                        
                          mug in the microwave and close                        
                          it                                                    
                 INFO     | >> Starting episode 50...     run_libero_eval.py:223
05/21 [06:35:00] INFO     | >> Success: True              run_libero_eval.py:223
                 INFO     | >> # episodes completed so    run_libero_eval.py:223
                          far: 500                                              
                 INFO     | >> # successes: 461 (92.2%)   run_libero_eval.py:223


100%|██████████| 50/50 [1:03:18<00:00, 69.78s/it][A
100%|██████████| 50/50 [1:03:18<00:00, 75.97s/it]
                 INFO     | >> Current task success rate: run_libero_eval.py:223
                          0.92                                                  
                 INFO     | >> Current total success      run_libero_eval.py:223
                          rate: 0.922                                           

100%|██████████| 10/10 [13:29:22<00:00, 4287.77s/it] 
100%|██████████| 10/10 [13:29:22<00:00, 4856.22s/it]
                 INFO     | >> Final results:             run_libero_eval.py:223
                 INFO     | >> Total episodes: 500        run_libero_eval.py:223
                 INFO     | >> Total successes: 461       run_libero_eval.py:223
                 INFO     | >> Overall success rate:      run_libero_eval.py:223
                          0.9220 (92.2%)                                        
wandb: WARNING Symlinked 1 file into the W&B run directory; call wandb.save again to sync new files.
[1;34mwandb[0m: 
[1;34mwandb[0m: 🚀 View run [33mEVAL-libero_10-openvla-2026_05_20-17_03_42[0m at: [34mhttps://wandb.ai/zxliang/openvla-oft-evaluation/runs/tbeyay0u[0m
[1;34mwandb[0m: Find logs at: [1;35mwandb/run-20260520_170534-tbeyay0u/logs[0m
Exception ignored in: <function MjRenderContext.__del__ at 0x7f494a6d0820>
Traceback (most recent call last):
  File "/mnt/pfs/scalelab2/liangzhixuan/miniconda3/envs/pub-ddpvla4/lib/python3.10/site-packages/robosuite/utils/binding_utils.py", line 199, in __del__
    self.gl_ctx.free()
  File "/mnt/pfs/scalelab2/liangzhixuan/miniconda3/envs/pub-ddpvla4/lib/python3.10/site-packages/robosuite/renderers/context/egl_context.py", line 149, in free
    EGL.eglMakeCurrent(EGL_DISPLAY, EGL.EGL_NO_SURFACE, EGL.EGL_NO_SURFACE, EGL.EGL_NO_CONTEXT)
  File "/mnt/pfs/scalelab2/liangzhixuan/miniconda3/envs/pub-ddpvla4/lib/python3.10/site-packages/OpenGL/error.py", line 230, in glCheckError
    raise self._errorClass(
OpenGL.raw.EGL._errors.EGLError: EGLError(
	err = EGL_NOT_INITIALIZED,
	baseOperation = eglMakeCurrent,
	cArguments = (
		<OpenGL._opaque.EGLDisplay_pointer object at 0x7f48d5977ec0>,
		<OpenGL._opaque.EGLSurface_pointer object at 0x7f494a9f3240>,
		<OpenGL._opaque.EGLSurface_pointer object at 0x7f494a9f3240>,
		<OpenGL._opaque.EGLContext_pointer object at 0x7f494a9f31c0>,
	),
	result = 0
)
Exception ignored in: <function EGLGLContext.__del__ at 0x7f494a6d0670>
Traceback (most recent call last):
  File "/mnt/pfs/scalelab2/liangzhixuan/miniconda3/envs/pub-ddpvla4/lib/python3.10/site-packages/robosuite/renderers/context/egl_context.py", line 155, in __del__
    self.free()
  File "/mnt/pfs/scalelab2/liangzhixuan/miniconda3/envs/pub-ddpvla4/lib/python3.10/site-packages/robosuite/renderers/context/egl_context.py", line 149, in free
    EGL.eglMakeCurrent(EGL_DISPLAY, EGL.EGL_NO_SURFACE, EGL.EGL_NO_SURFACE, EGL.EGL_NO_CONTEXT)
  File "/mnt/pfs/scalelab2/liangzhixuan/miniconda3/envs/pub-ddpvla4/lib/python3.10/site-packages/OpenGL/error.py", line 230, in glCheckError
    raise self._errorClass(
OpenGL.raw.EGL._errors.EGLError: EGLError(
	err = EGL_NOT_INITIALIZED,
	baseOperation = eglMakeCurrent,
	cArguments = (
		<OpenGL._opaque.EGLDisplay_pointer object at 0x7f48d5977ec0>,
		<OpenGL._opaque.EGLSurface_pointer object at 0x7f494a9f3240>,
		<OpenGL._opaque.EGLSurface_pointer object at 0x7f494a9f3240>,
		<OpenGL._opaque.EGLContext_pointer object at 0x7f494a9f31c0>,
	),
	result = 0
)
