2026-05-20 17:13:47.295286: I tensorflow/core/util/port.cc:113] oneDNN custom operations are on. You may see slightly different numerical results due to floating-point round-off errors from different computation orders. To turn them off, set the environment variable `TF_ENABLE_ONEDNN_OPTS=0`.
2026-05-20 17:13:47.343623: E external/local_xla/xla/stream_executor/cuda/cuda_dnn.cc:9261] Unable to register cuDNN factory: Attempting to register factory for plugin cuDNN when one has already been registered
2026-05-20 17:13:47.343675: E external/local_xla/xla/stream_executor/cuda/cuda_fft.cc:607] Unable to register cuFFT factory: Attempting to register factory for plugin cuFFT when one has already been registered
2026-05-20 17:13:47.345144: E external/local_xla/xla/stream_executor/cuda/cuda_blas.cc:1515] Unable to register cuBLAS factory: Attempting to register factory for plugin cuBLAS when one has already been registered
2026-05-20 17:13:47.353267: I tensorflow/core/platform/cpu_feature_guard.cc:182] This TensorFlow binary is optimized to use available CPU instructions in performance-critical operations.
To enable the following instructions: AVX2 AVX512F AVX512_VNNI FMA, in other operations, rebuild TensorFlow with the appropriate compiler flags.
2026-05-20 17:13:49.495623: W tensorflow/compiler/tf2tensorrt/utils/py_utils.cc:38] TF-TRT Warning: Could not find TensorRT
[robosuite WARNING] No private macro file found! (__init__.py:7)
[robosuite WARNING] It is recommended to use a private macro file (__init__.py:8)
[robosuite WARNING] To setup, run: python <home_path>/miniconda3/envs/pub-ddpvla4/lib/python3.10/site-packages/robosuite/scripts/setup_macros.py (__init__.py:9)
<frozen importlib._bootstrap>:283: DeprecationWarning: the load_module() method is deprecated and slated for removal in Python 3.12; use exec_module() instead
Using LIBERO constants:
  NUM_ACTIONS_CHUNK = 8
  ACTION_DIM = 7
  PROPRIO_DIM = 8
  ACTION_PROPRIO_NORMALIZATION_TYPE = bounds_q99
If needed, manually set the correct constants in `prismatic/vla/constants.py`!
Instantiating pretrained VLA policy...
Created backup of original config at: <home_path>/checkpoints/ddpvla_checkpoints/discrete-openvla-oft-libero-goal-from-ckpt/openvla-7b-exp+libero_goal_no_noops+b8+lr-0.0005+lora-r32+dropout-0.0--image_aug--parallel_dec--8_acts_chunk--bin_acts--discrete_diffusion--3rd_person_img--wrist_img--proprio_state--20250625_2016--200000_chkpt/config.json.back.20260520_171413
Updated config.json at: <home_path>/checkpoints/ddpvla_checkpoints/discrete-openvla-oft-libero-goal-from-ckpt/openvla-7b-exp+libero_goal_no_noops+b8+lr-0.0005+lora-r32+dropout-0.0--image_aug--parallel_dec--8_acts_chunk--bin_acts--discrete_diffusion--3rd_person_img--wrist_img--proprio_state--20250625_2016--200000_chkpt/config.json
Changes made:
  - Set AutoConfig to "configuration_prismatic.OpenVLAConfig"
  - Set AutoModelForVision2Seq to "modeling_prismatic.OpenVLAForActionPrediction"

Loading checkpoint shards:   0%|          | 0/4 [00:00<?, ?it/s]
Loading checkpoint shards:  25%|██▌       | 1/4 [00:00<00:00,  3.32it/s]
Loading checkpoint shards:  50%|█████     | 2/4 [00:00<00:00,  3.96it/s]
Loading checkpoint shards:  75%|███████▌  | 3/4 [00:00<00:00,  4.32it/s]
Loading checkpoint shards: 100%|██████████| 4/4 [00:00<00:00,  4.60it/s]
Loading checkpoint shards: 100%|██████████| 4/4 [00:00<00:00,  4.34it/s]
Loaded model: <class 'transformers_modules.openvla-7b-exp+libero_goal_no_noops+b8+lr-0.0005+lora-r32+dropout-0.0--image_aug--parallel_dec--8_acts_chunk--bin_acts--discrete_diffusion--3rd_person_img--wrist_img--proprio_state--20250625_2016--200000_chkpt.modeling_prismatic.OpenVLAForActionPrediction'>
05/20 [17:15:55] INFO     | >> Logging to local log file: run_libero_eval.py:208
                          ./experiments/logs/EVAL-libero_                       
                          goal-openvla-2026_05_20-17_14_1                       
                          3.txt                                                 
wandb: [wandb.login()] Loaded credentials for https://api.wandb.ai from WANDB_API_KEY.
wandb: Currently logged in as: zxliang to https://api.wandb.ai. Use `wandb login --relogin` to force relogin
<home_path>/miniconda3/envs/pub-ddpvla4/lib/python3.10/site-packages/wandb/analytics/sentry.py:269: DeprecationWarning: Read the `app_url` setting from the appropriate Settings object.
  app_url = wandb.util.app_url(tags["base_url"])  # type: ignore[index]
<home_path>/miniconda3/envs/pub-ddpvla4/lib/python3.10/site-packages/wandb/analytics/sentry.py:280: DeprecationWarning: The `Scope.user` setter is deprecated in favor of `Scope.set_user()`.
  self.scope.user = {"email": email}
wandb: setting up run mxv5bq3f
<home_path>/miniconda3/envs/pub-ddpvla4/lib/python3.10/site-packages/wandb/analytics/sentry.py:269: DeprecationWarning: Read the `app_url` setting from the appropriate Settings object.
  app_url = wandb.util.app_url(tags["base_url"])  # type: ignore[index]
<home_path>/miniconda3/envs/pub-ddpvla4/lib/python3.10/site-packages/wandb/analytics/sentry.py:280: DeprecationWarning: The `Scope.user` setter is deprecated in favor of `Scope.set_user()`.
  self.scope.user = {"email": email}
wandb: Tracking run with wandb version 0.27.0
wandb: Run data is saved locally in <home_path>/code/publish-ddpvla/wandb/run-20260520_171556-mxv5bq3f
wandb: Run `wandb offline` to turn off syncing.
wandb: Syncing run EVAL-libero_goal-openvla-2026_05_20-17_14_13
wandb: ⭐️ View project at https://wandb.ai/zxliang/openvla-oft-evaluation
wandb: 🚀 View run at https://wandb.ai/zxliang/openvla-oft-evaluation/runs/mxv5bq3f
[info] using task orders [0, 1, 2, 3, 4, 5, 6, 7, 8, 9]
05/20 [17:15:58] INFO     | >> Task suite: libero_goal    run_libero_eval.py:223

  0%|          | 0/10 [00:00<?, ?it/s][Warning]: datasets path <home_path>/code/publish-ddpvla/LIBERO/datasets does not exist!
                 INFO     | >> Using default initial      run_libero_eval.py:223
                          states                                                
[Warning]: datasets path <home_path>/code/publish-ddpvla/LIBERO/datasets does not exist!


  0%|          | 0/50 [00:00<?, ?it/s][A05/20 [17:16:02] INFO     | >>                            run_libero_eval.py:223
                          Task: open the middle drawer of                       
                          the cabinet                                           
                 INFO     | >> Starting episode 1...      run_libero_eval.py:223
05/20 [17:16:35] INFO     | >> Success: True              run_libero_eval.py:223
                 INFO     | >> # episodes completed so    run_libero_eval.py:223
                          far: 1                                                
                 INFO     | >> # successes: 1 (100.0%)    run_libero_eval.py:223


  2%|▏         | 1/50 [00:32<26:40, 32.66s/it][A                 INFO     | >>                            run_libero_eval.py:223
                          Task: open the middle drawer of                       
                          the cabinet                                           
                 INFO     | >> Starting episode 2...      run_libero_eval.py:223
05/20 [17:17:06] INFO     | >> Success: True              run_libero_eval.py:223
                 INFO     | >> # episodes completed so    run_libero_eval.py:223
                          far: 2                                                
                 INFO     | >> # successes: 2 (100.0%)    run_libero_eval.py:223


  4%|▍         | 2/50 [01:03<25:19, 31.65s/it][A                 INFO     | >>                            run_libero_eval.py:223
                          Task: open the middle drawer of                       
                          the cabinet                                           
                 INFO     | >> Starting episode 3...      run_libero_eval.py:223
05/20 [17:17:43] INFO     | >> Success: True              run_libero_eval.py:223
                 INFO     | >> # episodes completed so    run_libero_eval.py:223
                          far: 3                                                
                 INFO     | >> # successes: 3 (100.0%)    run_libero_eval.py:223


  6%|▌         | 3/50 [01:40<26:40, 34.06s/it][A                 INFO     | >>                            run_libero_eval.py:223
                          Task: open the middle drawer of                       
                          the cabinet                                           
                 INFO     | >> Starting episode 4...      run_libero_eval.py:223
05/20 [17:18:24] INFO     | >> Success: True              run_libero_eval.py:223
                 INFO     | >> # episodes completed so    run_libero_eval.py:223
                          far: 4                                                
                 INFO     | >> # successes: 4 (100.0%)    run_libero_eval.py:223


  8%|▊         | 4/50 [02:21<28:20, 36.97s/it][A                 INFO     | >>                            run_libero_eval.py:223
                          Task: open the middle drawer of                       
                          the cabinet                                           
                 INFO     | >> Starting episode 5...      run_libero_eval.py:223
05/20 [17:18:57] INFO     | >> Success: True              run_libero_eval.py:223
                 INFO     | >> # episodes completed so    run_libero_eval.py:223
                          far: 5                                                
                 INFO     | >> # successes: 5 (100.0%)    run_libero_eval.py:223


 10%|█         | 5/50 [02:54<26:34, 35.43s/it][A                 INFO     | >>                            run_libero_eval.py:223
                          Task: open the middle drawer of                       
                          the cabinet                                           
                 INFO     | >> Starting episode 6...      run_libero_eval.py:223
05/20 [17:20:13] INFO     | >> Success: False             run_libero_eval.py:223
                 INFO     | >> # episodes completed so    run_libero_eval.py:223
                          far: 6                                                
                 INFO     | >> # successes: 5 (83.3%)     run_libero_eval.py:223


 12%|█▏        | 6/50 [04:10<36:02, 49.15s/it][A                 INFO     | >>                            run_libero_eval.py:223
                          Task: open the middle drawer of                       
                          the cabinet                                           
                 INFO     | >> Starting episode 7...      run_libero_eval.py:223
05/20 [17:20:49] INFO     | >> Success: True              run_libero_eval.py:223
                 INFO     | >> # episodes completed so    run_libero_eval.py:223
                          far: 7                                                
                 INFO     | >> # successes: 6 (85.7%)     run_libero_eval.py:223


 14%|█▍        | 7/50 [04:46<32:11, 44.91s/it][A                 INFO     | >>                            run_libero_eval.py:223
                          Task: open the middle drawer of                       
                          the cabinet                                           
                 INFO     | >> Starting episode 8...      run_libero_eval.py:223
05/20 [17:21:27] INFO     | >> Success: True              run_libero_eval.py:223
                 INFO     | >> # episodes completed so    run_libero_eval.py:223
                          far: 8                                                
                 INFO     | >> # successes: 7 (87.5%)     run_libero_eval.py:223


 16%|█▌        | 8/50 [05:24<29:55, 42.76s/it][A                 INFO     | >>                            run_libero_eval.py:223
                          Task: open the middle drawer of                       
                          the cabinet                                           
                 INFO     | >> Starting episode 9...      run_libero_eval.py:223
05/20 [17:22:01] INFO     | >> Success: True              run_libero_eval.py:223
                 INFO     | >> # episodes completed so    run_libero_eval.py:223
                          far: 9                                                
                 INFO     | >> # successes: 8 (88.9%)     run_libero_eval.py:223


 18%|█▊        | 9/50 [05:59<27:24, 40.11s/it][A                 INFO     | >>                            run_libero_eval.py:223
                          Task: open the middle drawer of                       
                          the cabinet                                           
                 INFO     | >> Starting episode 10...     run_libero_eval.py:223
05/20 [17:22:50] INFO     | >> Success: True              run_libero_eval.py:223
                 INFO     | >> # episodes completed so    run_libero_eval.py:223
                          far: 10                                               
                 INFO     | >> # successes: 9 (90.0%)     run_libero_eval.py:223


 20%|██        | 10/50 [06:48<28:34, 42.86s/it][A                 INFO     | >>                            run_libero_eval.py:223
                          Task: open the middle drawer of                       
                          the cabinet                                           
                 INFO     | >> Starting episode 11...     run_libero_eval.py:223
05/20 [17:23:28] INFO     | >> Success: True              run_libero_eval.py:223
                 INFO     | >> # episodes completed so    run_libero_eval.py:223
                          far: 11                                               
                 INFO     | >> # successes: 10 (90.9%)    run_libero_eval.py:223


 22%|██▏       | 11/50 [07:25<26:50, 41.30s/it][A                 INFO     | >>                            run_libero_eval.py:223
                          Task: open the middle drawer of                       
                          the cabinet                                           
                 INFO     | >> Starting episode 12...     run_libero_eval.py:223
05/20 [17:23:58] INFO     | >> Success: True              run_libero_eval.py:223
                 INFO     | >> # episodes completed so    run_libero_eval.py:223
                          far: 12                                               
                 INFO     | >> # successes: 11 (91.7%)    run_libero_eval.py:223


 24%|██▍       | 12/50 [07:55<23:56, 37.80s/it][A                 INFO     | >>                            run_libero_eval.py:223
                          Task: open the middle drawer of                       
                          the cabinet                                           
                 INFO     | >> Starting episode 13...     run_libero_eval.py:223
05/20 [17:24:29] INFO     | >> Success: True              run_libero_eval.py:223
                 INFO     | >> # episodes completed so    run_libero_eval.py:223
                          far: 13                                               
                 INFO     | >> # successes: 12 (92.3%)    run_libero_eval.py:223


 26%|██▌       | 13/50 [08:27<22:07, 35.87s/it][A                 INFO     | >>                            run_libero_eval.py:223
                          Task: open the middle drawer of                       
                          the cabinet                                           
                 INFO     | >> Starting episode 14...     run_libero_eval.py:223
05/20 [17:25:22] INFO     | >> Success: True              run_libero_eval.py:223
                 INFO     | >> # episodes completed so    run_libero_eval.py:223
                          far: 14                                               
                 INFO     | >> # successes: 13 (92.9%)    run_libero_eval.py:223


 28%|██▊       | 14/50 [09:19<24:34, 40.95s/it][A                 INFO     | >>                            run_libero_eval.py:223
                          Task: open the middle drawer of                       
                          the cabinet                                           
                 INFO     | >> Starting episode 15...     run_libero_eval.py:223
05/20 [17:25:55] INFO     | >> Success: True              run_libero_eval.py:223
                 INFO     | >> # episodes completed so    run_libero_eval.py:223
                          far: 15                                               
                 INFO     | >> # successes: 14 (93.3%)    run_libero_eval.py:223


 30%|███       | 15/50 [09:52<22:26, 38.47s/it][A                 INFO     | >>                            run_libero_eval.py:223
                          Task: open the middle drawer of                       
                          the cabinet                                           
                 INFO     | >> Starting episode 16...     run_libero_eval.py:223
05/20 [17:26:30] INFO     | >> Success: True              run_libero_eval.py:223
                 INFO     | >> # episodes completed so    run_libero_eval.py:223
                          far: 16                                               
                 INFO     | >> # successes: 15 (93.8%)    run_libero_eval.py:223


 32%|███▏      | 16/50 [10:27<21:13, 37.47s/it][A                 INFO     | >>                            run_libero_eval.py:223
                          Task: open the middle drawer of                       
                          the cabinet                                           
                 INFO     | >> Starting episode 17...     run_libero_eval.py:223
05/20 [17:27:51] INFO     | >> Success: False             run_libero_eval.py:223
                 INFO     | >> # episodes completed so    run_libero_eval.py:223
                          far: 17                                               
                 INFO     | >> # successes: 15 (88.2%)    run_libero_eval.py:223


 34%|███▍      | 17/50 [11:48<27:51, 50.66s/it][A                 INFO     | >>                            run_libero_eval.py:223
                          Task: open the middle drawer of                       
                          the cabinet                                           
                 INFO     | >> Starting episode 18...     run_libero_eval.py:223
05/20 [17:28:33] INFO     | >> Success: True              run_libero_eval.py:223
                 INFO     | >> # episodes completed so    run_libero_eval.py:223
                          far: 18                                               
                 INFO     | >> # successes: 16 (88.9%)    run_libero_eval.py:223


 36%|███▌      | 18/50 [12:30<25:38, 48.07s/it][A                 INFO     | >>                            run_libero_eval.py:223
                          Task: open the middle drawer of                       
                          the cabinet                                           
                 INFO     | >> Starting episode 19...     run_libero_eval.py:223
05/20 [17:29:09] INFO     | >> Success: True              run_libero_eval.py:223
                 INFO     | >> # episodes completed so    run_libero_eval.py:223
                          far: 19                                               
                 INFO     | >> # successes: 17 (89.5%)    run_libero_eval.py:223


 38%|███▊      | 19/50 [13:06<22:51, 44.25s/it][A                 INFO     | >>                            run_libero_eval.py:223
                          Task: open the middle drawer of                       
                          the cabinet                                           
                 INFO     | >> Starting episode 20...     run_libero_eval.py:223
05/20 [17:29:52] INFO     | >> Success: True              run_libero_eval.py:223
                 INFO     | >> # episodes completed so    run_libero_eval.py:223
                          far: 20                                               
                 INFO     | >> # successes: 18 (90.0%)    run_libero_eval.py:223


 40%|████      | 20/50 [13:50<22:02, 44.09s/it][A                 INFO     | >>                            run_libero_eval.py:223
                          Task: open the middle drawer of                       
                          the cabinet                                           
                 INFO     | >> Starting episode 21...     run_libero_eval.py:223
05/20 [17:30:36] INFO     | >> Success: True              run_libero_eval.py:223
                 INFO     | >> # episodes completed so    run_libero_eval.py:223
                          far: 21                                               
                 INFO     | >> # successes: 19 (90.5%)    run_libero_eval.py:223


 42%|████▏     | 21/50 [14:33<21:11, 43.85s/it][A                 INFO     | >>                            run_libero_eval.py:223
                          Task: open the middle drawer of                       
                          the cabinet                                           
                 INFO     | >> Starting episode 22...     run_libero_eval.py:223
05/20 [17:31:09] INFO     | >> Success: True              run_libero_eval.py:223
                 INFO     | >> # episodes completed so    run_libero_eval.py:223
                          far: 22                                               
                 INFO     | >> # successes: 20 (90.9%)    run_libero_eval.py:223


 44%|████▍     | 22/50 [15:07<19:03, 40.83s/it][A                 INFO     | >>                            run_libero_eval.py:223
                          Task: open the middle drawer of                       
                          the cabinet                                           
                 INFO     | >> Starting episode 23...     run_libero_eval.py:223
05/20 [17:31:40] INFO     | >> Success: True              run_libero_eval.py:223
                 INFO     | >> # episodes completed so    run_libero_eval.py:223
                          far: 23                                               
                 INFO     | >> # successes: 21 (91.3%)    run_libero_eval.py:223


 46%|████▌     | 23/50 [15:37<17:00, 37.80s/it][A                 INFO     | >>                            run_libero_eval.py:223
                          Task: open the middle drawer of                       
                          the cabinet                                           
                 INFO     | >> Starting episode 24...     run_libero_eval.py:223
05/20 [17:32:15] INFO     | >> Success: True              run_libero_eval.py:223
                 INFO     | >> # episodes completed so    run_libero_eval.py:223
                          far: 24                                               
                 INFO     | >> # successes: 22 (91.7%)    run_libero_eval.py:223


 48%|████▊     | 24/50 [16:12<15:57, 36.83s/it][A                 INFO     | >>                            run_libero_eval.py:223
                          Task: open the middle drawer of                       
                          the cabinet                                           
                 INFO     | >> Starting episode 25...     run_libero_eval.py:223
05/20 [17:32:50] INFO     | >> Success: True              run_libero_eval.py:223
                 INFO     | >> # episodes completed so    run_libero_eval.py:223
                          far: 25                                               
                 INFO     | >> # successes: 23 (92.0%)    run_libero_eval.py:223


 50%|█████     | 25/50 [16:47<15:06, 36.27s/it][A                 INFO     | >>                            run_libero_eval.py:223
                          Task: open the middle drawer of                       
                          the cabinet                                           
                 INFO     | >> Starting episode 26...     run_libero_eval.py:223
05/20 [17:33:27] INFO     | >> Success: True              run_libero_eval.py:223
                 INFO     | >> # episodes completed so    run_libero_eval.py:223
                          far: 26                                               
                 INFO     | >> # successes: 24 (92.3%)    run_libero_eval.py:223


 52%|█████▏    | 26/50 [17:25<14:41, 36.71s/it][A                 INFO     | >>                            run_libero_eval.py:223
                          Task: open the middle drawer of                       
                          the cabinet                                           
                 INFO     | >> Starting episode 27...     run_libero_eval.py:223
05/20 [17:34:01] INFO     | >> Success: True              run_libero_eval.py:223
                 INFO     | >> # episodes completed so    run_libero_eval.py:223
                          far: 27                                               
                 INFO     | >> # successes: 25 (92.6%)    run_libero_eval.py:223


 54%|█████▍    | 27/50 [17:59<13:45, 35.89s/it][A                 INFO     | >>                            run_libero_eval.py:223
                          Task: open the middle drawer of                       
                          the cabinet                                           
                 INFO     | >> Starting episode 28...     run_libero_eval.py:223
05/20 [17:35:18] INFO     | >> Success: True              run_libero_eval.py:223
                 INFO     | >> # episodes completed so    run_libero_eval.py:223
                          far: 28                                               
                 INFO     | >> # successes: 26 (92.9%)    run_libero_eval.py:223


 56%|█████▌    | 28/50 [19:15<17:36, 48.01s/it][A                 INFO     | >>                            run_libero_eval.py:223
                          Task: open the middle drawer of                       
                          the cabinet                                           
                 INFO     | >> Starting episode 29...     run_libero_eval.py:223
05/20 [17:35:53] INFO     | >> Success: True              run_libero_eval.py:223
                 INFO     | >> # episodes completed so    run_libero_eval.py:223
                          far: 29                                               
                 INFO     | >> # successes: 27 (93.1%)    run_libero_eval.py:223


 58%|█████▊    | 29/50 [19:51<15:30, 44.29s/it][A                 INFO     | >>                            run_libero_eval.py:223
                          Task: open the middle drawer of                       
                          the cabinet                                           
                 INFO     | >> Starting episode 30...     run_libero_eval.py:223
05/20 [17:36:29] INFO     | >> Success: True              run_libero_eval.py:223
                 INFO     | >> # episodes completed so    run_libero_eval.py:223
                          far: 30                                               
                 INFO     | >> # successes: 28 (93.3%)    run_libero_eval.py:223


 60%|██████    | 30/50 [20:26<13:54, 41.73s/it][A                 INFO     | >>                            run_libero_eval.py:223
                          Task: open the middle drawer of                       
                          the cabinet                                           
                 INFO     | >> Starting episode 31...     run_libero_eval.py:223
05/20 [17:37:15] INFO     | >> Success: True              run_libero_eval.py:223
                 INFO     | >> # episodes completed so    run_libero_eval.py:223
                          far: 31                                               
                 INFO     | >> # successes: 29 (93.5%)    run_libero_eval.py:223


 62%|██████▏   | 31/50 [21:12<13:35, 42.91s/it][A                 INFO     | >>                            run_libero_eval.py:223
                          Task: open the middle drawer of                       
                          the cabinet                                           
                 INFO     | >> Starting episode 32...     run_libero_eval.py:223
05/20 [17:37:50] INFO     | >> Success: True              run_libero_eval.py:223
                 INFO     | >> # episodes completed so    run_libero_eval.py:223
                          far: 32                                               
                 INFO     | >> # successes: 30 (93.8%)    run_libero_eval.py:223


 64%|██████▍   | 32/50 [21:47<12:08, 40.49s/it][A                 INFO     | >>                            run_libero_eval.py:223
                          Task: open the middle drawer of                       
                          the cabinet                                           
                 INFO     | >> Starting episode 33...     run_libero_eval.py:223
05/20 [17:38:36] INFO     | >> Success: True              run_libero_eval.py:223
                 INFO     | >> # episodes completed so    run_libero_eval.py:223
                          far: 33                                               
                 INFO     | >> # successes: 31 (93.9%)    run_libero_eval.py:223


 66%|██████▌   | 33/50 [22:33<11:56, 42.16s/it][A                 INFO     | >>                            run_libero_eval.py:223
                          Task: open the middle drawer of                       
                          the cabinet                                           
                 INFO     | >> Starting episode 34...     run_libero_eval.py:223
05/20 [17:39:06] INFO     | >> Success: True              run_libero_eval.py:223
                 INFO     | >> # episodes completed so    run_libero_eval.py:223
                          far: 34                                               
                 INFO     | >> # successes: 32 (94.1%)    run_libero_eval.py:223


 68%|██████▊   | 34/50 [23:03<10:18, 38.64s/it][A                 INFO     | >>                            run_libero_eval.py:223
                          Task: open the middle drawer of                       
                          the cabinet                                           
                 INFO     | >> Starting episode 35...     run_libero_eval.py:223
05/20 [17:39:45] INFO     | >> Success: True              run_libero_eval.py:223
                 INFO     | >> # episodes completed so    run_libero_eval.py:223
                          far: 35                                               
                 INFO     | >> # successes: 33 (94.3%)    run_libero_eval.py:223


 70%|███████   | 35/50 [23:42<09:41, 38.74s/it][A                 INFO     | >>                            run_libero_eval.py:223
                          Task: open the middle drawer of                       
                          the cabinet                                           
                 INFO     | >> Starting episode 36...     run_libero_eval.py:223
05/20 [17:40:19] INFO     | >> Success: True              run_libero_eval.py:223
                 INFO     | >> # episodes completed so    run_libero_eval.py:223
                          far: 36                                               
                 INFO     | >> # successes: 34 (94.4%)    run_libero_eval.py:223


 72%|███████▏  | 36/50 [24:16<08:42, 37.33s/it][A                 INFO     | >>                            run_libero_eval.py:223
                          Task: open the middle drawer of                       
                          the cabinet                                           
                 INFO     | >> Starting episode 37...     run_libero_eval.py:223
05/20 [17:40:52] INFO     | >> Success: True              run_libero_eval.py:223
                 INFO     | >> # episodes completed so    run_libero_eval.py:223
                          far: 37                                               
                 INFO     | >> # successes: 35 (94.6%)    run_libero_eval.py:223


 74%|███████▍  | 37/50 [24:50<07:49, 36.15s/it][A                 INFO     | >>                            run_libero_eval.py:223
                          Task: open the middle drawer of                       
                          the cabinet                                           
                 INFO     | >> Starting episode 38...     run_libero_eval.py:223
05/20 [17:41:26] INFO     | >> Success: True              run_libero_eval.py:223
                 INFO     | >> # episodes completed so    run_libero_eval.py:223
                          far: 38                                               
                 INFO     | >> # successes: 36 (94.7%)    run_libero_eval.py:223


 76%|███████▌  | 38/50 [25:23<07:02, 35.24s/it][A                 INFO     | >>                            run_libero_eval.py:223
                          Task: open the middle drawer of                       
                          the cabinet                                           
                 INFO     | >> Starting episode 39...     run_libero_eval.py:223
05/20 [17:42:03] INFO     | >> Success: True              run_libero_eval.py:223
                 INFO     | >> # episodes completed so    run_libero_eval.py:223
                          far: 39                                               
                 INFO     | >> # successes: 37 (94.9%)    run_libero_eval.py:223


 78%|███████▊  | 39/50 [26:00<06:33, 35.78s/it][A                 INFO     | >>                            run_libero_eval.py:223
                          Task: open the middle drawer of                       
                          the cabinet                                           
                 INFO     | >> Starting episode 40...     run_libero_eval.py:223
05/20 [17:42:38] INFO     | >> Success: True              run_libero_eval.py:223
                 INFO     | >> # episodes completed so    run_libero_eval.py:223
                          far: 40                                               
                 INFO     | >> # successes: 38 (95.0%)    run_libero_eval.py:223


 80%|████████  | 40/50 [26:36<05:57, 35.78s/it][A                 INFO     | >>                            run_libero_eval.py:223
                          Task: open the middle drawer of                       
                          the cabinet                                           
                 INFO     | >> Starting episode 41...     run_libero_eval.py:223
05/20 [17:43:22] INFO     | >> Success: True              run_libero_eval.py:223
                 INFO     | >> # episodes completed so    run_libero_eval.py:223
                          far: 41                                               
                 INFO     | >> # successes: 39 (95.1%)    run_libero_eval.py:223


 82%|████████▏ | 41/50 [27:19<05:43, 38.17s/it][A                 INFO     | >>                            run_libero_eval.py:223
                          Task: open the middle drawer of                       
                          the cabinet                                           
                 INFO     | >> Starting episode 42...     run_libero_eval.py:223
05/20 [17:43:56] INFO     | >> Success: True              run_libero_eval.py:223
                 INFO     | >> # episodes completed so    run_libero_eval.py:223
                          far: 42                                               
                 INFO     | >> # successes: 40 (95.2%)    run_libero_eval.py:223


 84%|████████▍ | 42/50 [27:53<04:54, 36.86s/it][A                 INFO     | >>                            run_libero_eval.py:223
                          Task: open the middle drawer of                       
                          the cabinet                                           
                 INFO     | >> Starting episode 43...     run_libero_eval.py:223
05/20 [17:44:41] INFO     | >> Success: True              run_libero_eval.py:223
                 INFO     | >> # episodes completed so    run_libero_eval.py:223
                          far: 43                                               
                 INFO     | >> # successes: 41 (95.3%)    run_libero_eval.py:223


 86%|████████▌ | 43/50 [28:38<04:34, 39.20s/it][A                 INFO     | >>                            run_libero_eval.py:223
                          Task: open the middle drawer of                       
                          the cabinet                                           
                 INFO     | >> Starting episode 44...     run_libero_eval.py:223
05/20 [17:45:16] INFO     | >> Success: True              run_libero_eval.py:223
                 INFO     | >> # episodes completed so    run_libero_eval.py:223
                          far: 44                                               
                 INFO     | >> # successes: 42 (95.5%)    run_libero_eval.py:223


 88%|████████▊ | 44/50 [29:13<03:48, 38.08s/it][A                 INFO     | >>                            run_libero_eval.py:223
                          Task: open the middle drawer of                       
                          the cabinet                                           
                 INFO     | >> Starting episode 45...     run_libero_eval.py:223
05/20 [17:45:50] INFO     | >> Success: True              run_libero_eval.py:223
                 INFO     | >> # episodes completed so    run_libero_eval.py:223
                          far: 45                                               
                 INFO     | >> # successes: 43 (95.6%)    run_libero_eval.py:223


 90%|█████████ | 45/50 [29:48<03:04, 36.95s/it][A                 INFO     | >>                            run_libero_eval.py:223
                          Task: open the middle drawer of                       
                          the cabinet                                           
                 INFO     | >> Starting episode 46...     run_libero_eval.py:223
05/20 [17:46:21] INFO     | >> Success: True              run_libero_eval.py:223
                 INFO     | >> # episodes completed so    run_libero_eval.py:223
                          far: 46                                               
                 INFO     | >> # successes: 44 (95.7%)    run_libero_eval.py:223


 92%|█████████▏| 46/50 [30:18<02:20, 35.03s/it][A                 INFO     | >>                            run_libero_eval.py:223
                          Task: open the middle drawer of                       
                          the cabinet                                           
                 INFO     | >> Starting episode 47...     run_libero_eval.py:223
05/20 [17:46:57] INFO     | >> Success: True              run_libero_eval.py:223
                 INFO     | >> # episodes completed so    run_libero_eval.py:223
                          far: 47                                               
                 INFO     | >> # successes: 45 (95.7%)    run_libero_eval.py:223


 94%|█████████▍| 47/50 [30:55<01:46, 35.42s/it][A                 INFO     | >>                            run_libero_eval.py:223
                          Task: open the middle drawer of                       
                          the cabinet                                           
                 INFO     | >> Starting episode 48...     run_libero_eval.py:223
05/20 [17:47:38] INFO     | >> Success: True              run_libero_eval.py:223
                 INFO     | >> # episodes completed so    run_libero_eval.py:223
                          far: 48                                               
                 INFO     | >> # successes: 46 (95.8%)    run_libero_eval.py:223


 96%|█████████▌| 48/50 [31:35<01:13, 36.97s/it][A                 INFO     | >>                            run_libero_eval.py:223
                          Task: open the middle drawer of                       
                          the cabinet                                           
                 INFO     | >> Starting episode 49...     run_libero_eval.py:223
05/20 [17:48:17] INFO     | >> Success: True              run_libero_eval.py:223
                 INFO     | >> # episodes completed so    run_libero_eval.py:223
                          far: 49                                               
                 INFO     | >> # successes: 47 (95.9%)    run_libero_eval.py:223


 98%|█████████▊| 49/50 [32:15<00:37, 37.76s/it][A                 INFO     | >>                            run_libero_eval.py:223
                          Task: open the middle drawer of                       
                          the cabinet                                           
                 INFO     | >> Starting episode 50...     run_libero_eval.py:223
05/20 [17:49:05] INFO     | >> Success: True              run_libero_eval.py:223
                 INFO     | >> # episodes completed so    run_libero_eval.py:223
                          far: 50                                               
                 INFO     | >> # successes: 48 (96.0%)    run_libero_eval.py:223


100%|██████████| 50/50 [33:02<00:00, 40.61s/it][A
100%|██████████| 50/50 [33:02<00:00, 39.65s/it]
                 INFO     | >> Current task success rate: run_libero_eval.py:223
                          0.96                                                  
                 INFO     | >> Current total success      run_libero_eval.py:223
                          rate: 0.96                                            

 10%|█         | 1/10 [33:06<4:58:01, 1986.82s/it][Warning]: datasets path <home_path>/code/publish-ddpvla/LIBERO/datasets does not exist!
                 INFO     | >> Using default initial      run_libero_eval.py:223
                          states                                                
[Warning]: datasets path <home_path>/code/publish-ddpvla/LIBERO/datasets does not exist!


  0%|          | 0/50 [00:00<?, ?it/s][A05/20 [17:49:07] INFO     | >>                            run_libero_eval.py:223
                          Task: put the bowl on the stove                       
                 INFO     | >> Starting episode 1...      run_libero_eval.py:223
05/20 [17:49:41] INFO     | >> Success: True              run_libero_eval.py:223
                 INFO     | >> # episodes completed so    run_libero_eval.py:223
                          far: 51                                               
                 INFO     | >> # successes: 49 (96.1%)    run_libero_eval.py:223


  2%|▏         | 1/50 [00:34<27:56, 34.22s/it][A                 INFO     | >>                            run_libero_eval.py:223
                          Task: put the bowl on the stove                       
                 INFO     | >> Starting episode 2...      run_libero_eval.py:223
05/20 [17:50:23] INFO     | >> Success: True              run_libero_eval.py:223
05/20 [17:50:24] INFO     | >> # episodes completed so    run_libero_eval.py:223
                          far: 52                                               
                 INFO     | >> # successes: 50 (96.2%)    run_libero_eval.py:223


  4%|▍         | 2/50 [01:16<31:02, 38.81s/it][A                 INFO     | >>                            run_libero_eval.py:223
                          Task: put the bowl on the stove                       
                 INFO     | >> Starting episode 3...      run_libero_eval.py:223
05/20 [17:51:01] INFO     | >> Success: True              run_libero_eval.py:223
                 INFO     | >> # episodes completed so    run_libero_eval.py:223
                          far: 53                                               
                 INFO     | >> # successes: 51 (96.2%)    run_libero_eval.py:223


  6%|▌         | 3/50 [01:54<30:05, 38.42s/it][A                 INFO     | >>                            run_libero_eval.py:223
                          Task: put the bowl on the stove                       
                 INFO     | >> Starting episode 4...      run_libero_eval.py:223
05/20 [17:51:57] INFO     | >> Success: True              run_libero_eval.py:223
                 INFO     | >> # episodes completed so    run_libero_eval.py:223
                          far: 54                                               
                 INFO     | >> # successes: 52 (96.3%)    run_libero_eval.py:223


  8%|▊         | 4/50 [02:49<34:39, 45.21s/it][A                 INFO     | >>                            run_libero_eval.py:223
                          Task: put the bowl on the stove                       
                 INFO     | >> Starting episode 5...      run_libero_eval.py:223
05/20 [17:52:53] INFO     | >> Success: True              run_libero_eval.py:223
                 INFO     | >> # episodes completed so    run_libero_eval.py:223
                          far: 55                                               
                 INFO     | >> # successes: 53 (96.4%)    run_libero_eval.py:223


 10%|█         | 5/50 [03:45<36:45, 49.02s/it][A                 INFO     | >>                            run_libero_eval.py:223
                          Task: put the bowl on the stove                       
                 INFO     | >> Starting episode 6...      run_libero_eval.py:223
05/20 [17:53:34] INFO     | >> Success: True              run_libero_eval.py:223
                 INFO     | >> # episodes completed so    run_libero_eval.py:223
                          far: 56                                               
                 INFO     | >> # successes: 54 (96.4%)    run_libero_eval.py:223


 12%|█▏        | 6/50 [04:26<33:59, 46.36s/it][A                 INFO     | >>                            run_libero_eval.py:223
                          Task: put the bowl on the stove                       
                 INFO     | >> Starting episode 7...      run_libero_eval.py:223
05/20 [17:54:30] INFO     | >> Success: True              run_libero_eval.py:223
                 INFO     | >> # episodes completed so    run_libero_eval.py:223
                          far: 57                                               
                 INFO     | >> # successes: 55 (96.5%)    run_libero_eval.py:223


 14%|█▍        | 7/50 [05:22<35:26, 49.45s/it][A                 INFO     | >>                            run_libero_eval.py:223
                          Task: put the bowl on the stove                       
                 INFO     | >> Starting episode 8...      run_libero_eval.py:223
05/20 [17:55:20] INFO     | >> Success: True              run_libero_eval.py:223
                 INFO     | >> # episodes completed so    run_libero_eval.py:223
                          far: 58                                               
                 INFO     | >> # successes: 56 (96.6%)    run_libero_eval.py:223


 16%|█▌        | 8/50 [06:12<34:40, 49.54s/it][A                 INFO     | >>                            run_libero_eval.py:223
                          Task: put the bowl on the stove                       
                 INFO     | >> Starting episode 9...      run_libero_eval.py:223
05/20 [17:56:12] INFO     | >> Success: True              run_libero_eval.py:223
                 INFO     | >> # episodes completed so    run_libero_eval.py:223
                          far: 59                                               
                 INFO     | >> # successes: 57 (96.6%)    run_libero_eval.py:223


 18%|█▊        | 9/50 [07:04<34:24, 50.35s/it][A                 INFO     | >>                            run_libero_eval.py:223
                          Task: put the bowl on the stove                       
                 INFO     | >> Starting episode 10...     run_libero_eval.py:223
05/20 [17:57:00] INFO     | >> Success: True              run_libero_eval.py:223
                 INFO     | >> # episodes completed so    run_libero_eval.py:223
                          far: 60                                               
                 INFO     | >> # successes: 58 (96.7%)    run_libero_eval.py:223


 20%|██        | 10/50 [07:52<33:09, 49.74s/it][A                 INFO     | >>                            run_libero_eval.py:223
                          Task: put the bowl on the stove                       
                 INFO     | >> Starting episode 11...     run_libero_eval.py:223
05/20 [17:57:47] INFO     | >> Success: True              run_libero_eval.py:223
                 INFO     | >> # episodes completed so    run_libero_eval.py:223
                          far: 61                                               
                 INFO     | >> # successes: 59 (96.7%)    run_libero_eval.py:223


 22%|██▏       | 11/50 [08:39<31:41, 48.77s/it][A                 INFO     | >>                            run_libero_eval.py:223
                          Task: put the bowl on the stove                       
                 INFO     | >> Starting episode 12...     run_libero_eval.py:223
05/20 [17:58:26] INFO     | >> Success: True              run_libero_eval.py:223
                 INFO     | >> # episodes completed so    run_libero_eval.py:223
                          far: 62                                               
                 INFO     | >> # successes: 60 (96.8%)    run_libero_eval.py:223


 24%|██▍       | 12/50 [09:18<29:00, 45.80s/it][A                 INFO     | >>                            run_libero_eval.py:223
                          Task: put the bowl on the stove                       
                 INFO     | >> Starting episode 13...     run_libero_eval.py:223
05/20 [17:59:08] INFO     | >> Success: True              run_libero_eval.py:223
                 INFO     | >> # episodes completed so    run_libero_eval.py:223
                          far: 63                                               
                 INFO     | >> # successes: 61 (96.8%)    run_libero_eval.py:223


 26%|██▌       | 13/50 [10:00<27:38, 44.81s/it][A                 INFO     | >>                            run_libero_eval.py:223
                          Task: put the bowl on the stove                       
                 INFO     | >> Starting episode 14...     run_libero_eval.py:223
05/20 [18:00:03] INFO     | >> Success: True              run_libero_eval.py:223
                 INFO     | >> # episodes completed so    run_libero_eval.py:223
                          far: 64                                               
                 INFO     | >> # successes: 62 (96.9%)    run_libero_eval.py:223


 28%|██▊       | 14/50 [10:55<28:40, 47.79s/it][A                 INFO     | >>                            run_libero_eval.py:223
                          Task: put the bowl on the stove                       
                 INFO     | >> Starting episode 15...     run_libero_eval.py:223
05/20 [18:00:55] INFO     | >> Success: True              run_libero_eval.py:223
                 INFO     | >> # episodes completed so    run_libero_eval.py:223
                          far: 65                                               
                 INFO     | >> # successes: 63 (96.9%)    run_libero_eval.py:223


 30%|███       | 15/50 [11:47<28:37, 49.06s/it][A                 INFO     | >>                            run_libero_eval.py:223
                          Task: put the bowl on the stove                       
                 INFO     | >> Starting episode 16...     run_libero_eval.py:223
05/20 [18:01:54] INFO     | >> Success: True              run_libero_eval.py:223
05/20 [18:01:55] INFO     | >> # episodes completed so    run_libero_eval.py:223
                          far: 66                                               
                 INFO     | >> # successes: 64 (97.0%)    run_libero_eval.py:223


 32%|███▏      | 16/50 [12:47<29:36, 52.24s/it][A                 INFO     | >>                            run_libero_eval.py:223
                          Task: put the bowl on the stove                       
                 INFO     | >> Starting episode 17...     run_libero_eval.py:223
05/20 [18:02:54] INFO     | >> Success: True              run_libero_eval.py:223
                 INFO     | >> # episodes completed so    run_libero_eval.py:223
                          far: 67                                               
                 INFO     | >> # successes: 65 (97.0%)    run_libero_eval.py:223


 34%|███▍      | 17/50 [13:47<30:00, 54.56s/it][A                 INFO     | >>                            run_libero_eval.py:223
                          Task: put the bowl on the stove                       
                 INFO     | >> Starting episode 18...     run_libero_eval.py:223
05/20 [18:03:27] INFO     | >> Success: True              run_libero_eval.py:223
                 INFO     | >> # episodes completed so    run_libero_eval.py:223
                          far: 68                                               
                 INFO     | >> # successes: 66 (97.1%)    run_libero_eval.py:223


 36%|███▌      | 18/50 [14:20<25:37, 48.04s/it][A                 INFO     | >>                            run_libero_eval.py:223
                          Task: put the bowl on the stove                       
                 INFO     | >> Starting episode 19...     run_libero_eval.py:223
05/20 [18:04:20] INFO     | >> Success: True              run_libero_eval.py:223
                 INFO     | >> # episodes completed so    run_libero_eval.py:223
                          far: 69                                               
                 INFO     | >> # successes: 67 (97.1%)    run_libero_eval.py:223


 38%|███▊      | 19/50 [15:12<25:28, 49.30s/it][A                 INFO     | >>                            run_libero_eval.py:223
                          Task: put the bowl on the stove                       
                 INFO     | >> Starting episode 20...     run_libero_eval.py:223
05/20 [18:05:09] INFO     | >> Success: True              run_libero_eval.py:223
05/20 [18:05:10] INFO     | >> # episodes completed so    run_libero_eval.py:223
                          far: 70                                               
                 INFO     | >> # successes: 68 (97.1%)    run_libero_eval.py:223


 40%|████      | 20/50 [16:02<24:44, 49.49s/it][A                 INFO     | >>                            run_libero_eval.py:223
                          Task: put the bowl on the stove                       
                 INFO     | >> Starting episode 21...     run_libero_eval.py:223
05/20 [18:05:53] INFO     | >> Success: True              run_libero_eval.py:223
                 INFO     | >> # episodes completed so    run_libero_eval.py:223
                          far: 71                                               
                 INFO     | >> # successes: 69 (97.2%)    run_libero_eval.py:223


 42%|████▏     | 21/50 [16:45<23:00, 47.62s/it][A                 INFO     | >>                            run_libero_eval.py:223
                          Task: put the bowl on the stove                       
                 INFO     | >> Starting episode 22...     run_libero_eval.py:223
05/20 [18:06:56] INFO     | >> Success: True              run_libero_eval.py:223
                 INFO     | >> # episodes completed so    run_libero_eval.py:223
                          far: 72                                               
                 INFO     | >> # successes: 70 (97.2%)    run_libero_eval.py:223


 44%|████▍     | 22/50 [17:49<24:27, 52.40s/it][A                 INFO     | >>                            run_libero_eval.py:223
                          Task: put the bowl on the stove                       
                 INFO     | >> Starting episode 23...     run_libero_eval.py:223
05/20 [18:07:51] INFO     | >> Success: True              run_libero_eval.py:223
                 INFO     | >> # episodes completed so    run_libero_eval.py:223
                          far: 73                                               
                 INFO     | >> # successes: 71 (97.3%)    run_libero_eval.py:223


 46%|████▌     | 23/50 [18:44<23:56, 53.21s/it][A                 INFO     | >>                            run_libero_eval.py:223
                          Task: put the bowl on the stove                       
                 INFO     | >> Starting episode 24...     run_libero_eval.py:223
05/20 [18:08:27] INFO     | >> Success: True              run_libero_eval.py:223
                 INFO     | >> # episodes completed so    run_libero_eval.py:223
                          far: 74                                               
                 INFO     | >> # successes: 72 (97.3%)    run_libero_eval.py:223


 48%|████▊     | 24/50 [19:19<20:46, 47.96s/it][A                 INFO     | >>                            run_libero_eval.py:223
                          Task: put the bowl on the stove                       
                 INFO     | >> Starting episode 25...     run_libero_eval.py:223
05/20 [18:09:21] INFO     | >> Success: True              run_libero_eval.py:223
                 INFO     | >> # episodes completed so    run_libero_eval.py:223
                          far: 75                                               
                 INFO     | >> # successes: 73 (97.3%)    run_libero_eval.py:223


 50%|█████     | 25/50 [20:14<20:46, 49.86s/it][A                 INFO     | >>                            run_libero_eval.py:223
                          Task: put the bowl on the stove                       
                 INFO     | >> Starting episode 26...     run_libero_eval.py:223
05/20 [18:10:17] INFO     | >> Success: True              run_libero_eval.py:223
                 INFO     | >> # episodes completed so    run_libero_eval.py:223
                          far: 76                                               
                 INFO     | >> # successes: 74 (97.4%)    run_libero_eval.py:223


 52%|█████▏    | 26/50 [21:10<20:40, 51.70s/it][A                 INFO     | >>                            run_libero_eval.py:223
                          Task: put the bowl on the stove                       
                 INFO     | >> Starting episode 27...     run_libero_eval.py:223
05/20 [18:12:46] INFO     | >> Success: False             run_libero_eval.py:223
                 INFO     | >> # episodes completed so    run_libero_eval.py:223
                          far: 77                                               
                 INFO     | >> # successes: 74 (96.1%)    run_libero_eval.py:223


 54%|█████▍    | 27/50 [23:38<30:56, 80.74s/it][A                 INFO     | >>                            run_libero_eval.py:223
                          Task: put the bowl on the stove                       
                 INFO     | >> Starting episode 28...     run_libero_eval.py:223
05/20 [18:13:38] INFO     | >> Success: True              run_libero_eval.py:223
                 INFO     | >> # episodes completed so    run_libero_eval.py:223
                          far: 78                                               
                 INFO     | >> # successes: 75 (96.2%)    run_libero_eval.py:223


 56%|█████▌    | 28/50 [24:31<26:29, 72.25s/it][A                 INFO     | >>                            run_libero_eval.py:223
                          Task: put the bowl on the stove                       
                 INFO     | >> Starting episode 29...     run_libero_eval.py:223
05/20 [18:14:31] INFO     | >> Success: True              run_libero_eval.py:223
                 INFO     | >> # episodes completed so    run_libero_eval.py:223
                          far: 79                                               
                 INFO     | >> # successes: 76 (96.2%)    run_libero_eval.py:223


 58%|█████▊    | 29/50 [25:23<23:15, 66.45s/it][A                 INFO     | >>                            run_libero_eval.py:223
                          Task: put the bowl on the stove                       
                 INFO     | >> Starting episode 30...     run_libero_eval.py:223
05/20 [18:15:24] INFO     | >> Success: True              run_libero_eval.py:223
                 INFO     | >> # episodes completed so    run_libero_eval.py:223
                          far: 80                                               
                 INFO     | >> # successes: 77 (96.2%)    run_libero_eval.py:223


 60%|██████    | 30/50 [26:16<20:47, 62.39s/it][A                 INFO     | >>                            run_libero_eval.py:223
                          Task: put the bowl on the stove                       
                 INFO     | >> Starting episode 31...     run_libero_eval.py:223
05/20 [18:16:26] INFO     | >> Success: True              run_libero_eval.py:223
                 INFO     | >> # episodes completed so    run_libero_eval.py:223
                          far: 81                                               
                 INFO     | >> # successes: 78 (96.3%)    run_libero_eval.py:223


 62%|██████▏   | 31/50 [27:18<19:39, 62.10s/it][A                 INFO     | >>                            run_libero_eval.py:223
                          Task: put the bowl on the stove                       
                 INFO     | >> Starting episode 32...     run_libero_eval.py:223
05/20 [18:17:19] INFO     | >> Success: True              run_libero_eval.py:223
                 INFO     | >> # episodes completed so    run_libero_eval.py:223
                          far: 82                                               
                 INFO     | >> # successes: 79 (96.3%)    run_libero_eval.py:223


 64%|██████▍   | 32/50 [28:11<17:52, 59.57s/it][A                 INFO     | >>                            run_libero_eval.py:223
                          Task: put the bowl on the stove                       
                 INFO     | >> Starting episode 33...     run_libero_eval.py:223
05/20 [18:18:11] INFO     | >> Success: True              run_libero_eval.py:223
                 INFO     | >> # episodes completed so    run_libero_eval.py:223
                          far: 83                                               
                 INFO     | >> # successes: 80 (96.4%)    run_libero_eval.py:223


 66%|██████▌   | 33/50 [29:03<16:11, 57.13s/it][A                 INFO     | >>                            run_libero_eval.py:223
                          Task: put the bowl on the stove                       
                 INFO     | >> Starting episode 34...     run_libero_eval.py:223
05/20 [18:19:01] INFO     | >> Success: True              run_libero_eval.py:223
                 INFO     | >> # episodes completed so    run_libero_eval.py:223
                          far: 84                                               
                 INFO     | >> # successes: 81 (96.4%)    run_libero_eval.py:223


 68%|██████▊   | 34/50 [29:53<14:39, 54.99s/it][A                 INFO     | >>                            run_libero_eval.py:223
                          Task: put the bowl on the stove                       
                 INFO     | >> Starting episode 35...     run_libero_eval.py:223
05/20 [18:19:46] INFO     | >> Success: True              run_libero_eval.py:223
                 INFO     | >> # episodes completed so    run_libero_eval.py:223
                          far: 85                                               
                 INFO     | >> # successes: 82 (96.5%)    run_libero_eval.py:223


 70%|███████   | 35/50 [30:39<13:03, 52.23s/it][A                 INFO     | >>                            run_libero_eval.py:223
                          Task: put the bowl on the stove                       
                 INFO     | >> Starting episode 36...     run_libero_eval.py:223
05/20 [18:20:40] INFO     | >> Success: True              run_libero_eval.py:223
                 INFO     | >> # episodes completed so    run_libero_eval.py:223
                          far: 86                                               
                 INFO     | >> # successes: 83 (96.5%)    run_libero_eval.py:223


 72%|███████▏  | 36/50 [31:32<12:15, 52.52s/it][A                 INFO     | >>                            run_libero_eval.py:223
                          Task: put the bowl on the stove                       
                 INFO     | >> Starting episode 37...     run_libero_eval.py:223
05/20 [18:21:33] INFO     | >> Success: True              run_libero_eval.py:223
                 INFO     | >> # episodes completed so    run_libero_eval.py:223
                          far: 87                                               
                 INFO     | >> # successes: 84 (96.6%)    run_libero_eval.py:223


 74%|███████▍  | 37/50 [32:25<11:25, 52.74s/it][A                 INFO     | >>                            run_libero_eval.py:223
                          Task: put the bowl on the stove                       
                 INFO     | >> Starting episode 38...     run_libero_eval.py:223
05/20 [18:22:36] INFO     | >> Success: True              run_libero_eval.py:223
                 INFO     | >> # episodes completed so    run_libero_eval.py:223
                          far: 88                                               
                 INFO     | >> # successes: 85 (96.6%)    run_libero_eval.py:223


 76%|███████▌  | 38/50 [33:29<11:11, 55.99s/it][A05/20 [18:22:37] INFO     | >>                            run_libero_eval.py:223
                          Task: put the bowl on the stove                       
                 INFO     | >> Starting episode 39...     run_libero_eval.py:223
05/20 [18:23:33] INFO     | >> Success: True              run_libero_eval.py:223
                 INFO     | >> # episodes completed so    run_libero_eval.py:223
                          far: 89                                               
                 INFO     | >> # successes: 86 (96.6%)    run_libero_eval.py:223


 78%|███████▊  | 39/50 [34:26<10:19, 56.29s/it][A                 INFO     | >>                            run_libero_eval.py:223
                          Task: put the bowl on the stove                       
                 INFO     | >> Starting episode 40...     run_libero_eval.py:223
05/20 [18:24:22] INFO     | >> Success: True              run_libero_eval.py:223
                 INFO     | >> # episodes completed so    run_libero_eval.py:223
                          far: 90                                               
                 INFO     | >> # successes: 87 (96.7%)    run_libero_eval.py:223


 80%|████████  | 40/50 [35:14<08:58, 53.81s/it][A                 INFO     | >>                            run_libero_eval.py:223
                          Task: put the bowl on the stove                       
                 INFO     | >> Starting episode 41...     run_libero_eval.py:223
05/20 [18:25:20] INFO     | >> Success: True              run_libero_eval.py:223
                 INFO     | >> # episodes completed so    run_libero_eval.py:223
                          far: 91                                               
                 INFO     | >> # successes: 88 (96.7%)    run_libero_eval.py:223


 82%|████████▏ | 41/50 [36:12<08:16, 55.16s/it][A                 INFO     | >>                            run_libero_eval.py:223
                          Task: put the bowl on the stove                       
                 INFO     | >> Starting episode 42...     run_libero_eval.py:223
05/20 [18:26:13] INFO     | >> Success: True              run_libero_eval.py:223
                 INFO     | >> # episodes completed so    run_libero_eval.py:223
                          far: 92                                               
                 INFO     | >> # successes: 89 (96.7%)    run_libero_eval.py:223


 84%|████████▍ | 42/50 [37:05<07:16, 54.60s/it][A                 INFO     | >>                            run_libero_eval.py:223
                          Task: put the bowl on the stove                       
                 INFO     | >> Starting episode 43...     run_libero_eval.py:223
05/20 [18:27:04] INFO     | >> Success: True              run_libero_eval.py:223
                 INFO     | >> # episodes completed so    run_libero_eval.py:223
                          far: 93                                               
                 INFO     | >> # successes: 90 (96.8%)    run_libero_eval.py:223


 86%|████████▌ | 43/50 [37:57<06:15, 53.63s/it][A                 INFO     | >>                            run_libero_eval.py:223
                          Task: put the bowl on the stove                       
05/20 [18:27:05] INFO     | >> Starting episode 44...     run_libero_eval.py:223
05/20 [18:27:59] INFO     | >> Success: True              run_libero_eval.py:223
                 INFO     | >> # episodes completed so    run_libero_eval.py:223
                          far: 94                                               
                 INFO     | >> # successes: 91 (96.8%)    run_libero_eval.py:223


 88%|████████▊ | 44/50 [38:51<05:22, 53.79s/it][A                 INFO     | >>                            run_libero_eval.py:223
                          Task: put the bowl on the stove                       
                 INFO     | >> Starting episode 45...     run_libero_eval.py:223
05/20 [18:30:22] INFO     | >> Success: False             run_libero_eval.py:223
                 INFO     | >> # episodes completed so    run_libero_eval.py:223
                          far: 95                                               
                 INFO     | >> # successes: 91 (95.8%)    run_libero_eval.py:223


 90%|█████████ | 45/50 [41:14<06:43, 80.72s/it][A                 INFO     | >>                            run_libero_eval.py:223
                          Task: put the bowl on the stove                       
                 INFO     | >> Starting episode 46...     run_libero_eval.py:223
05/20 [18:31:15] INFO     | >> Success: True              run_libero_eval.py:223
                 INFO     | >> # episodes completed so    run_libero_eval.py:223
                          far: 96                                               
                 INFO     | >> # successes: 92 (95.8%)    run_libero_eval.py:223


 92%|█████████▏| 46/50 [42:07<04:49, 72.34s/it][A                 INFO     | >>                            run_libero_eval.py:223
                          Task: put the bowl on the stove                       
                 INFO     | >> Starting episode 47...     run_libero_eval.py:223
05/20 [18:31:56] INFO     | >> Success: True              run_libero_eval.py:223
                 INFO     | >> # episodes completed so    run_libero_eval.py:223
                          far: 97                                               
                 INFO     | >> # successes: 93 (95.9%)    run_libero_eval.py:223


 94%|█████████▍| 47/50 [42:48<03:08, 62.94s/it][A                 INFO     | >>                            run_libero_eval.py:223
                          Task: put the bowl on the stove                       
                 INFO     | >> Starting episode 48...     run_libero_eval.py:223
05/20 [18:32:29] INFO     | >> Success: True              run_libero_eval.py:223
                 INFO     | >> # episodes completed so    run_libero_eval.py:223
                          far: 98                                               
                 INFO     | >> # successes: 94 (95.9%)    run_libero_eval.py:223


 96%|█████████▌| 48/50 [43:22<01:48, 54.05s/it][A                 INFO     | >>                            run_libero_eval.py:223
                          Task: put the bowl on the stove                       
                 INFO     | >> Starting episode 49...     run_libero_eval.py:223
05/20 [18:33:22] INFO     | >> Success: True              run_libero_eval.py:223
                 INFO     | >> # episodes completed so    run_libero_eval.py:223
                          far: 99                                               
                 INFO     | >> # successes: 95 (96.0%)    run_libero_eval.py:223


 98%|█████████▊| 49/50 [44:14<00:53, 53.66s/it][A                 INFO     | >>                            run_libero_eval.py:223
                          Task: put the bowl on the stove                       
                 INFO     | >> Starting episode 50...     run_libero_eval.py:223
05/20 [18:34:07] INFO     | >> Success: True              run_libero_eval.py:223
                 INFO     | >> # episodes completed so    run_libero_eval.py:223
                          far: 100                                              
                 INFO     | >> # successes: 96 (96.0%)    run_libero_eval.py:223


100%|██████████| 50/50 [44:59<00:00, 51.12s/it][A
100%|██████████| 50/50 [44:59<00:00, 54.00s/it]
                 INFO     | >> Current task success rate: run_libero_eval.py:223
                          0.96                                                  
                 INFO     | >> Current total success      run_libero_eval.py:223
                          rate: 0.96                                            

 20%|██        | 2/10 [1:18:09<5:21:02, 2407.86s/it][Warning]: datasets path <home_path>/code/publish-ddpvla/LIBERO/datasets does not exist!
                 INFO     | >> Using default initial      run_libero_eval.py:223
                          states                                                
[Warning]: datasets path <home_path>/code/publish-ddpvla/LIBERO/datasets does not exist!


  0%|          | 0/50 [00:00<?, ?it/s][A05/20 [18:34:13] INFO     | >>                            run_libero_eval.py:223
                          Task: put the wine bottle on                          
                          top of the cabinet                                    
                 INFO     | >> Starting episode 1...      run_libero_eval.py:223
05/20 [18:34:58] INFO     | >> Success: True              run_libero_eval.py:223
                 INFO     | >> # episodes completed so    run_libero_eval.py:223
                          far: 101                                              
                 INFO     | >> # successes: 97 (96.0%)    run_libero_eval.py:223


  2%|▏         | 1/50 [00:45<36:45, 45.01s/it][A                 INFO     | >>                            run_libero_eval.py:223
                          Task: put the wine bottle on                          
                          top of the cabinet                                    
                 INFO     | >> Starting episode 2...      run_libero_eval.py:223
05/20 [18:35:51] INFO     | >> Success: True              run_libero_eval.py:223
                 INFO     | >> # episodes completed so    run_libero_eval.py:223
                          far: 102                                              
                 INFO     | >> # successes: 98 (96.1%)    run_libero_eval.py:223


  4%|▍         | 2/50 [01:37<39:43, 49.65s/it][A                 INFO     | >>                            run_libero_eval.py:223
                          Task: put the wine bottle on                          
                          top of the cabinet                                    
                 INFO     | >> Starting episode 3...      run_libero_eval.py:223
05/20 [18:36:36] INFO     | >> Success: True              run_libero_eval.py:223
                 INFO     | >> # episodes completed so    run_libero_eval.py:223
                          far: 103                                              
                 INFO     | >> # successes: 99 (96.1%)    run_libero_eval.py:223


  6%|▌         | 3/50 [02:22<37:02, 47.29s/it][A                 INFO     | >>                            run_libero_eval.py:223
                          Task: put the wine bottle on                          
                          top of the cabinet                                    
                 INFO     | >> Starting episode 4...      run_libero_eval.py:223
05/20 [18:37:25] INFO     | >> Success: True              run_libero_eval.py:223
                 INFO     | >> # episodes completed so    run_libero_eval.py:223
                          far: 104                                              
                 INFO     | >> # successes: 100 (96.2%)   run_libero_eval.py:223


  8%|▊         | 4/50 [03:11<36:50, 48.05s/it][A                 INFO     | >>                            run_libero_eval.py:223
                          Task: put the wine bottle on                          
                          top of the cabinet                                    
                 INFO     | >> Starting episode 5...      run_libero_eval.py:223
05/20 [18:38:20] INFO     | >> Success: True              run_libero_eval.py:223
                 INFO     | >> # episodes completed so    run_libero_eval.py:223
                          far: 105                                              
                 INFO     | >> # successes: 101 (96.2%)   run_libero_eval.py:223


 10%|█         | 5/50 [04:06<37:50, 50.46s/it][A                 INFO     | >>                            run_libero_eval.py:223
                          Task: put the wine bottle on                          
                          top of the cabinet                                    
                 INFO     | >> Starting episode 6...      run_libero_eval.py:223
05/20 [18:38:56] INFO     | >> Success: True              run_libero_eval.py:223
                 INFO     | >> # episodes completed so    run_libero_eval.py:223
                          far: 106                                              
                 INFO     | >> # successes: 102 (96.2%)   run_libero_eval.py:223


 12%|█▏        | 6/50 [04:43<33:36, 45.84s/it][A                 INFO     | >>                            run_libero_eval.py:223
                          Task: put the wine bottle on                          
                          top of the cabinet                                    
                 INFO     | >> Starting episode 7...      run_libero_eval.py:223
05/20 [18:39:51] INFO     | >> Success: True              run_libero_eval.py:223
                 INFO     | >> # episodes completed so    run_libero_eval.py:223
                          far: 107                                              
                 INFO     | >> # successes: 103 (96.3%)   run_libero_eval.py:223


 14%|█▍        | 7/50 [05:37<34:50, 48.62s/it][A                 INFO     | >>                            run_libero_eval.py:223
                          Task: put the wine bottle on                          
                          top of the cabinet                                    
                 INFO     | >> Starting episode 8...      run_libero_eval.py:223
05/20 [18:40:25] INFO     | >> Success: True              run_libero_eval.py:223
                 INFO     | >> # episodes completed so    run_libero_eval.py:223
                          far: 108                                              
                 INFO     | >> # successes: 104 (96.3%)   run_libero_eval.py:223


 16%|█▌        | 8/50 [06:12<30:55, 44.18s/it][A                 INFO     | >>                            run_libero_eval.py:223
                          Task: put the wine bottle on                          
                          top of the cabinet                                    
                 INFO     | >> Starting episode 9...      run_libero_eval.py:223
05/20 [18:41:22] INFO     | >> Success: True              run_libero_eval.py:223
                 INFO     | >> # episodes completed so    run_libero_eval.py:223
                          far: 109                                              
                 INFO     | >> # successes: 105 (96.3%)   run_libero_eval.py:223


 18%|█▊        | 9/50 [07:08<32:46, 47.97s/it][A                 INFO     | >>                            run_libero_eval.py:223
                          Task: put the wine bottle on                          
                          top of the cabinet                                    
                 INFO     | >> Starting episode 10...     run_libero_eval.py:223
05/20 [18:42:04] INFO     | >> Success: True              run_libero_eval.py:223
                 INFO     | >> # episodes completed so    run_libero_eval.py:223
                          far: 110                                              
                 INFO     | >> # successes: 106 (96.4%)   run_libero_eval.py:223


 20%|██        | 10/50 [07:50<30:42, 46.06s/it][A                 INFO     | >>                            run_libero_eval.py:223
                          Task: put the wine bottle on                          
                          top of the cabinet                                    
                 INFO     | >> Starting episode 11...     run_libero_eval.py:223
05/20 [18:44:39] INFO     | >> Success: False             run_libero_eval.py:223
                 INFO     | >> # episodes completed so    run_libero_eval.py:223
                          far: 111                                              
                 INFO     | >> # successes: 106 (95.5%)   run_libero_eval.py:223


 22%|██▏       | 11/50 [10:25<51:43, 79.58s/it][A                 INFO     | >>                            run_libero_eval.py:223
                          Task: put the wine bottle on                          
                          top of the cabinet                                    
                 INFO     | >> Starting episode 12...     run_libero_eval.py:223
05/20 [18:45:26] INFO     | >> Success: True              run_libero_eval.py:223
                 INFO     | >> # episodes completed so    run_libero_eval.py:223
                          far: 112                                              
                 INFO     | >> # successes: 107 (95.5%)   run_libero_eval.py:223


 24%|██▍       | 12/50 [11:12<44:06, 69.66s/it][A                 INFO     | >>                            run_libero_eval.py:223
                          Task: put the wine bottle on                          
                          top of the cabinet                                    
                 INFO     | >> Starting episode 13...     run_libero_eval.py:223
05/20 [18:46:09] INFO     | >> Success: True              run_libero_eval.py:223
                 INFO     | >> # episodes completed so    run_libero_eval.py:223
                          far: 113                                              
                 INFO     | >> # successes: 108 (95.6%)   run_libero_eval.py:223


 26%|██▌       | 13/50 [11:55<37:53, 61.45s/it][A                 INFO     | >>                            run_libero_eval.py:223
                          Task: put the wine bottle on                          
                          top of the cabinet                                    
                 INFO     | >> Starting episode 14...     run_libero_eval.py:223
05/20 [18:46:48] INFO     | >> Success: True              run_libero_eval.py:223
05/20 [18:46:49] INFO     | >> # episodes completed so    run_libero_eval.py:223
                          far: 114                                              
                 INFO     | >> # successes: 109 (95.6%)   run_libero_eval.py:223


 28%|██▊       | 14/50 [12:35<32:56, 54.92s/it][A                 INFO     | >>                            run_libero_eval.py:223
                          Task: put the wine bottle on                          
                          top of the cabinet                                    
                 INFO     | >> Starting episode 15...     run_libero_eval.py:223
05/20 [18:47:31] INFO     | >> Success: True              run_libero_eval.py:223
                 INFO     | >> # episodes completed so    run_libero_eval.py:223
                          far: 115                                              
                 INFO     | >> # successes: 110 (95.7%)   run_libero_eval.py:223


 30%|███       | 15/50 [13:18<29:54, 51.26s/it][A                 INFO     | >>                            run_libero_eval.py:223
                          Task: put the wine bottle on                          
                          top of the cabinet                                    
                 INFO     | >> Starting episode 16...     run_libero_eval.py:223
05/20 [18:48:05] INFO     | >> Success: True              run_libero_eval.py:223
                 INFO     | >> # episodes completed so    run_libero_eval.py:223
                          far: 116                                              
                 INFO     | >> # successes: 111 (95.7%)   run_libero_eval.py:223


 32%|███▏      | 16/50 [13:51<26:05, 46.05s/it][A                 INFO     | >>                            run_libero_eval.py:223
                          Task: put the wine bottle on                          
                          top of the cabinet                                    
                 INFO     | >> Starting episode 17...     run_libero_eval.py:223
05/20 [18:48:56] INFO     | >> Success: True              run_libero_eval.py:223
                 INFO     | >> # episodes completed so    run_libero_eval.py:223
                          far: 117                                              
                 INFO     | >> # successes: 112 (95.7%)   run_libero_eval.py:223


 34%|███▍      | 17/50 [14:42<26:03, 47.37s/it][A                 INFO     | >>                            run_libero_eval.py:223
                          Task: put the wine bottle on                          
                          top of the cabinet                                    
                 INFO     | >> Starting episode 18...     run_libero_eval.py:223
05/20 [18:51:32] INFO     | >> Success: False             run_libero_eval.py:223
                 INFO     | >> # episodes completed so    run_libero_eval.py:223
                          far: 118                                              
                 INFO     | >> # successes: 112 (94.9%)   run_libero_eval.py:223


 36%|███▌      | 18/50 [17:18<42:41, 80.06s/it][A                 INFO     | >>                            run_libero_eval.py:223
                          Task: put the wine bottle on                          
                          top of the cabinet                                    
                 INFO     | >> Starting episode 19...     run_libero_eval.py:223
05/20 [18:52:27] INFO     | >> Success: True              run_libero_eval.py:223
                 INFO     | >> # episodes completed so    run_libero_eval.py:223
                          far: 119                                              
                 INFO     | >> # successes: 113 (95.0%)   run_libero_eval.py:223


 38%|███▊      | 19/50 [18:14<37:34, 72.73s/it][A05/20 [18:52:28] INFO     | >>                            run_libero_eval.py:223
                          Task: put the wine bottle on                          
                          top of the cabinet                                    
                 INFO     | >> Starting episode 20...     run_libero_eval.py:223
05/20 [18:53:24] INFO     | >> Success: True              run_libero_eval.py:223
                 INFO     | >> # episodes completed so    run_libero_eval.py:223
                          far: 120                                              
                 INFO     | >> # successes: 114 (95.0%)   run_libero_eval.py:223


 40%|████      | 20/50 [19:10<33:53, 67.78s/it][A                 INFO     | >>                            run_libero_eval.py:223
                          Task: put the wine bottle on                          
                          top of the cabinet                                    
                 INFO     | >> Starting episode 21...     run_libero_eval.py:223
05/20 [18:54:21] INFO     | >> Success: True              run_libero_eval.py:223
                 INFO     | >> # episodes completed so    run_libero_eval.py:223
                          far: 121                                              
                 INFO     | >> # successes: 115 (95.0%)   run_libero_eval.py:223


 42%|████▏     | 21/50 [20:08<31:17, 64.74s/it][A                 INFO     | >>                            run_libero_eval.py:223
                          Task: put the wine bottle on                          
                          top of the cabinet                                    
                 INFO     | >> Starting episode 22...     run_libero_eval.py:223
05/20 [18:55:16] INFO     | >> Success: True              run_libero_eval.py:223
                 INFO     | >> # episodes completed so    run_libero_eval.py:223
                          far: 122                                              
                 INFO     | >> # successes: 116 (95.1%)   run_libero_eval.py:223


 44%|████▍     | 22/50 [21:02<28:47, 61.71s/it][A                 INFO     | >>                            run_libero_eval.py:223
                          Task: put the wine bottle on                          
                          top of the cabinet                                    
                 INFO     | >> Starting episode 23...     run_libero_eval.py:223
05/20 [18:56:17] INFO     | >> Success: True              run_libero_eval.py:223
                 INFO     | >> # episodes completed so    run_libero_eval.py:223
                          far: 123                                              
                 INFO     | >> # successes: 117 (95.1%)   run_libero_eval.py:223


 46%|████▌     | 23/50 [22:03<27:42, 61.56s/it][A                 INFO     | >>                            run_libero_eval.py:223
                          Task: put the wine bottle on                          
                          top of the cabinet                                    
                 INFO     | >> Starting episode 24...     run_libero_eval.py:223
05/20 [18:57:11] INFO     | >> Success: True              run_libero_eval.py:223
                 INFO     | >> # episodes completed so    run_libero_eval.py:223
                          far: 124                                              
                 INFO     | >> # successes: 118 (95.2%)   run_libero_eval.py:223


 48%|████▊     | 24/50 [22:58<25:42, 59.33s/it][A                 INFO     | >>                            run_libero_eval.py:223
                          Task: put the wine bottle on                          
                          top of the cabinet                                    
                 INFO     | >> Starting episode 25...     run_libero_eval.py:223
05/20 [18:58:03] INFO     | >> Success: True              run_libero_eval.py:223
                 INFO     | >> # episodes completed so    run_libero_eval.py:223
                          far: 125                                              
                 INFO     | >> # successes: 119 (95.2%)   run_libero_eval.py:223


 50%|█████     | 25/50 [23:49<23:45, 57.04s/it][A                 INFO     | >>                            run_libero_eval.py:223
                          Task: put the wine bottle on                          
                          top of the cabinet                                    
                 INFO     | >> Starting episode 26...     run_libero_eval.py:223
05/20 [18:58:48] INFO     | >> Success: True              run_libero_eval.py:223
                 INFO     | >> # episodes completed so    run_libero_eval.py:223
                          far: 126                                              
                 INFO     | >> # successes: 120 (95.2%)   run_libero_eval.py:223


 52%|█████▏    | 26/50 [24:35<21:24, 53.51s/it][A                 INFO     | >>                            run_libero_eval.py:223
                          Task: put the wine bottle on                          
                          top of the cabinet                                    
                 INFO     | >> Starting episode 27...     run_libero_eval.py:223
05/20 [18:59:28] INFO     | >> Success: True              run_libero_eval.py:223
                 INFO     | >> # episodes completed so    run_libero_eval.py:223
                          far: 127                                              
                 INFO     | >> # successes: 121 (95.3%)   run_libero_eval.py:223


 54%|█████▍    | 27/50 [25:15<18:57, 49.44s/it][A                 INFO     | >>                            run_libero_eval.py:223
                          Task: put the wine bottle on                          
                          top of the cabinet                                    
                 INFO     | >> Starting episode 28...     run_libero_eval.py:223
05/20 [19:00:21] INFO     | >> Success: True              run_libero_eval.py:223
                 INFO     | >> # episodes completed so    run_libero_eval.py:223
                          far: 128                                              
                 INFO     | >> # successes: 122 (95.3%)   run_libero_eval.py:223


 56%|█████▌    | 28/50 [26:08<18:31, 50.53s/it][A                 INFO     | >>                            run_libero_eval.py:223
                          Task: put the wine bottle on                          
                          top of the cabinet                                    
                 INFO     | >> Starting episode 29...     run_libero_eval.py:223
05/20 [19:01:19] INFO     | >> Success: True              run_libero_eval.py:223
                 INFO     | >> # episodes completed so    run_libero_eval.py:223
                          far: 129                                              
                 INFO     | >> # successes: 123 (95.3%)   run_libero_eval.py:223


 58%|█████▊    | 29/50 [27:05<18:25, 52.62s/it][A                 INFO     | >>                            run_libero_eval.py:223
                          Task: put the wine bottle on                          
                          top of the cabinet                                    
                 INFO     | >> Starting episode 30...     run_libero_eval.py:223
05/20 [19:02:09] INFO     | >> Success: True              run_libero_eval.py:223
                 INFO     | >> # episodes completed so    run_libero_eval.py:223
                          far: 130                                              
                 INFO     | >> # successes: 124 (95.4%)   run_libero_eval.py:223


 60%|██████    | 30/50 [27:56<17:20, 52.01s/it][A                 INFO     | >>                            run_libero_eval.py:223
                          Task: put the wine bottle on                          
                          top of the cabinet                                    
                 INFO     | >> Starting episode 31...     run_libero_eval.py:223
05/20 [19:03:02] INFO     | >> Success: True              run_libero_eval.py:223
                 INFO     | >> # episodes completed so    run_libero_eval.py:223
                          far: 131                                              
                 INFO     | >> # successes: 125 (95.4%)   run_libero_eval.py:223


 62%|██████▏   | 31/50 [28:48<16:28, 52.04s/it][A                 INFO     | >>                            run_libero_eval.py:223
                          Task: put the wine bottle on                          
                          top of the cabinet                                    
                 INFO     | >> Starting episode 32...     run_libero_eval.py:223
05/20 [19:03:49] INFO     | >> Success: True              run_libero_eval.py:223
                 INFO     | >> # episodes completed so    run_libero_eval.py:223
                          far: 132                                              
                 INFO     | >> # successes: 126 (95.5%)   run_libero_eval.py:223


 64%|██████▍   | 32/50 [29:36<15:13, 50.77s/it][A                 INFO     | >>                            run_libero_eval.py:223
                          Task: put the wine bottle on                          
                          top of the cabinet                                    
                 INFO     | >> Starting episode 33...     run_libero_eval.py:223
05/20 [19:04:38] INFO     | >> Success: True              run_libero_eval.py:223
                 INFO     | >> # episodes completed so    run_libero_eval.py:223
                          far: 133                                              
                 INFO     | >> # successes: 127 (95.5%)   run_libero_eval.py:223


 66%|██████▌   | 33/50 [30:24<14:13, 50.18s/it][A                 INFO     | >>                            run_libero_eval.py:223
                          Task: put the wine bottle on                          
                          top of the cabinet                                    
                 INFO     | >> Starting episode 34...     run_libero_eval.py:223
05/20 [19:05:26] INFO     | >> Success: True              run_libero_eval.py:223
                 INFO     | >> # episodes completed so    run_libero_eval.py:223
                          far: 134                                              
                 INFO     | >> # successes: 128 (95.5%)   run_libero_eval.py:223


 68%|██████▊   | 34/50 [31:12<13:09, 49.37s/it][A                 INFO     | >>                            run_libero_eval.py:223
                          Task: put the wine bottle on                          
                          top of the cabinet                                    
                 INFO     | >> Starting episode 35...     run_libero_eval.py:223
05/20 [19:06:18] INFO     | >> Success: True              run_libero_eval.py:223
                 INFO     | >> # episodes completed so    run_libero_eval.py:223
                          far: 135                                              
                 INFO     | >> # successes: 129 (95.6%)   run_libero_eval.py:223


 70%|███████   | 35/50 [32:04<12:34, 50.29s/it][A                 INFO     | >>                            run_libero_eval.py:223
                          Task: put the wine bottle on                          
                          top of the cabinet                                    
                 INFO     | >> Starting episode 36...     run_libero_eval.py:223
05/20 [19:07:12] INFO     | >> Success: True              run_libero_eval.py:223
                 INFO     | >> # episodes completed so    run_libero_eval.py:223
                          far: 136                                              
                 INFO     | >> # successes: 130 (95.6%)   run_libero_eval.py:223


 72%|███████▏  | 36/50 [32:58<11:58, 51.34s/it][A                 INFO     | >>                            run_libero_eval.py:223
                          Task: put the wine bottle on                          
                          top of the cabinet                                    
                 INFO     | >> Starting episode 37...     run_libero_eval.py:223
05/20 [19:08:09] INFO     | >> Success: True              run_libero_eval.py:223
                 INFO     | >> # episodes completed so    run_libero_eval.py:223
                          far: 137                                              
                 INFO     | >> # successes: 131 (95.6%)   run_libero_eval.py:223


 74%|███████▍  | 37/50 [33:56<11:31, 53.18s/it][A                 INFO     | >>                            run_libero_eval.py:223
                          Task: put the wine bottle on                          
                          top of the cabinet                                    
                 INFO     | >> Starting episode 38...     run_libero_eval.py:223
05/20 [19:09:09] INFO     | >> Success: True              run_libero_eval.py:223
                 INFO     | >> # episodes completed so    run_libero_eval.py:223
                          far: 138                                              
                 INFO     | >> # successes: 132 (95.7%)   run_libero_eval.py:223


 76%|███████▌  | 38/50 [34:56<11:02, 55.20s/it][A                 INFO     | >>                            run_libero_eval.py:223
                          Task: put the wine bottle on                          
                          top of the cabinet                                    
                 INFO     | >> Starting episode 39...     run_libero_eval.py:223
05/20 [19:10:02] INFO     | >> Success: True              run_libero_eval.py:223
                 INFO     | >> # episodes completed so    run_libero_eval.py:223
                          far: 139                                              
                 INFO     | >> # successes: 133 (95.7%)   run_libero_eval.py:223


 78%|███████▊  | 39/50 [35:49<10:00, 54.60s/it][A                 INFO     | >>                            run_libero_eval.py:223
                          Task: put the wine bottle on                          
                          top of the cabinet                                    
                 INFO     | >> Starting episode 40...     run_libero_eval.py:223
05/20 [19:10:53] INFO     | >> Success: True              run_libero_eval.py:223
                 INFO     | >> # episodes completed so    run_libero_eval.py:223
                          far: 140                                              
                 INFO     | >> # successes: 134 (95.7%)   run_libero_eval.py:223


 80%|████████  | 40/50 [36:39<08:52, 53.28s/it][A                 INFO     | >>                            run_libero_eval.py:223
                          Task: put the wine bottle on                          
                          top of the cabinet                                    
                 INFO     | >> Starting episode 41...     run_libero_eval.py:223
05/20 [19:11:40] INFO     | >> Success: True              run_libero_eval.py:223
                 INFO     | >> # episodes completed so    run_libero_eval.py:223
                          far: 141                                              
                 INFO     | >> # successes: 135 (95.7%)   run_libero_eval.py:223


 82%|████████▏ | 41/50 [37:26<07:44, 51.58s/it][A                 INFO     | >>                            run_libero_eval.py:223
                          Task: put the wine bottle on                          
                          top of the cabinet                                    
                 INFO     | >> Starting episode 42...     run_libero_eval.py:223
05/20 [19:12:24] INFO     | >> Success: True              run_libero_eval.py:223
                 INFO     | >> # episodes completed so    run_libero_eval.py:223
                          far: 142                                              
                 INFO     | >> # successes: 136 (95.8%)   run_libero_eval.py:223


 84%|████████▍ | 42/50 [38:10<06:34, 49.28s/it][A                 INFO     | >>                            run_libero_eval.py:223
                          Task: put the wine bottle on                          
                          top of the cabinet                                    
                 INFO     | >> Starting episode 43...     run_libero_eval.py:223
05/20 [19:13:06] INFO     | >> Success: True              run_libero_eval.py:223
                 INFO     | >> # episodes completed so    run_libero_eval.py:223
                          far: 143                                              
                 INFO     | >> # successes: 137 (95.8%)   run_libero_eval.py:223


 86%|████████▌ | 43/50 [38:53<05:29, 47.14s/it][A                 INFO     | >>                            run_libero_eval.py:223
                          Task: put the wine bottle on                          
                          top of the cabinet                                    
                 INFO     | >> Starting episode 44...     run_libero_eval.py:223
05/20 [19:13:52] INFO     | >> Success: True              run_libero_eval.py:223
                 INFO     | >> # episodes completed so    run_libero_eval.py:223
                          far: 144                                              
                 INFO     | >> # successes: 138 (95.8%)   run_libero_eval.py:223


 88%|████████▊ | 44/50 [39:38<04:40, 46.74s/it][A                 INFO     | >>                            run_libero_eval.py:223
                          Task: put the wine bottle on                          
                          top of the cabinet                                    
                 INFO     | >> Starting episode 45...     run_libero_eval.py:223
05/20 [19:14:41] INFO     | >> Success: True              run_libero_eval.py:223
                 INFO     | >> # episodes completed so    run_libero_eval.py:223
                          far: 145                                              
                 INFO     | >> # successes: 139 (95.9%)   run_libero_eval.py:223


 90%|█████████ | 45/50 [40:28<03:57, 47.52s/it][A                 INFO     | >>                            run_libero_eval.py:223
                          Task: put the wine bottle on                          
                          top of the cabinet                                    
                 INFO     | >> Starting episode 46...     run_libero_eval.py:223
05/20 [19:15:29] INFO     | >> Success: True              run_libero_eval.py:223
05/20 [19:15:30] INFO     | >> # episodes completed so    run_libero_eval.py:223
                          far: 146                                              
                 INFO     | >> # successes: 140 (95.9%)   run_libero_eval.py:223


 92%|█████████▏| 46/50 [41:16<03:10, 47.67s/it][A                 INFO     | >>                            run_libero_eval.py:223
                          Task: put the wine bottle on                          
                          top of the cabinet                                    
                 INFO     | >> Starting episode 47...     run_libero_eval.py:223
05/20 [19:16:23] INFO     | >> Success: True              run_libero_eval.py:223
                 INFO     | >> # episodes completed so    run_libero_eval.py:223
                          far: 147                                              
                 INFO     | >> # successes: 141 (95.9%)   run_libero_eval.py:223


 94%|█████████▍| 47/50 [42:09<02:28, 49.39s/it][A                 INFO     | >>                            run_libero_eval.py:223
                          Task: put the wine bottle on                          
                          top of the cabinet                                    
                 INFO     | >> Starting episode 48...     run_libero_eval.py:223
05/20 [19:16:58] INFO     | >> Success: True              run_libero_eval.py:223
                 INFO     | >> # episodes completed so    run_libero_eval.py:223
                          far: 148                                              
                 INFO     | >> # successes: 142 (95.9%)   run_libero_eval.py:223


 96%|█████████▌| 48/50 [42:44<01:30, 45.06s/it][A                 INFO     | >>                            run_libero_eval.py:223
                          Task: put the wine bottle on                          
                          top of the cabinet                                    
                 INFO     | >> Starting episode 49...     run_libero_eval.py:223
05/20 [19:17:59] INFO     | >> Success: True              run_libero_eval.py:223
                 INFO     | >> # episodes completed so    run_libero_eval.py:223
                          far: 149                                              
                 INFO     | >> # successes: 143 (96.0%)   run_libero_eval.py:223


 98%|█████████▊| 49/50 [43:45<00:49, 49.78s/it][A                 INFO     | >>                            run_libero_eval.py:223
                          Task: put the wine bottle on                          
                          top of the cabinet                                    
                 INFO     | >> Starting episode 50...     run_libero_eval.py:223
05/20 [19:18:49] INFO     | >> Success: True              run_libero_eval.py:223
                 INFO     | >> # episodes completed so    run_libero_eval.py:223
                          far: 150                                              
                 INFO     | >> # successes: 144 (96.0%)   run_libero_eval.py:223


100%|██████████| 50/50 [44:35<00:00, 49.98s/it][A
100%|██████████| 50/50 [44:35<00:00, 53.52s/it]
                 INFO     | >> Current task success rate: run_libero_eval.py:223
                          0.96                                                  
                 INFO     | >> Current total success      run_libero_eval.py:223
                          rate: 0.96                                            

 30%|███       | 3/10 [2:02:51<4:55:30, 2532.96s/it][Warning]: datasets path <home_path>/code/publish-ddpvla/LIBERO/datasets does not exist!
                 INFO     | >> Using default initial      run_libero_eval.py:223
                          states                                                
[Warning]: datasets path <home_path>/code/publish-ddpvla/LIBERO/datasets does not exist!


  0%|          | 0/50 [00:00<?, ?it/s][A05/20 [19:18:51] INFO     | >>                            run_libero_eval.py:223
                          Task: open the top drawer and                         
                          put the bowl inside                                   
                 INFO     | >> Starting episode 1...      run_libero_eval.py:223
05/20 [19:20:22] INFO     | >> Success: True              run_libero_eval.py:223
                 INFO     | >> # episodes completed so    run_libero_eval.py:223
                          far: 151                                              
                 INFO     | >> # successes: 145 (96.0%)   run_libero_eval.py:223


  2%|▏         | 1/50 [01:30<1:14:14, 90.91s/it][A                 INFO     | >>                            run_libero_eval.py:223
                          Task: open the top drawer and                         
                          put the bowl inside                                   
                 INFO     | >> Starting episode 2...      run_libero_eval.py:223
05/20 [19:22:11] INFO     | >> Success: True              run_libero_eval.py:223
                 INFO     | >> # episodes completed so    run_libero_eval.py:223
                          far: 152                                              
                 INFO     | >> # successes: 146 (96.1%)   run_libero_eval.py:223


  4%|▍         | 2/50 [03:19<1:21:11, 101.49s/it][A                 INFO     | >>                            run_libero_eval.py:223
                          Task: open the top drawer and                         
                          put the bowl inside                                   
                 INFO     | >> Starting episode 3...      run_libero_eval.py:223
05/20 [19:23:12] INFO     | >> Success: True              run_libero_eval.py:223
                 INFO     | >> # episodes completed so    run_libero_eval.py:223
                          far: 153                                              
                 INFO     | >> # successes: 147 (96.1%)   run_libero_eval.py:223


  6%|▌         | 3/50 [04:20<1:04:58, 82.96s/it] [A                 INFO     | >>                            run_libero_eval.py:223
                          Task: open the top drawer and                         
                          put the bowl inside                                   
                 INFO     | >> Starting episode 4...      run_libero_eval.py:223
05/20 [19:24:39] INFO     | >> Success: True              run_libero_eval.py:223
                 INFO     | >> # episodes completed so    run_libero_eval.py:223
                          far: 154                                              
                 INFO     | >> # successes: 148 (96.1%)   run_libero_eval.py:223


  8%|▊         | 4/50 [05:47<1:04:54, 84.67s/it][A                 INFO     | >>                            run_libero_eval.py:223
                          Task: open the top drawer and                         
                          put the bowl inside                                   
                 INFO     | >> Starting episode 5...      run_libero_eval.py:223
05/20 [19:26:18] INFO     | >> Success: True              run_libero_eval.py:223
                 INFO     | >> # episodes completed so    run_libero_eval.py:223
                          far: 155                                              
                 INFO     | >> # successes: 149 (96.1%)   run_libero_eval.py:223


 10%|█         | 5/50 [07:26<1:07:18, 89.75s/it][A                 INFO     | >>                            run_libero_eval.py:223
                          Task: open the top drawer and                         
                          put the bowl inside                                   
                 INFO     | >> Starting episode 6...      run_libero_eval.py:223
05/20 [19:28:55] INFO     | >> Success: False             run_libero_eval.py:223
                 INFO     | >> # episodes completed so    run_libero_eval.py:223
                          far: 156                                              
                 INFO     | >> # successes: 149 (95.5%)   run_libero_eval.py:223


 12%|█▏        | 6/50 [10:04<1:22:42, 112.78s/it][A                 INFO     | >>                            run_libero_eval.py:223
                          Task: open the top drawer and                         
                          put the bowl inside                                   
                 INFO     | >> Starting episode 7...      run_libero_eval.py:223
05/20 [19:30:41] INFO     | >> Success: True              run_libero_eval.py:223
                 INFO     | >> # episodes completed so    run_libero_eval.py:223
                          far: 157                                              
                 INFO     | >> # successes: 150 (95.5%)   run_libero_eval.py:223


 14%|█▍        | 7/50 [11:49<1:19:10, 110.48s/it][A                 INFO     | >>                            run_libero_eval.py:223
                          Task: open the top drawer and                         
                          put the bowl inside                                   
                 INFO     | >> Starting episode 8...      run_libero_eval.py:223
05/20 [19:32:13] INFO     | >> Success: True              run_libero_eval.py:223
                 INFO     | >> # episodes completed so    run_libero_eval.py:223
                          far: 158                                              
                 INFO     | >> # successes: 151 (95.6%)   run_libero_eval.py:223


 16%|█▌        | 8/50 [13:22<1:13:18, 104.73s/it][A                 INFO     | >>                            run_libero_eval.py:223
                          Task: open the top drawer and                         
                          put the bowl inside                                   
                 INFO     | >> Starting episode 9...      run_libero_eval.py:223
05/20 [19:33:58] INFO     | >> Success: True              run_libero_eval.py:223
05/20 [19:33:59] INFO     | >> # episodes completed so    run_libero_eval.py:223
                          far: 159                                              
                 INFO     | >> # successes: 152 (95.6%)   run_libero_eval.py:223


 18%|█▊        | 9/50 [15:07<1:11:39, 104.86s/it][A                 INFO     | >>                            run_libero_eval.py:223
                          Task: open the top drawer and                         
                          put the bowl inside                                   
                 INFO     | >> Starting episode 10...     run_libero_eval.py:223
05/20 [19:35:24] INFO     | >> Success: True              run_libero_eval.py:223
                 INFO     | >> # episodes completed so    run_libero_eval.py:223
                          far: 160                                              
                 INFO     | >> # successes: 153 (95.6%)   run_libero_eval.py:223


 20%|██        | 10/50 [16:33<1:05:54, 98.87s/it][A                 INFO     | >>                            run_libero_eval.py:223
                          Task: open the top drawer and                         
                          put the bowl inside                                   
                 INFO     | >> Starting episode 11...     run_libero_eval.py:223
05/20 [19:36:49] INFO     | >> Success: True              run_libero_eval.py:223
                 INFO     | >> # episodes completed so    run_libero_eval.py:223
                          far: 161                                              
                 INFO     | >> # successes: 154 (95.7%)   run_libero_eval.py:223


 22%|██▏       | 11/50 [17:57<1:01:25, 94.50s/it][A                 INFO     | >>                            run_libero_eval.py:223
                          Task: open the top drawer and                         
                          put the bowl inside                                   
                 INFO     | >> Starting episode 12...     run_libero_eval.py:223
05/20 [19:38:14] INFO     | >> Success: True              run_libero_eval.py:223
                 INFO     | >> # episodes completed so    run_libero_eval.py:223
                          far: 162                                              
                 INFO     | >> # successes: 155 (95.7%)   run_libero_eval.py:223


 24%|██▍       | 12/50 [19:23<58:08, 91.81s/it]  [A                 INFO     | >>                            run_libero_eval.py:223
                          Task: open the top drawer and                         
                          put the bowl inside                                   
                 INFO     | >> Starting episode 13...     run_libero_eval.py:223
05/20 [19:39:51] INFO     | >> Success: True              run_libero_eval.py:223
                 INFO     | >> # episodes completed so    run_libero_eval.py:223
                          far: 163                                              
                 INFO     | >> # successes: 156 (95.7%)   run_libero_eval.py:223


 26%|██▌       | 13/50 [21:00<57:36, 93.41s/it][A                 INFO     | >>                            run_libero_eval.py:223
                          Task: open the top drawer and                         
                          put the bowl inside                                   
                 INFO     | >> Starting episode 14...     run_libero_eval.py:223
05/20 [19:41:15] INFO     | >> Success: True              run_libero_eval.py:223
                 INFO     | >> # episodes completed so    run_libero_eval.py:223
                          far: 164                                              
                 INFO     | >> # successes: 157 (95.7%)   run_libero_eval.py:223


 28%|██▊       | 14/50 [22:23<54:15, 90.44s/it][A                 INFO     | >>                            run_libero_eval.py:223
                          Task: open the top drawer and                         
                          put the bowl inside                                   
                 INFO     | >> Starting episode 15...     run_libero_eval.py:223
05/20 [19:42:54] INFO     | >> Success: True              run_libero_eval.py:223
                 INFO     | >> # episodes completed so    run_libero_eval.py:223
                          far: 165                                              
                 INFO     | >> # successes: 158 (95.8%)   run_libero_eval.py:223


 30%|███       | 15/50 [24:02<54:11, 92.91s/it][A                 INFO     | >>                            run_libero_eval.py:223
                          Task: open the top drawer and                         
                          put the bowl inside                                   
                 INFO     | >> Starting episode 16...     run_libero_eval.py:223
05/20 [19:44:35] INFO     | >> Success: True              run_libero_eval.py:223
                 INFO     | >> # episodes completed so    run_libero_eval.py:223
                          far: 166                                              
                 INFO     | >> # successes: 159 (95.8%)   run_libero_eval.py:223


 32%|███▏      | 16/50 [25:43<54:03, 95.40s/it][A                 INFO     | >>                            run_libero_eval.py:223
                          Task: open the top drawer and                         
                          put the bowl inside                                   
                 INFO     | >> Starting episode 17...     run_libero_eval.py:223
05/20 [19:46:15] INFO     | >> Success: True              run_libero_eval.py:223
                 INFO     | >> # episodes completed so    run_libero_eval.py:223
                          far: 167                                              
                 INFO     | >> # successes: 160 (95.8%)   run_libero_eval.py:223


 34%|███▍      | 17/50 [27:23<53:11, 96.71s/it][A                 INFO     | >>                            run_libero_eval.py:223
                          Task: open the top drawer and                         
                          put the bowl inside                                   
                 INFO     | >> Starting episode 18...     run_libero_eval.py:223
05/20 [19:47:46] INFO     | >> Success: True              run_libero_eval.py:223
                 INFO     | >> # episodes completed so    run_libero_eval.py:223
                          far: 168                                              
                 INFO     | >> # successes: 161 (95.8%)   run_libero_eval.py:223


 36%|███▌      | 18/50 [28:55<50:47, 95.23s/it][A                 INFO     | >>                            run_libero_eval.py:223
                          Task: open the top drawer and                         
                          put the bowl inside                                   
                 INFO     | >> Starting episode 19...     run_libero_eval.py:223
05/20 [19:49:33] INFO     | >> Success: True              run_libero_eval.py:223
                 INFO     | >> # episodes completed so    run_libero_eval.py:223
                          far: 169                                              
                 INFO     | >> # successes: 162 (95.9%)   run_libero_eval.py:223


 38%|███▊      | 19/50 [30:41<50:58, 98.65s/it][A                 INFO     | >>                            run_libero_eval.py:223
                          Task: open the top drawer and                         
                          put the bowl inside                                   
                 INFO     | >> Starting episode 20...     run_libero_eval.py:223
05/20 [19:51:12] INFO     | >> Success: True              run_libero_eval.py:223
                 INFO     | >> # episodes completed so    run_libero_eval.py:223
                          far: 170                                              
                 INFO     | >> # successes: 163 (95.9%)   run_libero_eval.py:223


 40%|████      | 20/50 [32:20<49:22, 98.74s/it][A                 INFO     | >>                            run_libero_eval.py:223
                          Task: open the top drawer and                         
                          put the bowl inside                                   
                 INFO     | >> Starting episode 21...     run_libero_eval.py:223
05/20 [19:53:48] INFO     | >> Success: False             run_libero_eval.py:223
                 INFO     | >> # episodes completed so    run_libero_eval.py:223
                          far: 171                                              
                 INFO     | >> # successes: 163 (95.3%)   run_libero_eval.py:223


 42%|████▏     | 21/50 [34:57<56:06, 116.07s/it][A                 INFO     | >>                            run_libero_eval.py:223
                          Task: open the top drawer and                         
                          put the bowl inside                                   
                 INFO     | >> Starting episode 22...     run_libero_eval.py:223
05/20 [19:56:05] INFO     | >> Success: False             run_libero_eval.py:223
                 INFO     | >> # episodes completed so    run_libero_eval.py:223
                          far: 172                                              
                 INFO     | >> # successes: 163 (94.8%)   run_libero_eval.py:223


 44%|████▍     | 22/50 [37:14<57:03, 122.27s/it][A                 INFO     | >>                            run_libero_eval.py:223
                          Task: open the top drawer and                         
                          put the bowl inside                                   
                 INFO     | >> Starting episode 23...     run_libero_eval.py:223
05/20 [19:57:47] INFO     | >> Success: True              run_libero_eval.py:223
                 INFO     | >> # episodes completed so    run_libero_eval.py:223
                          far: 173                                              
                 INFO     | >> # successes: 164 (94.8%)   run_libero_eval.py:223


 46%|████▌     | 23/50 [38:56<52:19, 116.29s/it][A                 INFO     | >>                            run_libero_eval.py:223
                          Task: open the top drawer and                         
                          put the bowl inside                                   
                 INFO     | >> Starting episode 24...     run_libero_eval.py:223
05/20 [19:59:33] INFO     | >> Success: True              run_libero_eval.py:223
                 INFO     | >> # episodes completed so    run_libero_eval.py:223
                          far: 174                                              
                 INFO     | >> # successes: 165 (94.8%)   run_libero_eval.py:223


 48%|████▊     | 24/50 [40:41<48:58, 113.02s/it][A                 INFO     | >>                            run_libero_eval.py:223
                          Task: open the top drawer and                         
                          put the bowl inside                                   
                 INFO     | >> Starting episode 25...     run_libero_eval.py:223
05/20 [20:01:09] INFO     | >> Success: True              run_libero_eval.py:223
                 INFO     | >> # episodes completed so    run_libero_eval.py:223
                          far: 175                                              
                 INFO     | >> # successes: 166 (94.9%)   run_libero_eval.py:223


 50%|█████     | 25/50 [42:18<45:02, 108.10s/it][A                 INFO     | >>                            run_libero_eval.py:223
                          Task: open the top drawer and                         
                          put the bowl inside                                   
                 INFO     | >> Starting episode 26...     run_libero_eval.py:223
05/20 [20:02:34] INFO     | >> Success: True              run_libero_eval.py:223
                 INFO     | >> # episodes completed so    run_libero_eval.py:223
                          far: 176                                              
                 INFO     | >> # successes: 167 (94.9%)   run_libero_eval.py:223


 52%|█████▏    | 26/50 [43:42<40:22, 100.94s/it][A                 INFO     | >>                            run_libero_eval.py:223
                          Task: open the top drawer and                         
                          put the bowl inside                                   
                 INFO     | >> Starting episode 27...     run_libero_eval.py:223
05/20 [20:04:16] INFO     | >> Success: True              run_libero_eval.py:223
                 INFO     | >> # episodes completed so    run_libero_eval.py:223
                          far: 177                                              
                 INFO     | >> # successes: 168 (94.9%)   run_libero_eval.py:223


 54%|█████▍    | 27/50 [45:24<38:50, 101.33s/it][A                 INFO     | >>                            run_libero_eval.py:223
                          Task: open the top drawer and                         
                          put the bowl inside                                   
                 INFO     | >> Starting episode 28...     run_libero_eval.py:223
05/20 [20:05:44] INFO     | >> Success: True              run_libero_eval.py:223
                 INFO     | >> # episodes completed so    run_libero_eval.py:223
                          far: 178                                              
                 INFO     | >> # successes: 169 (94.9%)   run_libero_eval.py:223


 56%|█████▌    | 28/50 [46:53<35:42, 97.41s/it] [A                 INFO     | >>                            run_libero_eval.py:223
                          Task: open the top drawer and                         
                          put the bowl inside                                   
                 INFO     | >> Starting episode 29...     run_libero_eval.py:223
05/20 [20:07:22] INFO     | >> Success: True              run_libero_eval.py:223
                 INFO     | >> # episodes completed so    run_libero_eval.py:223
                          far: 179                                              
                 INFO     | >> # successes: 170 (95.0%)   run_libero_eval.py:223


 58%|█████▊    | 29/50 [48:31<34:09, 97.59s/it][A                 INFO     | >>                            run_libero_eval.py:223
                          Task: open the top drawer and                         
                          put the bowl inside                                   
                 INFO     | >> Starting episode 30...     run_libero_eval.py:223
05/20 [20:08:57] INFO     | >> Success: True              run_libero_eval.py:223
                 INFO     | >> # episodes completed so    run_libero_eval.py:223
                          far: 180                                              
                 INFO     | >> # successes: 171 (95.0%)   run_libero_eval.py:223


 60%|██████    | 30/50 [50:05<32:14, 96.74s/it][A                 INFO     | >>                            run_libero_eval.py:223
                          Task: open the top drawer and                         
                          put the bowl inside                                   
                 INFO     | >> Starting episode 31...     run_libero_eval.py:223
05/20 [20:10:33] INFO     | >> Success: True              run_libero_eval.py:223
                 INFO     | >> # episodes completed so    run_libero_eval.py:223
                          far: 181                                              
                 INFO     | >> # successes: 172 (95.0%)   run_libero_eval.py:223


 62%|██████▏   | 31/50 [51:41<30:31, 96.40s/it][A                 INFO     | >>                            run_libero_eval.py:223
                          Task: open the top drawer and                         
                          put the bowl inside                                   
                 INFO     | >> Starting episode 32...     run_libero_eval.py:223
05/20 [20:12:01] INFO     | >> Success: True              run_libero_eval.py:223
                 INFO     | >> # episodes completed so    run_libero_eval.py:223
                          far: 182                                              
                 INFO     | >> # successes: 173 (95.1%)   run_libero_eval.py:223


 64%|██████▍   | 32/50 [53:09<28:12, 94.02s/it][A                 INFO     | >>                            run_libero_eval.py:223
                          Task: open the top drawer and                         
                          put the bowl inside                                   
                 INFO     | >> Starting episode 33...     run_libero_eval.py:223
05/20 [20:13:49] INFO     | >> Success: True              run_libero_eval.py:223
                 INFO     | >> # episodes completed so    run_libero_eval.py:223
                          far: 183                                              
                 INFO     | >> # successes: 174 (95.1%)   run_libero_eval.py:223


 66%|██████▌   | 33/50 [54:57<27:48, 98.12s/it][A                 INFO     | >>                            run_libero_eval.py:223
                          Task: open the top drawer and                         
                          put the bowl inside                                   
                 INFO     | >> Starting episode 34...     run_libero_eval.py:223
05/20 [20:15:28] INFO     | >> Success: True              run_libero_eval.py:223
                 INFO     | >> # episodes completed so    run_libero_eval.py:223
                          far: 184                                              
                 INFO     | >> # successes: 175 (95.1%)   run_libero_eval.py:223


 68%|██████▊   | 34/50 [56:37<26:17, 98.58s/it][A                 INFO     | >>                            run_libero_eval.py:223
                          Task: open the top drawer and                         
                          put the bowl inside                                   
                 INFO     | >> Starting episode 35...     run_libero_eval.py:223
05/20 [20:16:50] INFO     | >> Success: True              run_libero_eval.py:223
                 INFO     | >> # episodes completed so    run_libero_eval.py:223
                          far: 185                                              
                 INFO     | >> # successes: 176 (95.1%)   run_libero_eval.py:223


 70%|███████   | 35/50 [57:58<23:21, 93.45s/it][A                 INFO     | >>                            run_libero_eval.py:223
                          Task: open the top drawer and                         
                          put the bowl inside                                   
                 INFO     | >> Starting episode 36...     run_libero_eval.py:223
05/20 [20:18:27] INFO     | >> Success: True              run_libero_eval.py:223
                 INFO     | >> # episodes completed so    run_libero_eval.py:223
                          far: 186                                              
                 INFO     | >> # successes: 177 (95.2%)   run_libero_eval.py:223


 72%|███████▏  | 36/50 [59:35<22:03, 94.53s/it][A                 INFO     | >>                            run_libero_eval.py:223
                          Task: open the top drawer and                         
                          put the bowl inside                                   
                 INFO     | >> Starting episode 37...     run_libero_eval.py:223
05/20 [20:20:18] INFO     | >> Success: True              run_libero_eval.py:223
                 INFO     | >> # episodes completed so    run_libero_eval.py:223
                          far: 187                                              
                 INFO     | >> # successes: 178 (95.2%)   run_libero_eval.py:223


 74%|███████▍  | 37/50 [1:01:26<21:32, 99.42s/it][A                 INFO     | >>                            run_libero_eval.py:223
                          Task: open the top drawer and                         
                          put the bowl inside                                   
                 INFO     | >> Starting episode 38...     run_libero_eval.py:223
05/20 [20:22:00] INFO     | >> Success: True              run_libero_eval.py:223
                 INFO     | >> # episodes completed so    run_libero_eval.py:223
                          far: 188                                              
                 INFO     | >> # successes: 179 (95.2%)   run_libero_eval.py:223


 76%|███████▌  | 38/50 [1:03:08<20:01, 100.15s/it][A                 INFO     | >>                            run_libero_eval.py:223
                          Task: open the top drawer and                         
                          put the bowl inside                                   
                 INFO     | >> Starting episode 39...     run_libero_eval.py:223
05/20 [20:23:35] INFO     | >> Success: True              run_libero_eval.py:223
                 INFO     | >> # episodes completed so    run_libero_eval.py:223
                          far: 189                                              
                 INFO     | >> # successes: 180 (95.2%)   run_libero_eval.py:223


 78%|███████▊  | 39/50 [1:04:43<18:04, 98.62s/it] [A                 INFO     | >>                            run_libero_eval.py:223
                          Task: open the top drawer and                         
                          put the bowl inside                                   
                 INFO     | >> Starting episode 40...     run_libero_eval.py:223
05/20 [20:25:11] INFO     | >> Success: True              run_libero_eval.py:223
                 INFO     | >> # episodes completed so    run_libero_eval.py:223
                          far: 190                                              
                 INFO     | >> # successes: 181 (95.3%)   run_libero_eval.py:223


 80%|████████  | 40/50 [1:06:20<16:19, 97.96s/it][A                 INFO     | >>                            run_libero_eval.py:223
                          Task: open the top drawer and                         
                          put the bowl inside                                   
                 INFO     | >> Starting episode 41...     run_libero_eval.py:223
05/20 [20:26:56] INFO     | >> Success: True              run_libero_eval.py:223
                 INFO     | >> # episodes completed so    run_libero_eval.py:223
                          far: 191                                              
                 INFO     | >> # successes: 182 (95.3%)   run_libero_eval.py:223


 82%|████████▏ | 41/50 [1:08:05<15:00, 100.08s/it][A                 INFO     | >>                            run_libero_eval.py:223
                          Task: open the top drawer and                         
                          put the bowl inside                                   
                 INFO     | >> Starting episode 42...     run_libero_eval.py:223
05/20 [20:28:38] INFO     | >> Success: True              run_libero_eval.py:223
                 INFO     | >> # episodes completed so    run_libero_eval.py:223
                          far: 192                                              
                 INFO     | >> # successes: 183 (95.3%)   run_libero_eval.py:223


 84%|████████▍ | 42/50 [1:09:46<13:24, 100.54s/it][A                 INFO     | >>                            run_libero_eval.py:223
                          Task: open the top drawer and                         
                          put the bowl inside                                   
                 INFO     | >> Starting episode 43...     run_libero_eval.py:223
05/20 [20:30:19] INFO     | >> Success: True              run_libero_eval.py:223
                 INFO     | >> # episodes completed so    run_libero_eval.py:223
                          far: 193                                              
                 INFO     | >> # successes: 184 (95.3%)   run_libero_eval.py:223


 86%|████████▌ | 43/50 [1:11:28<11:45, 100.82s/it][A                 INFO     | >>                            run_libero_eval.py:223
                          Task: open the top drawer and                         
                          put the bowl inside                                   
                 INFO     | >> Starting episode 44...     run_libero_eval.py:223
05/20 [20:31:54] INFO     | >> Success: True              run_libero_eval.py:223
                 INFO     | >> # episodes completed so    run_libero_eval.py:223
                          far: 194                                              
                 INFO     | >> # successes: 185 (95.4%)   run_libero_eval.py:223


 88%|████████▊ | 44/50 [1:13:02<09:53, 98.87s/it] [A                 INFO     | >>                            run_libero_eval.py:223
                          Task: open the top drawer and                         
                          put the bowl inside                                   
                 INFO     | >> Starting episode 45...     run_libero_eval.py:223
05/20 [20:34:39] INFO     | >> Success: False             run_libero_eval.py:223
                 INFO     | >> # episodes completed so    run_libero_eval.py:223
                          far: 195                                              
                 INFO     | >> # successes: 185 (94.9%)   run_libero_eval.py:223


 90%|█████████ | 45/50 [1:15:47<09:53, 118.74s/it][A                 INFO     | >>                            run_libero_eval.py:223
                          Task: open the top drawer and                         
                          put the bowl inside                                   
                 INFO     | >> Starting episode 46...     run_libero_eval.py:223
05/20 [20:36:14] INFO     | >> Success: True              run_libero_eval.py:223
                 INFO     | >> # episodes completed so    run_libero_eval.py:223
                          far: 196                                              
                 INFO     | >> # successes: 186 (94.9%)   run_libero_eval.py:223


 92%|█████████▏| 46/50 [1:17:22<07:26, 111.60s/it][A                 INFO     | >>                            run_libero_eval.py:223
                          Task: open the top drawer and                         
                          put the bowl inside                                   
                 INFO     | >> Starting episode 47...     run_libero_eval.py:223
05/20 [20:38:02] INFO     | >> Success: True              run_libero_eval.py:223
                 INFO     | >> # episodes completed so    run_libero_eval.py:223
                          far: 197                                              
                 INFO     | >> # successes: 187 (94.9%)   run_libero_eval.py:223


 94%|█████████▍| 47/50 [1:19:10<05:31, 110.56s/it][A                 INFO     | >>                            run_libero_eval.py:223
                          Task: open the top drawer and                         
                          put the bowl inside                                   
                 INFO     | >> Starting episode 48...     run_libero_eval.py:223
05/20 [20:39:37] INFO     | >> Success: True              run_libero_eval.py:223
                 INFO     | >> # episodes completed so    run_libero_eval.py:223
                          far: 198                                              
                 INFO     | >> # successes: 188 (94.9%)   run_libero_eval.py:223


 96%|█████████▌| 48/50 [1:20:45<03:31, 105.99s/it][A                 INFO     | >>                            run_libero_eval.py:223
                          Task: open the top drawer and                         
                          put the bowl inside                                   
                 INFO     | >> Starting episode 49...     run_libero_eval.py:223
05/20 [20:41:21] INFO     | >> Success: True              run_libero_eval.py:223
                 INFO     | >> # episodes completed so    run_libero_eval.py:223
                          far: 199                                              
                 INFO     | >> # successes: 189 (95.0%)   run_libero_eval.py:223


 98%|█████████▊| 49/50 [1:22:29<01:45, 105.39s/it][A                 INFO     | >>                            run_libero_eval.py:223
                          Task: open the top drawer and                         
                          put the bowl inside                                   
                 INFO     | >> Starting episode 50...     run_libero_eval.py:223
05/20 [20:42:58] INFO     | >> Success: True              run_libero_eval.py:223
                 INFO     | >> # episodes completed so    run_libero_eval.py:223
                          far: 200                                              
                 INFO     | >> # successes: 190 (95.0%)   run_libero_eval.py:223


100%|██████████| 50/50 [1:24:06<00:00, 102.87s/it][A
100%|██████████| 50/50 [1:24:06<00:00, 100.94s/it]
                 INFO     | >> Current task success rate: run_libero_eval.py:223
                          0.92                                                  
                 INFO     | >> Current total success      run_libero_eval.py:223
                          rate: 0.95                                            

 40%|████      | 4/10 [3:27:00<5:52:37, 3526.23s/it][Warning]: datasets path <home_path>/code/publish-ddpvla/LIBERO/datasets does not exist!
                 INFO     | >> Using default initial      run_libero_eval.py:223
                          states                                                
[Warning]: datasets path <home_path>/code/publish-ddpvla/LIBERO/datasets does not exist!


  0%|          | 0/50 [00:00<?, ?it/s][A05/20 [20:43:04] INFO     | >>                            run_libero_eval.py:223
                          Task: put the bowl on top of                          
                          the cabinet                                           
                 INFO     | >> Starting episode 1...      run_libero_eval.py:223
05/20 [20:43:48] INFO     | >> Success: True              run_libero_eval.py:223
                 INFO     | >> # episodes completed so    run_libero_eval.py:223
                          far: 201                                              
                 INFO     | >> # successes: 191 (95.0%)   run_libero_eval.py:223


  2%|▏         | 1/50 [00:44<36:43, 44.96s/it][A                 INFO     | >>                            run_libero_eval.py:223
                          Task: put the bowl on top of                          
                          the cabinet                                           
                 INFO     | >> Starting episode 2...      run_libero_eval.py:223
05/20 [20:44:45] INFO     | >> Success: True              run_libero_eval.py:223
                 INFO     | >> # episodes completed so    run_libero_eval.py:223
                          far: 202                                              
                 INFO     | >> # successes: 192 (95.0%)   run_libero_eval.py:223


  4%|▍         | 2/50 [01:41<41:33, 51.94s/it][A                 INFO     | >>                            run_libero_eval.py:223
                          Task: put the bowl on top of                          
                          the cabinet                                           
                 INFO     | >> Starting episode 3...      run_libero_eval.py:223
05/20 [20:45:41] INFO     | >> Success: True              run_libero_eval.py:223
                 INFO     | >> # episodes completed so    run_libero_eval.py:223
                          far: 203                                              
                 INFO     | >> # successes: 193 (95.1%)   run_libero_eval.py:223


  6%|▌         | 3/50 [02:37<41:54, 53.49s/it][A                 INFO     | >>                            run_libero_eval.py:223
                          Task: put the bowl on top of                          
                          the cabinet                                           
                 INFO     | >> Starting episode 4...      run_libero_eval.py:223
05/20 [20:46:38] INFO     | >> Success: True              run_libero_eval.py:223
                 INFO     | >> # episodes completed so    run_libero_eval.py:223
                          far: 204                                              
                 INFO     | >> # successes: 194 (95.1%)   run_libero_eval.py:223


  8%|▊         | 4/50 [03:34<42:10, 55.00s/it][A                 INFO     | >>                            run_libero_eval.py:223
                          Task: put the bowl on top of                          
                          the cabinet                                           
                 INFO     | >> Starting episode 5...      run_libero_eval.py:223
05/20 [20:47:33] INFO     | >> Success: True              run_libero_eval.py:223
                 INFO     | >> # episodes completed so    run_libero_eval.py:223
                          far: 205                                              
                 INFO     | >> # successes: 195 (95.1%)   run_libero_eval.py:223


 10%|█         | 5/50 [04:29<41:18, 55.08s/it][A                 INFO     | >>                            run_libero_eval.py:223
                          Task: put the bowl on top of                          
                          the cabinet                                           
                 INFO     | >> Starting episode 6...      run_libero_eval.py:223
05/20 [20:48:19] INFO     | >> Success: True              run_libero_eval.py:223
                 INFO     | >> # episodes completed so    run_libero_eval.py:223
                          far: 206                                              
                 INFO     | >> # successes: 196 (95.1%)   run_libero_eval.py:223


 12%|█▏        | 6/50 [05:15<38:09, 52.03s/it][A                 INFO     | >>                            run_libero_eval.py:223
                          Task: put the bowl on top of                          
                          the cabinet                                           
                 INFO     | >> Starting episode 7...      run_libero_eval.py:223
05/20 [20:49:18] INFO     | >> Success: True              run_libero_eval.py:223
                 INFO     | >> # episodes completed so    run_libero_eval.py:223
                          far: 207                                              
                 INFO     | >> # successes: 197 (95.2%)   run_libero_eval.py:223


 14%|█▍        | 7/50 [06:14<38:51, 54.21s/it][A                 INFO     | >>                            run_libero_eval.py:223
                          Task: put the bowl on top of                          
                          the cabinet                                           
                 INFO     | >> Starting episode 8...      run_libero_eval.py:223
05/20 [20:50:14] INFO     | >> Success: True              run_libero_eval.py:223
                 INFO     | >> # episodes completed so    run_libero_eval.py:223
                          far: 208                                              
                 INFO     | >> # successes: 198 (95.2%)   run_libero_eval.py:223


 16%|█▌        | 8/50 [07:10<38:22, 54.81s/it][A                 INFO     | >>                            run_libero_eval.py:223
                          Task: put the bowl on top of                          
                          the cabinet                                           
                 INFO     | >> Starting episode 9...      run_libero_eval.py:223
05/20 [20:51:08] INFO     | >> Success: True              run_libero_eval.py:223
                 INFO     | >> # episodes completed so    run_libero_eval.py:223
                          far: 209                                              
                 INFO     | >> # successes: 199 (95.2%)   run_libero_eval.py:223


 18%|█▊        | 9/50 [08:04<37:18, 54.59s/it][A                 INFO     | >>                            run_libero_eval.py:223
                          Task: put the bowl on top of                          
                          the cabinet                                           
                 INFO     | >> Starting episode 10...     run_libero_eval.py:223
05/20 [20:52:07] INFO     | >> Success: True              run_libero_eval.py:223
                 INFO     | >> # episodes completed so    run_libero_eval.py:223
                          far: 210                                              
                 INFO     | >> # successes: 200 (95.2%)   run_libero_eval.py:223


 20%|██        | 10/50 [09:03<37:11, 55.79s/it][A                 INFO     | >>                            run_libero_eval.py:223
                          Task: put the bowl on top of                          
                          the cabinet                                           
                 INFO     | >> Starting episode 11...     run_libero_eval.py:223
05/20 [20:52:59] INFO     | >> Success: True              run_libero_eval.py:223
                 INFO     | >> # episodes completed so    run_libero_eval.py:223
                          far: 211                                              
                 INFO     | >> # successes: 201 (95.3%)   run_libero_eval.py:223


 22%|██▏       | 11/50 [09:55<35:31, 54.66s/it][A                 INFO     | >>                            run_libero_eval.py:223
                          Task: put the bowl on top of                          
                          the cabinet                                           
                 INFO     | >> Starting episode 12...     run_libero_eval.py:223
05/20 [20:53:57] INFO     | >> Success: True              run_libero_eval.py:223
                 INFO     | >> # episodes completed so    run_libero_eval.py:223
                          far: 212                                              
                 INFO     | >> # successes: 202 (95.3%)   run_libero_eval.py:223


 24%|██▍       | 12/50 [10:53<35:20, 55.80s/it][A                 INFO     | >>                            run_libero_eval.py:223
                          Task: put the bowl on top of                          
                          the cabinet                                           
                 INFO     | >> Starting episode 13...     run_libero_eval.py:223
05/20 [20:54:41] INFO     | >> Success: True              run_libero_eval.py:223
                 INFO     | >> # episodes completed so    run_libero_eval.py:223
                          far: 213                                              
                 INFO     | >> # successes: 203 (95.3%)   run_libero_eval.py:223


 26%|██▌       | 13/50 [11:37<32:11, 52.21s/it][A                 INFO     | >>                            run_libero_eval.py:223
                          Task: put the bowl on top of                          
                          the cabinet                                           
                 INFO     | >> Starting episode 14...     run_libero_eval.py:223
05/20 [20:55:41] INFO     | >> Success: True              run_libero_eval.py:223
                 INFO     | >> # episodes completed so    run_libero_eval.py:223
                          far: 214                                              
                 INFO     | >> # successes: 204 (95.3%)   run_libero_eval.py:223


 28%|██▊       | 14/50 [12:37<32:43, 54.55s/it][A                 INFO     | >>                            run_libero_eval.py:223
                          Task: put the bowl on top of                          
                          the cabinet                                           
                 INFO     | >> Starting episode 15...     run_libero_eval.py:223
05/20 [20:56:33] INFO     | >> Success: True              run_libero_eval.py:223
                 INFO     | >> # episodes completed so    run_libero_eval.py:223
                          far: 215                                              
                 INFO     | >> # successes: 205 (95.3%)   run_libero_eval.py:223


 30%|███       | 15/50 [13:29<31:26, 53.90s/it][A                 INFO     | >>                            run_libero_eval.py:223
                          Task: put the bowl on top of                          
                          the cabinet                                           
05/20 [20:56:34] INFO     | >> Starting episode 16...     run_libero_eval.py:223
05/20 [20:57:25] INFO     | >> Success: True              run_libero_eval.py:223
                 INFO     | >> # episodes completed so    run_libero_eval.py:223
                          far: 216                                              
                 INFO     | >> # successes: 206 (95.4%)   run_libero_eval.py:223


 32%|███▏      | 16/50 [14:21<30:11, 53.27s/it][A                 INFO     | >>                            run_libero_eval.py:223
                          Task: put the bowl on top of                          
                          the cabinet                                           
                 INFO     | >> Starting episode 17...     run_libero_eval.py:223
05/20 [20:58:17] INFO     | >> Success: True              run_libero_eval.py:223
                 INFO     | >> # episodes completed so    run_libero_eval.py:223
                          far: 217                                              
                 INFO     | >> # successes: 207 (95.4%)   run_libero_eval.py:223


 34%|███▍      | 17/50 [15:13<29:05, 52.90s/it][A                 INFO     | >>                            run_libero_eval.py:223
                          Task: put the bowl on top of                          
                          the cabinet                                           
                 INFO     | >> Starting episode 18...     run_libero_eval.py:223
05/20 [20:58:59] INFO     | >> Success: True              run_libero_eval.py:223
                 INFO     | >> # episodes completed so    run_libero_eval.py:223
                          far: 218                                              
                 INFO     | >> # successes: 208 (95.4%)   run_libero_eval.py:223


 36%|███▌      | 18/50 [15:55<26:20, 49.40s/it][A                 INFO     | >>                            run_libero_eval.py:223
                          Task: put the bowl on top of                          
                          the cabinet                                           
                 INFO     | >> Starting episode 19...     run_libero_eval.py:223
05/20 [20:59:54] INFO     | >> Success: True              run_libero_eval.py:223
                 INFO     | >> # episodes completed so    run_libero_eval.py:223
                          far: 219                                              
                 INFO     | >> # successes: 209 (95.4%)   run_libero_eval.py:223


 38%|███▊      | 19/50 [16:50<26:31, 51.33s/it][A                 INFO     | >>                            run_libero_eval.py:223
                          Task: put the bowl on top of                          
                          the cabinet                                           
                 INFO     | >> Starting episode 20...     run_libero_eval.py:223
05/20 [21:00:56] INFO     | >> Success: True              run_libero_eval.py:223
                 INFO     | >> # episodes completed so    run_libero_eval.py:223
                          far: 220                                              
                 INFO     | >> # successes: 210 (95.5%)   run_libero_eval.py:223


 40%|████      | 20/50 [17:52<27:14, 54.50s/it][A                 INFO     | >>                            run_libero_eval.py:223
                          Task: put the bowl on top of                          
                          the cabinet                                           
                 INFO     | >> Starting episode 21...     run_libero_eval.py:223
05/20 [21:01:49] INFO     | >> Success: True              run_libero_eval.py:223
                 INFO     | >> # episodes completed so    run_libero_eval.py:223
                          far: 221                                              
                 INFO     | >> # successes: 211 (95.5%)   run_libero_eval.py:223


 42%|████▏     | 21/50 [18:45<26:05, 53.99s/it][A                 INFO     | >>                            run_libero_eval.py:223
                          Task: put the bowl on top of                          
                          the cabinet                                           
                 INFO     | >> Starting episode 22...     run_libero_eval.py:223
05/20 [21:02:31] INFO     | >> Success: True              run_libero_eval.py:223
                 INFO     | >> # episodes completed so    run_libero_eval.py:223
                          far: 222                                              
                 INFO     | >> # successes: 212 (95.5%)   run_libero_eval.py:223


 44%|████▍     | 22/50 [19:27<23:26, 50.24s/it][A                 INFO     | >>                            run_libero_eval.py:223
                          Task: put the bowl on top of                          
                          the cabinet                                           
                 INFO     | >> Starting episode 23...     run_libero_eval.py:223
05/20 [21:03:19] INFO     | >> Success: True              run_libero_eval.py:223
                 INFO     | >> # episodes completed so    run_libero_eval.py:223
                          far: 223                                              
                 INFO     | >> # successes: 213 (95.5%)   run_libero_eval.py:223


 46%|████▌     | 23/50 [20:15<22:22, 49.72s/it][A                 INFO     | >>                            run_libero_eval.py:223
                          Task: put the bowl on top of                          
                          the cabinet                                           
                 INFO     | >> Starting episode 24...     run_libero_eval.py:223
05/20 [21:04:13] INFO     | >> Success: True              run_libero_eval.py:223
                 INFO     | >> # episodes completed so    run_libero_eval.py:223
                          far: 224                                              
                 INFO     | >> # successes: 214 (95.5%)   run_libero_eval.py:223


 48%|████▊     | 24/50 [21:09<22:06, 51.03s/it][A                 INFO     | >>                            run_libero_eval.py:223
                          Task: put the bowl on top of                          
                          the cabinet                                           
                 INFO     | >> Starting episode 25...     run_libero_eval.py:223
05/20 [21:05:08] INFO     | >> Success: True              run_libero_eval.py:223
                 INFO     | >> # episodes completed so    run_libero_eval.py:223
                          far: 225                                              
                 INFO     | >> # successes: 215 (95.6%)   run_libero_eval.py:223


 50%|█████     | 25/50 [22:04<21:44, 52.17s/it][A                 INFO     | >>                            run_libero_eval.py:223
                          Task: put the bowl on top of                          
                          the cabinet                                           
                 INFO     | >> Starting episode 26...     run_libero_eval.py:223
05/20 [21:06:06] INFO     | >> Success: True              run_libero_eval.py:223
                 INFO     | >> # episodes completed so    run_libero_eval.py:223
                          far: 226                                              
                 INFO     | >> # successes: 216 (95.6%)   run_libero_eval.py:223


 52%|█████▏    | 26/50 [23:02<21:32, 53.86s/it][A                 INFO     | >>                            run_libero_eval.py:223
                          Task: put the bowl on top of                          
                          the cabinet                                           
                 INFO     | >> Starting episode 27...     run_libero_eval.py:223
05/20 [21:06:59] INFO     | >> Success: True              run_libero_eval.py:223
                 INFO     | >> # episodes completed so    run_libero_eval.py:223
                          far: 227                                              
                 INFO     | >> # successes: 217 (95.6%)   run_libero_eval.py:223


 54%|█████▍    | 27/50 [23:55<20:34, 53.66s/it][A                 INFO     | >>                            run_libero_eval.py:223
                          Task: put the bowl on top of                          
                          the cabinet                                           
                 INFO     | >> Starting episode 28...     run_libero_eval.py:223
05/20 [21:07:39] INFO     | >> Success: True              run_libero_eval.py:223
                 INFO     | >> # episodes completed so    run_libero_eval.py:223
                          far: 228                                              
                 INFO     | >> # successes: 218 (95.6%)   run_libero_eval.py:223


 56%|█████▌    | 28/50 [24:35<18:13, 49.71s/it][A                 INFO     | >>                            run_libero_eval.py:223
                          Task: put the bowl on top of                          
                          the cabinet                                           
                 INFO     | >> Starting episode 29...     run_libero_eval.py:223
05/20 [21:08:34] INFO     | >> Success: True              run_libero_eval.py:223
                 INFO     | >> # episodes completed so    run_libero_eval.py:223
                          far: 229                                              
                 INFO     | >> # successes: 219 (95.6%)   run_libero_eval.py:223


 58%|█████▊    | 29/50 [25:30<17:53, 51.11s/it][A                 INFO     | >>                            run_libero_eval.py:223
                          Task: put the bowl on top of                          
                          the cabinet                                           
                 INFO     | >> Starting episode 30...     run_libero_eval.py:223
05/20 [21:09:28] INFO     | >> Success: True              run_libero_eval.py:223
                 INFO     | >> # episodes completed so    run_libero_eval.py:223
                          far: 230                                              
                 INFO     | >> # successes: 220 (95.7%)   run_libero_eval.py:223


 60%|██████    | 30/50 [26:24<17:23, 52.16s/it][A                 INFO     | >>                            run_libero_eval.py:223
                          Task: put the bowl on top of                          
                          the cabinet                                           
                 INFO     | >> Starting episode 31...     run_libero_eval.py:223
05/20 [21:10:24] INFO     | >> Success: True              run_libero_eval.py:223
                 INFO     | >> # episodes completed so    run_libero_eval.py:223
                          far: 231                                              
                 INFO     | >> # successes: 221 (95.7%)   run_libero_eval.py:223


 62%|██████▏   | 31/50 [27:20<16:49, 53.12s/it][A                 INFO     | >>                            run_libero_eval.py:223
                          Task: put the bowl on top of                          
                          the cabinet                                           
                 INFO     | >> Starting episode 32...     run_libero_eval.py:223
05/20 [21:11:10] INFO     | >> Success: True              run_libero_eval.py:223
                 INFO     | >> # episodes completed so    run_libero_eval.py:223
                          far: 232                                              
                 INFO     | >> # successes: 222 (95.7%)   run_libero_eval.py:223


 64%|██████▍   | 32/50 [28:06<15:16, 50.90s/it][A                 INFO     | >>                            run_libero_eval.py:223
                          Task: put the bowl on top of                          
                          the cabinet                                           
                 INFO     | >> Starting episode 33...     run_libero_eval.py:223
05/20 [21:12:01] INFO     | >> Success: True              run_libero_eval.py:223
                 INFO     | >> # episodes completed so    run_libero_eval.py:223
                          far: 233                                              
                 INFO     | >> # successes: 223 (95.7%)   run_libero_eval.py:223


 66%|██████▌   | 33/50 [28:57<14:28, 51.10s/it][A                 INFO     | >>                            run_libero_eval.py:223
                          Task: put the bowl on top of                          
                          the cabinet                                           
                 INFO     | >> Starting episode 34...     run_libero_eval.py:223
05/20 [21:12:34] INFO     | >> Success: True              run_libero_eval.py:223
                 INFO     | >> # episodes completed so    run_libero_eval.py:223
                          far: 234                                              
                 INFO     | >> # successes: 224 (95.7%)   run_libero_eval.py:223


 68%|██████▊   | 34/50 [29:30<12:08, 45.51s/it][A                 INFO     | >>                            run_libero_eval.py:223
                          Task: put the bowl on top of                          
                          the cabinet                                           
                 INFO     | >> Starting episode 35...     run_libero_eval.py:223
05/20 [21:13:28] INFO     | >> Success: True              run_libero_eval.py:223
                 INFO     | >> # episodes completed so    run_libero_eval.py:223
                          far: 235                                              
                 INFO     | >> # successes: 225 (95.7%)   run_libero_eval.py:223


 70%|███████   | 35/50 [30:24<12:00, 48.05s/it][A                 INFO     | >>                            run_libero_eval.py:223
                          Task: put the bowl on top of                          
                          the cabinet                                           
                 INFO     | >> Starting episode 36...     run_libero_eval.py:223
05/20 [21:14:21] INFO     | >> Success: True              run_libero_eval.py:223
                 INFO     | >> # episodes completed so    run_libero_eval.py:223
                          far: 236                                              
                 INFO     | >> # successes: 226 (95.8%)   run_libero_eval.py:223


 72%|███████▏  | 36/50 [31:17<11:34, 49.61s/it][A                 INFO     | >>                            run_libero_eval.py:223
                          Task: put the bowl on top of                          
                          the cabinet                                           
                 INFO     | >> Starting episode 37...     run_libero_eval.py:223
05/20 [21:15:06] INFO     | >> Success: True              run_libero_eval.py:223
                 INFO     | >> # episodes completed so    run_libero_eval.py:223
                          far: 237                                              
                 INFO     | >> # successes: 227 (95.8%)   run_libero_eval.py:223


 74%|███████▍  | 37/50 [32:02<10:28, 48.38s/it][A                 INFO     | >>                            run_libero_eval.py:223
                          Task: put the bowl on top of                          
                          the cabinet                                           
                 INFO     | >> Starting episode 38...     run_libero_eval.py:223
05/20 [21:15:56] INFO     | >> Success: True              run_libero_eval.py:223
                 INFO     | >> # episodes completed so    run_libero_eval.py:223
                          far: 238                                              
                 INFO     | >> # successes: 228 (95.8%)   run_libero_eval.py:223


 76%|███████▌  | 38/50 [32:52<09:44, 48.73s/it][A                 INFO     | >>                            run_libero_eval.py:223
                          Task: put the bowl on top of                          
                          the cabinet                                           
                 INFO     | >> Starting episode 39...     run_libero_eval.py:223
05/20 [21:16:51] INFO     | >> Success: True              run_libero_eval.py:223
                 INFO     | >> # episodes completed so    run_libero_eval.py:223
                          far: 239                                              
                 INFO     | >> # successes: 229 (95.8%)   run_libero_eval.py:223


 78%|███████▊  | 39/50 [33:47<09:17, 50.70s/it][A                 INFO     | >>                            run_libero_eval.py:223
                          Task: put the bowl on top of                          
                          the cabinet                                           
                 INFO     | >> Starting episode 40...     run_libero_eval.py:223
05/20 [21:17:45] INFO     | >> Success: True              run_libero_eval.py:223
                 INFO     | >> # episodes completed so    run_libero_eval.py:223
                          far: 240                                              
                 INFO     | >> # successes: 230 (95.8%)   run_libero_eval.py:223


 80%|████████  | 40/50 [34:41<08:36, 51.67s/it][A                 INFO     | >>                            run_libero_eval.py:223
                          Task: put the bowl on top of                          
                          the cabinet                                           
                 INFO     | >> Starting episode 41...     run_libero_eval.py:223
05/20 [21:18:32] INFO     | >> Success: True              run_libero_eval.py:223
                 INFO     | >> # episodes completed so    run_libero_eval.py:223
                          far: 241                                              
                 INFO     | >> # successes: 231 (95.9%)   run_libero_eval.py:223


 82%|████████▏ | 41/50 [35:28<07:31, 50.22s/it][A                 INFO     | >>                            run_libero_eval.py:223
                          Task: put the bowl on top of                          
                          the cabinet                                           
                 INFO     | >> Starting episode 42...     run_libero_eval.py:223
05/20 [21:19:20] INFO     | >> Success: True              run_libero_eval.py:223
                 INFO     | >> # episodes completed so    run_libero_eval.py:223
                          far: 242                                              
                 INFO     | >> # successes: 232 (95.9%)   run_libero_eval.py:223


 84%|████████▍ | 42/50 [36:16<06:37, 49.69s/it][A                 INFO     | >>                            run_libero_eval.py:223
                          Task: put the bowl on top of                          
                          the cabinet                                           
                 INFO     | >> Starting episode 43...     run_libero_eval.py:223
05/20 [21:20:07] INFO     | >> Success: True              run_libero_eval.py:223
                 INFO     | >> # episodes completed so    run_libero_eval.py:223
                          far: 243                                              
                 INFO     | >> # successes: 233 (95.9%)   run_libero_eval.py:223


 86%|████████▌ | 43/50 [37:03<05:42, 48.88s/it][A                 INFO     | >>                            run_libero_eval.py:223
                          Task: put the bowl on top of                          
                          the cabinet                                           
                 INFO     | >> Starting episode 44...     run_libero_eval.py:223
05/20 [21:22:54] INFO     | >> Success: False             run_libero_eval.py:223
                 INFO     | >> # episodes completed so    run_libero_eval.py:223
                          far: 244                                              
                 INFO     | >> # successes: 233 (95.5%)   run_libero_eval.py:223


 88%|████████▊ | 44/50 [39:50<08:25, 84.17s/it][A                 INFO     | >>                            run_libero_eval.py:223
                          Task: put the bowl on top of                          
                          the cabinet                                           
                 INFO     | >> Starting episode 45...     run_libero_eval.py:223
05/20 [21:23:49] INFO     | >> Success: True              run_libero_eval.py:223
                 INFO     | >> # episodes completed so    run_libero_eval.py:223
                          far: 245                                              
                 INFO     | >> # successes: 234 (95.5%)   run_libero_eval.py:223


 90%|█████████ | 45/50 [40:45<06:17, 75.49s/it][A                 INFO     | >>                            run_libero_eval.py:223
                          Task: put the bowl on top of                          
                          the cabinet                                           
                 INFO     | >> Starting episode 46...     run_libero_eval.py:223
05/20 [21:24:26] INFO     | >> Success: True              run_libero_eval.py:223
                 INFO     | >> # episodes completed so    run_libero_eval.py:223
                          far: 246                                              
                 INFO     | >> # successes: 235 (95.5%)   run_libero_eval.py:223


 92%|█████████▏| 46/50 [41:22<04:15, 63.87s/it][A                 INFO     | >>                            run_libero_eval.py:223
                          Task: put the bowl on top of                          
                          the cabinet                                           
                 INFO     | >> Starting episode 47...     run_libero_eval.py:223
05/20 [21:25:19] INFO     | >> Success: True              run_libero_eval.py:223
                 INFO     | >> # episodes completed so    run_libero_eval.py:223
                          far: 247                                              
                 INFO     | >> # successes: 236 (95.5%)   run_libero_eval.py:223


 94%|█████████▍| 47/50 [42:15<03:01, 60.60s/it][A                 INFO     | >>                            run_libero_eval.py:223
                          Task: put the bowl on top of                          
                          the cabinet                                           
                 INFO     | >> Starting episode 48...     run_libero_eval.py:223
05/20 [21:26:08] INFO     | >> Success: True              run_libero_eval.py:223
                 INFO     | >> # episodes completed so    run_libero_eval.py:223
                          far: 248                                              
                 INFO     | >> # successes: 237 (95.6%)   run_libero_eval.py:223


 96%|█████████▌| 48/50 [43:04<01:54, 57.28s/it][A                 INFO     | >>                            run_libero_eval.py:223
                          Task: put the bowl on top of                          
                          the cabinet                                           
                 INFO     | >> Starting episode 49...     run_libero_eval.py:223
05/20 [21:27:09] INFO     | >> Success: True              run_libero_eval.py:223
                 INFO     | >> # episodes completed so    run_libero_eval.py:223
                          far: 249                                              
                 INFO     | >> # successes: 238 (95.6%)   run_libero_eval.py:223


 98%|█████████▊| 49/50 [44:05<00:58, 58.23s/it][A                 INFO     | >>                            run_libero_eval.py:223
                          Task: put the bowl on top of                          
                          the cabinet                                           
                 INFO     | >> Starting episode 50...     run_libero_eval.py:223
05/20 [21:27:52] INFO     | >> Success: True              run_libero_eval.py:223
                 INFO     | >> # episodes completed so    run_libero_eval.py:223
                          far: 250                                              
                 INFO     | >> # successes: 239 (95.6%)   run_libero_eval.py:223


100%|██████████| 50/50 [44:48<00:00, 53.77s/it][A
100%|██████████| 50/50 [44:48<00:00, 53.77s/it]
                 INFO     | >> Current task success rate: run_libero_eval.py:223
                          0.98                                                  
                 INFO     | >> Current total success      run_libero_eval.py:223
                          rate: 0.956                                           

 50%|█████     | 5/10 [4:11:54<4:28:50, 3226.19s/it][Warning]: datasets path <home_path>/code/publish-ddpvla/LIBERO/datasets does not exist!
                 INFO     | >> Using default initial      run_libero_eval.py:223
                          states                                                
[Warning]: datasets path <home_path>/code/publish-ddpvla/LIBERO/datasets does not exist!


  0%|          | 0/50 [00:00<?, ?it/s][A05/20 [21:27:58] INFO     | >>                            run_libero_eval.py:223
                          Task: push the plate to the                           
                          front of the stove                                    
                 INFO     | >> Starting episode 1...      run_libero_eval.py:223
05/20 [21:29:46] INFO     | >> Success: True              run_libero_eval.py:223
                 INFO     | >> # episodes completed so    run_libero_eval.py:223
                          far: 251                                              
                 INFO     | >> # successes: 240 (95.6%)   run_libero_eval.py:223


  2%|▏         | 1/50 [01:47<1:28:09, 107.95s/it][A                 INFO     | >>                            run_libero_eval.py:223
                          Task: push the plate to the                           
                          front of the stove                                    
                 INFO     | >> Starting episode 2...      run_libero_eval.py:223
05/20 [21:30:57] INFO     | >> Success: True              run_libero_eval.py:223
                 INFO     | >> # episodes completed so    run_libero_eval.py:223
                          far: 252                                              
                 INFO     | >> # successes: 241 (95.6%)   run_libero_eval.py:223


  4%|▍         | 2/50 [02:59<1:09:02, 86.30s/it] [A                 INFO     | >>                            run_libero_eval.py:223
                          Task: push the plate to the                           
                          front of the stove                                    
                 INFO     | >> Starting episode 3...      run_libero_eval.py:223
05/20 [21:32:20] INFO     | >> Success: True              run_libero_eval.py:223
                 INFO     | >> # episodes completed so    run_libero_eval.py:223
                          far: 253                                              
                 INFO     | >> # successes: 242 (95.7%)   run_libero_eval.py:223


  6%|▌         | 3/50 [04:22<1:06:29, 84.88s/it][A                 INFO     | >>                            run_libero_eval.py:223
                          Task: push the plate to the                           
                          front of the stove                                    
                 INFO     | >> Starting episode 4...      run_libero_eval.py:223
05/20 [21:33:44] INFO     | >> Success: True              run_libero_eval.py:223
                 INFO     | >> # episodes completed so    run_libero_eval.py:223
                          far: 254                                              
                 INFO     | >> # successes: 243 (95.7%)   run_libero_eval.py:223


  8%|▊         | 4/50 [05:46<1:04:50, 84.58s/it][A                 INFO     | >>                            run_libero_eval.py:223
                          Task: push the plate to the                           
                          front of the stove                                    
                 INFO     | >> Starting episode 5...      run_libero_eval.py:223
05/20 [21:34:58] INFO     | >> Success: True              run_libero_eval.py:223
                 INFO     | >> # episodes completed so    run_libero_eval.py:223
                          far: 255                                              
                 INFO     | >> # successes: 244 (95.7%)   run_libero_eval.py:223


 10%|█         | 5/50 [07:00<1:00:32, 80.73s/it][A                 INFO     | >>                            run_libero_eval.py:223
                          Task: push the plate to the                           
                          front of the stove                                    
                 INFO     | >> Starting episode 6...      run_libero_eval.py:223
05/20 [21:36:23] INFO     | >> Success: True              run_libero_eval.py:223
                 INFO     | >> # episodes completed so    run_libero_eval.py:223
                          far: 256                                              
                 INFO     | >> # successes: 245 (95.7%)   run_libero_eval.py:223


 12%|█▏        | 6/50 [08:25<1:00:19, 82.25s/it][A                 INFO     | >>                            run_libero_eval.py:223
                          Task: push the plate to the                           
                          front of the stove                                    
                 INFO     | >> Starting episode 7...      run_libero_eval.py:223
05/20 [21:37:51] INFO     | >> Success: True              run_libero_eval.py:223
                 INFO     | >> # episodes completed so    run_libero_eval.py:223
                          far: 257                                              
                 INFO     | >> # successes: 246 (95.7%)   run_libero_eval.py:223


 14%|█▍        | 7/50 [09:53<1:00:17, 84.12s/it][A                 INFO     | >>                            run_libero_eval.py:223
                          Task: push the plate to the                           
                          front of the stove                                    
                 INFO     | >> Starting episode 8...      run_libero_eval.py:223
05/20 [21:39:08] INFO     | >> Success: True              run_libero_eval.py:223
                 INFO     | >> # episodes completed so    run_libero_eval.py:223
                          far: 258                                              
                 INFO     | >> # successes: 247 (95.7%)   run_libero_eval.py:223


 16%|█▌        | 8/50 [11:10<57:12, 81.74s/it]  [A                 INFO     | >>                            run_libero_eval.py:223
                          Task: push the plate to the                           
                          front of the stove                                    
                 INFO     | >> Starting episode 9...      run_libero_eval.py:223
05/20 [21:40:31] INFO     | >> Success: True              run_libero_eval.py:223
                 INFO     | >> # episodes completed so    run_libero_eval.py:223
                          far: 259                                              
                 INFO     | >> # successes: 248 (95.8%)   run_libero_eval.py:223


 18%|█▊        | 9/50 [12:33<56:11, 82.22s/it][A                 INFO     | >>                            run_libero_eval.py:223
                          Task: push the plate to the                           
                          front of the stove                                    
                 INFO     | >> Starting episode 10...     run_libero_eval.py:223
05/20 [21:41:40] INFO     | >> Success: True              run_libero_eval.py:223
                 INFO     | >> # episodes completed so    run_libero_eval.py:223
                          far: 260                                              
                 INFO     | >> # successes: 249 (95.8%)   run_libero_eval.py:223


 20%|██        | 10/50 [13:42<52:08, 78.21s/it][A                 INFO     | >>                            run_libero_eval.py:223
                          Task: push the plate to the                           
                          front of the stove                                    
                 INFO     | >> Starting episode 11...     run_libero_eval.py:223
05/20 [21:43:23] INFO     | >> Success: True              run_libero_eval.py:223
                 INFO     | >> # episodes completed so    run_libero_eval.py:223
                          far: 261                                              
                 INFO     | >> # successes: 250 (95.8%)   run_libero_eval.py:223


 22%|██▏       | 11/50 [15:25<55:40, 85.66s/it][A                 INFO     | >>                            run_libero_eval.py:223
                          Task: push the plate to the                           
                          front of the stove                                    
                 INFO     | >> Starting episode 12...     run_libero_eval.py:223
05/20 [21:44:46] INFO     | >> Success: True              run_libero_eval.py:223
                 INFO     | >> # episodes completed so    run_libero_eval.py:223
                          far: 262                                              
                 INFO     | >> # successes: 251 (95.8%)   run_libero_eval.py:223


 24%|██▍       | 12/50 [16:47<53:41, 84.78s/it][A                 INFO     | >>                            run_libero_eval.py:223
                          Task: push the plate to the                           
                          front of the stove                                    
                 INFO     | >> Starting episode 13...     run_libero_eval.py:223
05/20 [21:45:54] INFO     | >> Success: True              run_libero_eval.py:223
                 INFO     | >> # episodes completed so    run_libero_eval.py:223
                          far: 263                                              
                 INFO     | >> # successes: 252 (95.8%)   run_libero_eval.py:223


 26%|██▌       | 13/50 [17:56<49:16, 79.91s/it][A                 INFO     | >>                            run_libero_eval.py:223
                          Task: push the plate to the                           
                          front of the stove                                    
                 INFO     | >> Starting episode 14...     run_libero_eval.py:223
05/20 [21:47:07] INFO     | >> Success: True              run_libero_eval.py:223
                 INFO     | >> # episodes completed so    run_libero_eval.py:223
                          far: 264                                              
                 INFO     | >> # successes: 253 (95.8%)   run_libero_eval.py:223


 28%|██▊       | 14/50 [19:09<46:35, 77.65s/it][A                 INFO     | >>                            run_libero_eval.py:223
                          Task: push the plate to the                           
                          front of the stove                                    
                 INFO     | >> Starting episode 15...     run_libero_eval.py:223
05/20 [21:48:38] INFO     | >> Success: True              run_libero_eval.py:223
                 INFO     | >> # episodes completed so    run_libero_eval.py:223
                          far: 265                                              
                 INFO     | >> # successes: 254 (95.8%)   run_libero_eval.py:223


 30%|███       | 15/50 [20:40<47:44, 81.84s/it][A                 INFO     | >>                            run_libero_eval.py:223
                          Task: push the plate to the                           
                          front of the stove                                    
                 INFO     | >> Starting episode 16...     run_libero_eval.py:223
05/20 [21:49:55] INFO     | >> Success: True              run_libero_eval.py:223
                 INFO     | >> # episodes completed so    run_libero_eval.py:223
                          far: 266                                              
                 INFO     | >> # successes: 255 (95.9%)   run_libero_eval.py:223


 32%|███▏      | 16/50 [21:57<45:30, 80.30s/it][A                 INFO     | >>                            run_libero_eval.py:223
                          Task: push the plate to the                           
                          front of the stove                                    
                 INFO     | >> Starting episode 17...     run_libero_eval.py:223
05/20 [21:51:19] INFO     | >> Success: True              run_libero_eval.py:223
                 INFO     | >> # episodes completed so    run_libero_eval.py:223
                          far: 267                                              
05/20 [21:51:20] INFO     | >> # successes: 256 (95.9%)   run_libero_eval.py:223


 34%|███▍      | 17/50 [23:21<44:50, 81.54s/it][A                 INFO     | >>                            run_libero_eval.py:223
                          Task: push the plate to the                           
                          front of the stove                                    
                 INFO     | >> Starting episode 18...     run_libero_eval.py:223
05/20 [21:52:37] INFO     | >> Success: True              run_libero_eval.py:223
                 INFO     | >> # episodes completed so    run_libero_eval.py:223
                          far: 268                                              
                 INFO     | >> # successes: 257 (95.9%)   run_libero_eval.py:223


 36%|███▌      | 18/50 [24:38<42:47, 80.22s/it][A                 INFO     | >>                            run_libero_eval.py:223
                          Task: push the plate to the                           
                          front of the stove                                    
                 INFO     | >> Starting episode 19...     run_libero_eval.py:223
05/20 [21:53:54] INFO     | >> Success: True              run_libero_eval.py:223
                 INFO     | >> # episodes completed so    run_libero_eval.py:223
                          far: 269                                              
                 INFO     | >> # successes: 258 (95.9%)   run_libero_eval.py:223


 38%|███▊      | 19/50 [25:56<40:58, 79.31s/it][A                 INFO     | >>                            run_libero_eval.py:223
                          Task: push the plate to the                           
                          front of the stove                                    
                 INFO     | >> Starting episode 20...     run_libero_eval.py:223
05/20 [21:55:10] INFO     | >> Success: True              run_libero_eval.py:223
                 INFO     | >> # episodes completed so    run_libero_eval.py:223
                          far: 270                                              
                 INFO     | >> # successes: 259 (95.9%)   run_libero_eval.py:223


 40%|████      | 20/50 [27:12<39:12, 78.42s/it][A                 INFO     | >>                            run_libero_eval.py:223
                          Task: push the plate to the                           
                          front of the stove                                    
                 INFO     | >> Starting episode 21...     run_libero_eval.py:223
05/20 [21:56:24] INFO     | >> Success: True              run_libero_eval.py:223
                 INFO     | >> # episodes completed so    run_libero_eval.py:223
                          far: 271                                              
                 INFO     | >> # successes: 260 (95.9%)   run_libero_eval.py:223


 42%|████▏     | 21/50 [28:26<37:14, 77.04s/it][A                 INFO     | >>                            run_libero_eval.py:223
                          Task: push the plate to the                           
                          front of the stove                                    
                 INFO     | >> Starting episode 22...     run_libero_eval.py:223
05/20 [21:58:14] INFO     | >> Success: True              run_libero_eval.py:223
                 INFO     | >> # episodes completed so    run_libero_eval.py:223
                          far: 272                                              
                 INFO     | >> # successes: 261 (96.0%)   run_libero_eval.py:223


 44%|████▍     | 22/50 [30:16<40:37, 87.05s/it][A                 INFO     | >>                            run_libero_eval.py:223
                          Task: push the plate to the                           
                          front of the stove                                    
                 INFO     | >> Starting episode 23...     run_libero_eval.py:223
05/20 [22:00:26] INFO     | >> Success: False             run_libero_eval.py:223
                 INFO     | >> # episodes completed so    run_libero_eval.py:223
                          far: 273                                              
                 INFO     | >> # successes: 261 (95.6%)   run_libero_eval.py:223


 46%|████▌     | 23/50 [32:28<45:14, 100.55s/it][A                 INFO     | >>                            run_libero_eval.py:223
                          Task: push the plate to the                           
                          front of the stove                                    
                 INFO     | >> Starting episode 24...     run_libero_eval.py:223
05/20 [22:01:59] INFO     | >> Success: True              run_libero_eval.py:223
                 INFO     | >> # episodes completed so    run_libero_eval.py:223
                          far: 274                                              
                 INFO     | >> # successes: 262 (95.6%)   run_libero_eval.py:223


 48%|████▊     | 24/50 [34:01<42:33, 98.19s/it] [A                 INFO     | >>                            run_libero_eval.py:223
                          Task: push the plate to the                           
                          front of the stove                                    
                 INFO     | >> Starting episode 25...     run_libero_eval.py:223
05/20 [22:03:04] INFO     | >> Success: True              run_libero_eval.py:223
                 INFO     | >> # episodes completed so    run_libero_eval.py:223
                          far: 275                                              
                 INFO     | >> # successes: 263 (95.6%)   run_libero_eval.py:223


 50%|█████     | 25/50 [35:06<36:42, 88.11s/it][A                 INFO     | >>                            run_libero_eval.py:223
                          Task: push the plate to the                           
                          front of the stove                                    
                 INFO     | >> Starting episode 26...     run_libero_eval.py:223
05/20 [22:04:23] INFO     | >> Success: True              run_libero_eval.py:223
                 INFO     | >> # episodes completed so    run_libero_eval.py:223
                          far: 276                                              
                 INFO     | >> # successes: 264 (95.7%)   run_libero_eval.py:223


 52%|█████▏    | 26/50 [36:24<34:08, 85.35s/it][A                 INFO     | >>                            run_libero_eval.py:223
                          Task: push the plate to the                           
                          front of the stove                                    
                 INFO     | >> Starting episode 27...     run_libero_eval.py:223
05/20 [22:05:41] INFO     | >> Success: True              run_libero_eval.py:223
                 INFO     | >> # episodes completed so    run_libero_eval.py:223
                          far: 277                                              
                 INFO     | >> # successes: 265 (95.7%)   run_libero_eval.py:223


 54%|█████▍    | 27/50 [37:43<31:56, 83.31s/it][A                 INFO     | >>                            run_libero_eval.py:223
                          Task: push the plate to the                           
                          front of the stove                                    
                 INFO     | >> Starting episode 28...     run_libero_eval.py:223
05/20 [22:06:47] INFO     | >> Success: True              run_libero_eval.py:223
                 INFO     | >> # episodes completed so    run_libero_eval.py:223
                          far: 278                                              
                 INFO     | >> # successes: 266 (95.7%)   run_libero_eval.py:223


 56%|█████▌    | 28/50 [38:49<28:37, 78.08s/it][A                 INFO     | >>                            run_libero_eval.py:223
                          Task: push the plate to the                           
                          front of the stove                                    
                 INFO     | >> Starting episode 29...     run_libero_eval.py:223
05/20 [22:08:05] INFO     | >> Success: True              run_libero_eval.py:223
                 INFO     | >> # episodes completed so    run_libero_eval.py:223
                          far: 279                                              
                 INFO     | >> # successes: 267 (95.7%)   run_libero_eval.py:223


 58%|█████▊    | 29/50 [40:07<27:17, 77.98s/it][A                 INFO     | >>                            run_libero_eval.py:223
                          Task: push the plate to the                           
                          front of the stove                                    
                 INFO     | >> Starting episode 30...     run_libero_eval.py:223
05/20 [22:09:35] INFO     | >> Success: True              run_libero_eval.py:223
                 INFO     | >> # episodes completed so    run_libero_eval.py:223
                          far: 280                                              
                 INFO     | >> # successes: 268 (95.7%)   run_libero_eval.py:223


 60%|██████    | 30/50 [41:37<27:13, 81.67s/it][A                 INFO     | >>                            run_libero_eval.py:223
                          Task: push the plate to the                           
                          front of the stove                                    
                 INFO     | >> Starting episode 31...     run_libero_eval.py:223
05/20 [22:11:39] INFO     | >> Success: True              run_libero_eval.py:223
                 INFO     | >> # episodes completed so    run_libero_eval.py:223
                          far: 281                                              
                 INFO     | >> # successes: 269 (95.7%)   run_libero_eval.py:223


 62%|██████▏   | 31/50 [43:40<29:49, 94.20s/it][A                 INFO     | >>                            run_libero_eval.py:223
                          Task: push the plate to the                           
                          front of the stove                                    
                 INFO     | >> Starting episode 32...     run_libero_eval.py:223
05/20 [22:12:56] INFO     | >> Success: True              run_libero_eval.py:223
                 INFO     | >> # episodes completed so    run_libero_eval.py:223
                          far: 282                                              
                 INFO     | >> # successes: 270 (95.7%)   run_libero_eval.py:223


 64%|██████▍   | 32/50 [44:58<26:45, 89.18s/it][A                 INFO     | >>                            run_libero_eval.py:223
                          Task: push the plate to the                           
                          front of the stove                                    
                 INFO     | >> Starting episode 33...     run_libero_eval.py:223
05/20 [22:14:06] INFO     | >> Success: True              run_libero_eval.py:223
                 INFO     | >> # episodes completed so    run_libero_eval.py:223
                          far: 283                                              
                 INFO     | >> # successes: 271 (95.8%)   run_libero_eval.py:223


 66%|██████▌   | 33/50 [46:08<23:38, 83.47s/it][A                 INFO     | >>                            run_libero_eval.py:223
                          Task: push the plate to the                           
                          front of the stove                                    
                 INFO     | >> Starting episode 34...     run_libero_eval.py:223
05/20 [22:15:13] INFO     | >> Success: True              run_libero_eval.py:223
                 INFO     | >> # episodes completed so    run_libero_eval.py:223
                          far: 284                                              
                 INFO     | >> # successes: 272 (95.8%)   run_libero_eval.py:223


 68%|██████▊   | 34/50 [47:15<20:58, 78.64s/it][A05/20 [22:15:14] INFO     | >>                            run_libero_eval.py:223
                          Task: push the plate to the                           
                          front of the stove                                    
                 INFO     | >> Starting episode 35...     run_libero_eval.py:223
05/20 [22:16:19] INFO     | >> Success: True              run_libero_eval.py:223
                 INFO     | >> # episodes completed so    run_libero_eval.py:223
                          far: 285                                              
                 INFO     | >> # successes: 273 (95.8%)   run_libero_eval.py:223


 70%|███████   | 35/50 [48:21<18:42, 74.82s/it][A                 INFO     | >>                            run_libero_eval.py:223
                          Task: push the plate to the                           
                          front of the stove                                    
                 INFO     | >> Starting episode 36...     run_libero_eval.py:223
05/20 [22:17:18] INFO     | >> Success: True              run_libero_eval.py:223
                 INFO     | >> # episodes completed so    run_libero_eval.py:223
                          far: 286                                              
                 INFO     | >> # successes: 274 (95.8%)   run_libero_eval.py:223


 72%|███████▏  | 36/50 [49:20<16:18, 69.91s/it][A                 INFO     | >>                            run_libero_eval.py:223
                          Task: push the plate to the                           
                          front of the stove                                    
                 INFO     | >> Starting episode 37...     run_libero_eval.py:223
05/20 [22:18:22] INFO     | >> Success: True              run_libero_eval.py:223
                 INFO     | >> # episodes completed so    run_libero_eval.py:223
                          far: 287                                              
                 INFO     | >> # successes: 275 (95.8%)   run_libero_eval.py:223


 74%|███████▍  | 37/50 [50:24<14:46, 68.17s/it][A                 INFO     | >>                            run_libero_eval.py:223
                          Task: push the plate to the                           
                          front of the stove                                    
                 INFO     | >> Starting episode 38...     run_libero_eval.py:223
05/20 [22:21:16] INFO     | >> Success: False             run_libero_eval.py:223
                 INFO     | >> # episodes completed so    run_libero_eval.py:223
                          far: 288                                              
                 INFO     | >> # successes: 275 (95.5%)   run_libero_eval.py:223


 76%|███████▌  | 38/50 [53:18<19:59, 99.93s/it][A                 INFO     | >>                            run_libero_eval.py:223
                          Task: push the plate to the                           
                          front of the stove                                    
                 INFO     | >> Starting episode 39...     run_libero_eval.py:223
05/20 [22:22:34] INFO     | >> Success: True              run_libero_eval.py:223
                 INFO     | >> # episodes completed so    run_libero_eval.py:223
                          far: 289                                              
                 INFO     | >> # successes: 276 (95.5%)   run_libero_eval.py:223


 78%|███████▊  | 39/50 [54:36<17:08, 93.48s/it][A                 INFO     | >>                            run_libero_eval.py:223
                          Task: push the plate to the                           
                          front of the stove                                    
                 INFO     | >> Starting episode 40...     run_libero_eval.py:223
05/20 [22:23:50] INFO     | >> Success: True              run_libero_eval.py:223
                 INFO     | >> # episodes completed so    run_libero_eval.py:223
                          far: 290                                              
                 INFO     | >> # successes: 277 (95.5%)   run_libero_eval.py:223


 80%|████████  | 40/50 [55:52<14:42, 88.25s/it][A                 INFO     | >>                            run_libero_eval.py:223
                          Task: push the plate to the                           
                          front of the stove                                    
05/20 [22:23:51] INFO     | >> Starting episode 41...     run_libero_eval.py:223
05/20 [22:24:57] INFO     | >> Success: True              run_libero_eval.py:223
                 INFO     | >> # episodes completed so    run_libero_eval.py:223
                          far: 291                                              
                 INFO     | >> # successes: 278 (95.5%)   run_libero_eval.py:223


 82%|████████▏ | 41/50 [56:59<12:15, 81.78s/it][A                 INFO     | >>                            run_libero_eval.py:223
                          Task: push the plate to the                           
                          front of the stove                                    
                 INFO     | >> Starting episode 42...     run_libero_eval.py:223
05/20 [22:26:16] INFO     | >> Success: True              run_libero_eval.py:223
                 INFO     | >> # episodes completed so    run_libero_eval.py:223
                          far: 292                                              
                 INFO     | >> # successes: 279 (95.5%)   run_libero_eval.py:223


 84%|████████▍ | 42/50 [58:17<10:46, 80.79s/it][A                 INFO     | >>                            run_libero_eval.py:223
                          Task: push the plate to the                           
                          front of the stove                                    
                 INFO     | >> Starting episode 43...     run_libero_eval.py:223
05/20 [22:27:36] INFO     | >> Success: True              run_libero_eval.py:223
                 INFO     | >> # episodes completed so    run_libero_eval.py:223
                          far: 293                                              
                 INFO     | >> # successes: 280 (95.6%)   run_libero_eval.py:223


 86%|████████▌ | 43/50 [59:37<09:23, 80.53s/it][A                 INFO     | >>                            run_libero_eval.py:223
                          Task: push the plate to the                           
                          front of the stove                                    
                 INFO     | >> Starting episode 44...     run_libero_eval.py:223
05/20 [22:30:18] INFO     | >> Success: False             run_libero_eval.py:223
                 INFO     | >> # episodes completed so    run_libero_eval.py:223
                          far: 294                                              
                 INFO     | >> # successes: 280 (95.2%)   run_libero_eval.py:223


 88%|████████▊ | 44/50 [1:02:20<10:30, 105.04s/it][A                 INFO     | >>                            run_libero_eval.py:223
                          Task: push the plate to the                           
                          front of the stove                                    
                 INFO     | >> Starting episode 45...     run_libero_eval.py:223
05/20 [22:31:30] INFO     | >> Success: True              run_libero_eval.py:223
                 INFO     | >> # episodes completed so    run_libero_eval.py:223
                          far: 295                                              
                 INFO     | >> # successes: 281 (95.3%)   run_libero_eval.py:223


 90%|█████████ | 45/50 [1:03:32<07:56, 95.32s/it] [A                 INFO     | >>                            run_libero_eval.py:223
                          Task: push the plate to the                           
                          front of the stove                                    
                 INFO     | >> Starting episode 46...     run_libero_eval.py:223
05/20 [22:32:37] INFO     | >> Success: True              run_libero_eval.py:223
                 INFO     | >> # episodes completed so    run_libero_eval.py:223
                          far: 296                                              
                 INFO     | >> # successes: 282 (95.3%)   run_libero_eval.py:223


 92%|█████████▏| 46/50 [1:04:39<05:47, 86.80s/it][A                 INFO     | >>                            run_libero_eval.py:223
                          Task: push the plate to the                           
                          front of the stove                                    
                 INFO     | >> Starting episode 47...     run_libero_eval.py:223
05/20 [22:33:33] INFO     | >> Success: True              run_libero_eval.py:223
                 INFO     | >> # episodes completed so    run_libero_eval.py:223
                          far: 297                                              
                 INFO     | >> # successes: 283 (95.3%)   run_libero_eval.py:223


 94%|█████████▍| 47/50 [1:05:34<03:51, 77.32s/it][A                 INFO     | >>                            run_libero_eval.py:223
                          Task: push the plate to the                           
                          front of the stove                                    
                 INFO     | >> Starting episode 48...     run_libero_eval.py:223
05/20 [22:34:38] INFO     | >> Success: True              run_libero_eval.py:223
                 INFO     | >> # episodes completed so    run_libero_eval.py:223
                          far: 298                                              
                 INFO     | >> # successes: 284 (95.3%)   run_libero_eval.py:223


 96%|█████████▌| 48/50 [1:06:40<02:27, 73.71s/it][A                 INFO     | >>                            run_libero_eval.py:223
                          Task: push the plate to the                           
                          front of the stove                                    
                 INFO     | >> Starting episode 49...     run_libero_eval.py:223
05/20 [22:35:47] INFO     | >> Success: True              run_libero_eval.py:223
                 INFO     | >> # episodes completed so    run_libero_eval.py:223
                          far: 299                                              
                 INFO     | >> # successes: 285 (95.3%)   run_libero_eval.py:223


 98%|█████████▊| 49/50 [1:07:48<01:12, 72.19s/it][A                 INFO     | >>                            run_libero_eval.py:223
                          Task: push the plate to the                           
                          front of the stove                                    
                 INFO     | >> Starting episode 50...     run_libero_eval.py:223
05/20 [22:36:55] INFO     | >> Success: True              run_libero_eval.py:223
                 INFO     | >> # episodes completed so    run_libero_eval.py:223
                          far: 300                                              
                 INFO     | >> # successes: 286 (95.3%)   run_libero_eval.py:223


100%|██████████| 50/50 [1:08:56<00:00, 70.95s/it][A
100%|██████████| 50/50 [1:08:56<00:00, 82.74s/it]
                 INFO     | >> Current task success rate: run_libero_eval.py:223
                          0.94                                                  
                 INFO     | >> Current total success      run_libero_eval.py:223
                          rate: 0.9533333333333334                              

 60%|██████    | 6/10 [5:20:56<3:55:50, 3537.69s/it][Warning]: datasets path <home_path>/code/publish-ddpvla/LIBERO/datasets does not exist!
                 INFO     | >> Using default initial      run_libero_eval.py:223
                          states                                                
[Warning]: datasets path <home_path>/code/publish-ddpvla/LIBERO/datasets does not exist!


  0%|          | 0/50 [00:00<?, ?it/s][A05/20 [22:36:58] INFO     | >>                            run_libero_eval.py:223
                          Task: put the cream cheese in                         
                          the bowl                                              
                 INFO     | >> Starting episode 1...      run_libero_eval.py:223
05/20 [22:37:56] INFO     | >> Success: True              run_libero_eval.py:223
                 INFO     | >> # episodes completed so    run_libero_eval.py:223
                          far: 301                                              
                 INFO     | >> # successes: 287 (95.3%)   run_libero_eval.py:223


  2%|▏         | 1/50 [00:57<47:04, 57.64s/it][A                 INFO     | >>                            run_libero_eval.py:223
                          Task: put the cream cheese in                         
                          the bowl                                              
                 INFO     | >> Starting episode 2...      run_libero_eval.py:223
05/20 [22:38:51] INFO     | >> Success: True              run_libero_eval.py:223
                 INFO     | >> # episodes completed so    run_libero_eval.py:223
                          far: 302                                              
                 INFO     | >> # successes: 288 (95.4%)   run_libero_eval.py:223


  4%|▍         | 2/50 [01:53<45:06, 56.38s/it][A                 INFO     | >>                            run_libero_eval.py:223
                          Task: put the cream cheese in                         
                          the bowl                                              
                 INFO     | >> Starting episode 3...      run_libero_eval.py:223
05/20 [22:39:47] INFO     | >> Success: True              run_libero_eval.py:223
                 INFO     | >> # episodes completed so    run_libero_eval.py:223
                          far: 303                                              
                 INFO     | >> # successes: 289 (95.4%)   run_libero_eval.py:223


  6%|▌         | 3/50 [02:48<43:58, 56.13s/it][A                 INFO     | >>                            run_libero_eval.py:223
                          Task: put the cream cheese in                         
                          the bowl                                              
                 INFO     | >> Starting episode 4...      run_libero_eval.py:223
05/20 [22:40:43] INFO     | >> Success: True              run_libero_eval.py:223
                 INFO     | >> # episodes completed so    run_libero_eval.py:223
                          far: 304                                              
                 INFO     | >> # successes: 290 (95.4%)   run_libero_eval.py:223


  8%|▊         | 4/50 [03:44<42:58, 56.05s/it][A                 INFO     | >>                            run_libero_eval.py:223
                          Task: put the cream cheese in                         
                          the bowl                                              
                 INFO     | >> Starting episode 5...      run_libero_eval.py:223
05/20 [22:41:48] INFO     | >> Success: True              run_libero_eval.py:223
                 INFO     | >> # episodes completed so    run_libero_eval.py:223
                          far: 305                                              
                 INFO     | >> # successes: 291 (95.4%)   run_libero_eval.py:223


 10%|█         | 5/50 [04:49<44:23, 59.19s/it][A                 INFO     | >>                            run_libero_eval.py:223
                          Task: put the cream cheese in                         
                          the bowl                                              
                 INFO     | >> Starting episode 6...      run_libero_eval.py:223
05/20 [22:42:44] INFO     | >> Success: True              run_libero_eval.py:223
                 INFO     | >> # episodes completed so    run_libero_eval.py:223
                          far: 306                                              
                 INFO     | >> # successes: 292 (95.4%)   run_libero_eval.py:223


 12%|█▏        | 6/50 [05:46<42:47, 58.35s/it][A                 INFO     | >>                            run_libero_eval.py:223
                          Task: put the cream cheese in                         
                          the bowl                                              
                 INFO     | >> Starting episode 7...      run_libero_eval.py:223
05/20 [22:43:23] INFO     | >> Success: True              run_libero_eval.py:223
                 INFO     | >> # episodes completed so    run_libero_eval.py:223
                          far: 307                                              
                 INFO     | >> # successes: 293 (95.4%)   run_libero_eval.py:223


 14%|█▍        | 7/50 [06:24<37:08, 51.82s/it][A                 INFO     | >>                            run_libero_eval.py:223
                          Task: put the cream cheese in                         
                          the bowl                                              
                 INFO     | >> Starting episode 8...      run_libero_eval.py:223
05/20 [22:44:03] INFO     | >> Success: True              run_libero_eval.py:223
                 INFO     | >> # episodes completed so    run_libero_eval.py:223
                          far: 308                                              
                 INFO     | >> # successes: 294 (95.5%)   run_libero_eval.py:223


 16%|█▌        | 8/50 [07:05<33:46, 48.25s/it][A                 INFO     | >>                            run_libero_eval.py:223
                          Task: put the cream cheese in                         
                          the bowl                                              
                 INFO     | >> Starting episode 9...      run_libero_eval.py:223
05/20 [22:44:57] INFO     | >> Success: True              run_libero_eval.py:223
                 INFO     | >> # episodes completed so    run_libero_eval.py:223
                          far: 309                                              
                 INFO     | >> # successes: 295 (95.5%)   run_libero_eval.py:223


 18%|█▊        | 9/50 [07:59<34:09, 49.98s/it][A                 INFO     | >>                            run_libero_eval.py:223
                          Task: put the cream cheese in                         
                          the bowl                                              
                 INFO     | >> Starting episode 10...     run_libero_eval.py:223
05/20 [22:45:47] INFO     | >> Success: True              run_libero_eval.py:223
                 INFO     | >> # episodes completed so    run_libero_eval.py:223
                          far: 310                                              
                 INFO     | >> # successes: 296 (95.5%)   run_libero_eval.py:223


 20%|██        | 10/50 [08:49<33:20, 50.01s/it][A                 INFO     | >>                            run_libero_eval.py:223
                          Task: put the cream cheese in                         
                          the bowl                                              
                 INFO     | >> Starting episode 11...     run_libero_eval.py:223
05/20 [22:46:39] INFO     | >> Success: True              run_libero_eval.py:223
05/20 [22:46:40] INFO     | >> # episodes completed so    run_libero_eval.py:223
                          far: 311                                              
                 INFO     | >> # successes: 297 (95.5%)   run_libero_eval.py:223


 22%|██▏       | 11/50 [09:41<32:56, 50.67s/it][A                 INFO     | >>                            run_libero_eval.py:223
                          Task: put the cream cheese in                         
                          the bowl                                              
                 INFO     | >> Starting episode 12...     run_libero_eval.py:223
05/20 [22:47:33] INFO     | >> Success: True              run_libero_eval.py:223
                 INFO     | >> # episodes completed so    run_libero_eval.py:223
                          far: 312                                              
                 INFO     | >> # successes: 298 (95.5%)   run_libero_eval.py:223


 24%|██▍       | 12/50 [10:34<32:37, 51.52s/it][A                 INFO     | >>                            run_libero_eval.py:223
                          Task: put the cream cheese in                         
                          the bowl                                              
                 INFO     | >> Starting episode 13...     run_libero_eval.py:223
05/20 [22:48:18] INFO     | >> Success: True              run_libero_eval.py:223
                 INFO     | >> # episodes completed so    run_libero_eval.py:223
                          far: 313                                              
                 INFO     | >> # successes: 299 (95.5%)   run_libero_eval.py:223


 26%|██▌       | 13/50 [11:19<30:32, 49.54s/it][A                 INFO     | >>                            run_libero_eval.py:223
                          Task: put the cream cheese in                         
                          the bowl                                              
                 INFO     | >> Starting episode 14...     run_libero_eval.py:223
05/20 [22:49:04] INFO     | >> Success: True              run_libero_eval.py:223
                 INFO     | >> # episodes completed so    run_libero_eval.py:223
                          far: 314                                              
                 INFO     | >> # successes: 300 (95.5%)   run_libero_eval.py:223


 28%|██▊       | 14/50 [12:05<29:00, 48.34s/it][A                 INFO     | >>                            run_libero_eval.py:223
                          Task: put the cream cheese in                         
                          the bowl                                              
                 INFO     | >> Starting episode 15...     run_libero_eval.py:223
05/20 [22:49:53] INFO     | >> Success: True              run_libero_eval.py:223
                 INFO     | >> # episodes completed so    run_libero_eval.py:223
                          far: 315                                              
                 INFO     | >> # successes: 301 (95.6%)   run_libero_eval.py:223


 30%|███       | 15/50 [12:54<28:21, 48.61s/it][A                 INFO     | >>                            run_libero_eval.py:223
                          Task: put the cream cheese in                         
                          the bowl                                              
                 INFO     | >> Starting episode 16...     run_libero_eval.py:223
05/20 [22:50:51] INFO     | >> Success: True              run_libero_eval.py:223
                 INFO     | >> # episodes completed so    run_libero_eval.py:223
                          far: 316                                              
                 INFO     | >> # successes: 302 (95.6%)   run_libero_eval.py:223


 32%|███▏      | 16/50 [13:52<29:06, 51.37s/it][A                 INFO     | >>                            run_libero_eval.py:223
                          Task: put the cream cheese in                         
                          the bowl                                              
                 INFO     | >> Starting episode 17...     run_libero_eval.py:223
05/20 [22:51:46] INFO     | >> Success: True              run_libero_eval.py:223
                 INFO     | >> # episodes completed so    run_libero_eval.py:223
                          far: 317                                              
                 INFO     | >> # successes: 303 (95.6%)   run_libero_eval.py:223


 34%|███▍      | 17/50 [14:48<28:59, 52.72s/it][A                 INFO     | >>                            run_libero_eval.py:223
                          Task: put the cream cheese in                         
                          the bowl                                              
                 INFO     | >> Starting episode 18...     run_libero_eval.py:223
05/20 [22:52:34] INFO     | >> Success: True              run_libero_eval.py:223
                 INFO     | >> # episodes completed so    run_libero_eval.py:223
                          far: 318                                              
                 INFO     | >> # successes: 304 (95.6%)   run_libero_eval.py:223


 36%|███▌      | 18/50 [15:35<27:13, 51.06s/it][A                 INFO     | >>                            run_libero_eval.py:223
                          Task: put the cream cheese in                         
                          the bowl                                              
                 INFO     | >> Starting episode 19...     run_libero_eval.py:223
05/20 [22:53:24] INFO     | >> Success: True              run_libero_eval.py:223
                 INFO     | >> # episodes completed so    run_libero_eval.py:223
                          far: 319                                              
                 INFO     | >> # successes: 305 (95.6%)   run_libero_eval.py:223


 38%|███▊      | 19/50 [16:25<26:16, 50.87s/it][A                 INFO     | >>                            run_libero_eval.py:223
                          Task: put the cream cheese in                         
                          the bowl                                              
                 INFO     | >> Starting episode 20...     run_libero_eval.py:223
05/20 [22:54:22] INFO     | >> Success: True              run_libero_eval.py:223
                 INFO     | >> # episodes completed so    run_libero_eval.py:223
                          far: 320                                              
                 INFO     | >> # successes: 306 (95.6%)   run_libero_eval.py:223


 40%|████      | 20/50 [17:23<26:27, 52.92s/it][A                 INFO     | >>                            run_libero_eval.py:223
                          Task: put the cream cheese in                         
                          the bowl                                              
                 INFO     | >> Starting episode 21...     run_libero_eval.py:223
05/20 [22:55:18] INFO     | >> Success: True              run_libero_eval.py:223
                 INFO     | >> # episodes completed so    run_libero_eval.py:223
                          far: 321                                              
                 INFO     | >> # successes: 307 (95.6%)   run_libero_eval.py:223


 42%|████▏     | 21/50 [18:20<26:07, 54.05s/it][A                 INFO     | >>                            run_libero_eval.py:223
                          Task: put the cream cheese in                         
                          the bowl                                              
                 INFO     | >> Starting episode 22...     run_libero_eval.py:223
05/20 [22:56:13] INFO     | >> Success: True              run_libero_eval.py:223
                 INFO     | >> # episodes completed so    run_libero_eval.py:223
                          far: 322                                              
                 INFO     | >> # successes: 308 (95.7%)   run_libero_eval.py:223


 44%|████▍     | 22/50 [19:15<25:20, 54.30s/it][A                 INFO     | >>                            run_libero_eval.py:223
                          Task: put the cream cheese in                         
                          the bowl                                              
                 INFO     | >> Starting episode 23...     run_libero_eval.py:223
05/20 [22:57:05] INFO     | >> Success: True              run_libero_eval.py:223
                 INFO     | >> # episodes completed so    run_libero_eval.py:223
                          far: 323                                              
                 INFO     | >> # successes: 309 (95.7%)   run_libero_eval.py:223


 46%|████▌     | 23/50 [20:07<24:06, 53.57s/it][A                 INFO     | >>                            run_libero_eval.py:223
                          Task: put the cream cheese in                         
                          the bowl                                              
                 INFO     | >> Starting episode 24...     run_libero_eval.py:223
05/20 [22:57:54] INFO     | >> Success: True              run_libero_eval.py:223
                 INFO     | >> # episodes completed so    run_libero_eval.py:223
                          far: 324                                              
                 INFO     | >> # successes: 310 (95.7%)   run_libero_eval.py:223


 48%|████▊     | 24/50 [20:55<22:36, 52.19s/it][A                 INFO     | >>                            run_libero_eval.py:223
                          Task: put the cream cheese in                         
                          the bowl                                              
                 INFO     | >> Starting episode 25...     run_libero_eval.py:223
05/20 [22:58:50] INFO     | >> Success: True              run_libero_eval.py:223
                 INFO     | >> # episodes completed so    run_libero_eval.py:223
                          far: 325                                              
                 INFO     | >> # successes: 311 (95.7%)   run_libero_eval.py:223


 50%|█████     | 25/50 [21:51<22:09, 53.20s/it][A                 INFO     | >>                            run_libero_eval.py:223
                          Task: put the cream cheese in                         
                          the bowl                                              
                 INFO     | >> Starting episode 26...     run_libero_eval.py:223
05/20 [22:59:42] INFO     | >> Success: True              run_libero_eval.py:223
                 INFO     | >> # episodes completed so    run_libero_eval.py:223
                          far: 326                                              
                 INFO     | >> # successes: 312 (95.7%)   run_libero_eval.py:223


 52%|█████▏    | 26/50 [22:44<21:12, 53.01s/it][A                 INFO     | >>                            run_libero_eval.py:223
                          Task: put the cream cheese in                         
                          the bowl                                              
                 INFO     | >> Starting episode 27...     run_libero_eval.py:223
05/20 [23:00:44] INFO     | >> Success: True              run_libero_eval.py:223
                 INFO     | >> # episodes completed so    run_libero_eval.py:223
                          far: 327                                              
                 INFO     | >> # successes: 313 (95.7%)   run_libero_eval.py:223


 54%|█████▍    | 27/50 [23:45<21:16, 55.48s/it][A                 INFO     | >>                            run_libero_eval.py:223
                          Task: put the cream cheese in                         
                          the bowl                                              
                 INFO     | >> Starting episode 28...     run_libero_eval.py:223
05/20 [23:01:42] INFO     | >> Success: True              run_libero_eval.py:223
                 INFO     | >> # episodes completed so    run_libero_eval.py:223
                          far: 328                                              
                 INFO     | >> # successes: 314 (95.7%)   run_libero_eval.py:223


 56%|█████▌    | 28/50 [24:43<20:39, 56.34s/it][A                 INFO     | >>                            run_libero_eval.py:223
                          Task: put the cream cheese in                         
                          the bowl                                              
                 INFO     | >> Starting episode 29...     run_libero_eval.py:223
05/20 [23:02:29] INFO     | >> Success: True              run_libero_eval.py:223
                 INFO     | >> # episodes completed so    run_libero_eval.py:223
                          far: 329                                              
                 INFO     | >> # successes: 315 (95.7%)   run_libero_eval.py:223


 58%|█████▊    | 29/50 [25:30<18:45, 53.57s/it][A                 INFO     | >>                            run_libero_eval.py:223
                          Task: put the cream cheese in                         
                          the bowl                                              
                 INFO     | >> Starting episode 30...     run_libero_eval.py:223
05/20 [23:03:28] INFO     | >> Success: True              run_libero_eval.py:223
                 INFO     | >> # episodes completed so    run_libero_eval.py:223
                          far: 330                                              
                 INFO     | >> # successes: 316 (95.8%)   run_libero_eval.py:223


 60%|██████    | 30/50 [26:29<18:21, 55.10s/it][A                 INFO     | >>                            run_libero_eval.py:223
                          Task: put the cream cheese in                         
                          the bowl                                              
                 INFO     | >> Starting episode 31...     run_libero_eval.py:223
05/20 [23:04:33] INFO     | >> Success: True              run_libero_eval.py:223
                 INFO     | >> # episodes completed so    run_libero_eval.py:223
                          far: 331                                              
                 INFO     | >> # successes: 317 (95.8%)   run_libero_eval.py:223


 62%|██████▏   | 31/50 [27:34<18:24, 58.13s/it][A                 INFO     | >>                            run_libero_eval.py:223
                          Task: put the cream cheese in                         
                          the bowl                                              
                 INFO     | >> Starting episode 32...     run_libero_eval.py:223
05/20 [23:05:36] INFO     | >> Success: True              run_libero_eval.py:223
                 INFO     | >> # episodes completed so    run_libero_eval.py:223
                          far: 332                                              
                 INFO     | >> # successes: 318 (95.8%)   run_libero_eval.py:223


 64%|██████▍   | 32/50 [28:37<17:54, 59.67s/it][A                 INFO     | >>                            run_libero_eval.py:223
                          Task: put the cream cheese in                         
                          the bowl                                              
                 INFO     | >> Starting episode 33...     run_libero_eval.py:223
05/20 [23:06:18] INFO     | >> Success: True              run_libero_eval.py:223
                 INFO     | >> # episodes completed so    run_libero_eval.py:223
                          far: 333                                              
                 INFO     | >> # successes: 319 (95.8%)   run_libero_eval.py:223


 66%|██████▌   | 33/50 [29:19<15:22, 54.27s/it][A                 INFO     | >>                            run_libero_eval.py:223
                          Task: put the cream cheese in                         
                          the bowl                                              
                 INFO     | >> Starting episode 34...     run_libero_eval.py:223
05/20 [23:07:05] INFO     | >> Success: True              run_libero_eval.py:223
                 INFO     | >> # episodes completed so    run_libero_eval.py:223
                          far: 334                                              
                 INFO     | >> # successes: 320 (95.8%)   run_libero_eval.py:223


 68%|██████▊   | 34/50 [30:06<13:53, 52.11s/it][A                 INFO     | >>                            run_libero_eval.py:223
                          Task: put the cream cheese in                         
                          the bowl                                              
                 INFO     | >> Starting episode 35...     run_libero_eval.py:223
05/20 [23:08:06] INFO     | >> Success: True              run_libero_eval.py:223
                 INFO     | >> # episodes completed so    run_libero_eval.py:223
                          far: 335                                              
                 INFO     | >> # successes: 321 (95.8%)   run_libero_eval.py:223


 70%|███████   | 35/50 [31:07<13:40, 54.69s/it][A                 INFO     | >>                            run_libero_eval.py:223
                          Task: put the cream cheese in                         
                          the bowl                                              
                 INFO     | >> Starting episode 36...     run_libero_eval.py:223
05/20 [23:09:03] INFO     | >> Success: True              run_libero_eval.py:223
                 INFO     | >> # episodes completed so    run_libero_eval.py:223
                          far: 336                                              
                 INFO     | >> # successes: 322 (95.8%)   run_libero_eval.py:223


 72%|███████▏  | 36/50 [32:04<12:57, 55.51s/it][A                 INFO     | >>                            run_libero_eval.py:223
                          Task: put the cream cheese in                         
                          the bowl                                              
                 INFO     | >> Starting episode 37...     run_libero_eval.py:223
05/20 [23:09:49] INFO     | >> Success: True              run_libero_eval.py:223
                 INFO     | >> # episodes completed so    run_libero_eval.py:223
                          far: 337                                              
                 INFO     | >> # successes: 323 (95.8%)   run_libero_eval.py:223


 74%|███████▍  | 37/50 [32:50<11:23, 52.58s/it][A                 INFO     | >>                            run_libero_eval.py:223
                          Task: put the cream cheese in                         
                          the bowl                                              
                 INFO     | >> Starting episode 38...     run_libero_eval.py:223
05/20 [23:10:49] INFO     | >> Success: True              run_libero_eval.py:223
                 INFO     | >> # episodes completed so    run_libero_eval.py:223
                          far: 338                                              
                 INFO     | >> # successes: 324 (95.9%)   run_libero_eval.py:223


 76%|███████▌  | 38/50 [33:51<11:00, 55.04s/it][A                 INFO     | >>                            run_libero_eval.py:223
                          Task: put the cream cheese in                         
                          the bowl                                              
                 INFO     | >> Starting episode 39...     run_libero_eval.py:223
05/20 [23:11:31] INFO     | >> Success: True              run_libero_eval.py:223
                 INFO     | >> # episodes completed so    run_libero_eval.py:223
                          far: 339                                              
                 INFO     | >> # successes: 325 (95.9%)   run_libero_eval.py:223


 78%|███████▊  | 39/50 [34:33<09:21, 51.08s/it][A                 INFO     | >>                            run_libero_eval.py:223
                          Task: put the cream cheese in                         
                          the bowl                                              
                 INFO     | >> Starting episode 40...     run_libero_eval.py:223
05/20 [23:12:30] INFO     | >> Success: True              run_libero_eval.py:223
                 INFO     | >> # episodes completed so    run_libero_eval.py:223
                          far: 340                                              
                 INFO     | >> # successes: 326 (95.9%)   run_libero_eval.py:223


 80%|████████  | 40/50 [35:31<08:53, 53.37s/it][A                 INFO     | >>                            run_libero_eval.py:223
                          Task: put the cream cheese in                         
                          the bowl                                              
                 INFO     | >> Starting episode 41...     run_libero_eval.py:223
05/20 [23:13:20] INFO     | >> Success: True              run_libero_eval.py:223
                 INFO     | >> # episodes completed so    run_libero_eval.py:223
                          far: 341                                              
                 INFO     | >> # successes: 327 (95.9%)   run_libero_eval.py:223


 82%|████████▏ | 41/50 [36:21<07:50, 52.27s/it][A                 INFO     | >>                            run_libero_eval.py:223
                          Task: put the cream cheese in                         
                          the bowl                                              
                 INFO     | >> Starting episode 42...     run_libero_eval.py:223
05/20 [23:14:08] INFO     | >> Success: True              run_libero_eval.py:223
                 INFO     | >> # episodes completed so    run_libero_eval.py:223
                          far: 342                                              
                 INFO     | >> # successes: 328 (95.9%)   run_libero_eval.py:223


 84%|████████▍ | 42/50 [37:09<06:48, 51.06s/it][A                 INFO     | >>                            run_libero_eval.py:223
                          Task: put the cream cheese in                         
                          the bowl                                              
                 INFO     | >> Starting episode 43...     run_libero_eval.py:223
05/20 [23:14:43] INFO     | >> Success: True              run_libero_eval.py:223
                 INFO     | >> # episodes completed so    run_libero_eval.py:223
                          far: 343                                              
                 INFO     | >> # successes: 329 (95.9%)   run_libero_eval.py:223


 86%|████████▌ | 43/50 [37:44<05:23, 46.25s/it][A                 INFO     | >>                            run_libero_eval.py:223
                          Task: put the cream cheese in                         
                          the bowl                                              
                 INFO     | >> Starting episode 44...     run_libero_eval.py:223
05/20 [23:15:39] INFO     | >> Success: True              run_libero_eval.py:223
                 INFO     | >> # episodes completed so    run_libero_eval.py:223
                          far: 344                                              
                 INFO     | >> # successes: 330 (95.9%)   run_libero_eval.py:223


 88%|████████▊ | 44/50 [38:40<04:54, 49.16s/it][A                 INFO     | >>                            run_libero_eval.py:223
                          Task: put the cream cheese in                         
                          the bowl                                              
                 INFO     | >> Starting episode 45...     run_libero_eval.py:223
05/20 [23:16:34] INFO     | >> Success: True              run_libero_eval.py:223
                 INFO     | >> # episodes completed so    run_libero_eval.py:223
                          far: 345                                              
                 INFO     | >> # successes: 331 (95.9%)   run_libero_eval.py:223


 90%|█████████ | 45/50 [39:35<04:14, 50.94s/it][A                 INFO     | >>                            run_libero_eval.py:223
                          Task: put the cream cheese in                         
                          the bowl                                              
                 INFO     | >> Starting episode 46...     run_libero_eval.py:223
05/20 [23:17:26] INFO     | >> Success: True              run_libero_eval.py:223
                 INFO     | >> # episodes completed so    run_libero_eval.py:223
                          far: 346                                              
                 INFO     | >> # successes: 332 (96.0%)   run_libero_eval.py:223


 92%|█████████▏| 46/50 [40:27<03:24, 51.22s/it][A                 INFO     | >>                            run_libero_eval.py:223
                          Task: put the cream cheese in                         
                          the bowl                                              
                 INFO     | >> Starting episode 47...     run_libero_eval.py:223
05/20 [23:18:19] INFO     | >> Success: True              run_libero_eval.py:223
                 INFO     | >> # episodes completed so    run_libero_eval.py:223
                          far: 347                                              
                 INFO     | >> # successes: 333 (96.0%)   run_libero_eval.py:223


 94%|█████████▍| 47/50 [41:20<02:35, 51.78s/it][A                 INFO     | >>                            run_libero_eval.py:223
                          Task: put the cream cheese in                         
                          the bowl                                              
                 INFO     | >> Starting episode 48...     run_libero_eval.py:223
05/20 [23:20:40] INFO     | >> Success: False             run_libero_eval.py:223
                 INFO     | >> # episodes completed so    run_libero_eval.py:223
                          far: 348                                              
                 INFO     | >> # successes: 333 (95.7%)   run_libero_eval.py:223


 96%|█████████▌| 48/50 [43:41<02:37, 78.55s/it][A                 INFO     | >>                            run_libero_eval.py:223
                          Task: put the cream cheese in                         
                          the bowl                                              
                 INFO     | >> Starting episode 49...     run_libero_eval.py:223
05/20 [23:21:10] INFO     | >> Success: True              run_libero_eval.py:223
                 INFO     | >> # episodes completed so    run_libero_eval.py:223
                          far: 349                                              
                 INFO     | >> # successes: 334 (95.7%)   run_libero_eval.py:223


 98%|█████████▊| 49/50 [44:11<01:04, 64.02s/it][A                 INFO     | >>                            run_libero_eval.py:223
                          Task: put the cream cheese in                         
                          the bowl                                              
                 INFO     | >> Starting episode 50...     run_libero_eval.py:223
05/20 [23:21:45] INFO     | >> Success: True              run_libero_eval.py:223
                 INFO     | >> # episodes completed so    run_libero_eval.py:223
                          far: 350                                              
                 INFO     | >> # successes: 335 (95.7%)   run_libero_eval.py:223


100%|██████████| 50/50 [44:47<00:00, 55.38s/it][A
100%|██████████| 50/50 [44:47<00:00, 53.74s/it]
                 INFO     | >> Current task success rate: run_libero_eval.py:223
                          0.98                                                  
                 INFO     | >> Current total success      run_libero_eval.py:223
                          rate: 0.9571428571428572                              

 70%|███████   | 7/10 [6:05:47<2:43:02, 3260.82s/it][Warning]: datasets path <home_path>/code/publish-ddpvla/LIBERO/datasets does not exist!
                 INFO     | >> Using default initial      run_libero_eval.py:223
                          states                                                
[Warning]: datasets path <home_path>/code/publish-ddpvla/LIBERO/datasets does not exist!


  0%|          | 0/50 [00:00<?, ?it/s][A05/20 [23:21:50] INFO     | >>                            run_libero_eval.py:223
                          Task: turn on the stove                               
                 INFO     | >> Starting episode 1...      run_libero_eval.py:223
05/20 [23:22:30] INFO     | >> Success: True              run_libero_eval.py:223
                 INFO     | >> # episodes completed so    run_libero_eval.py:223
                          far: 351                                              
                 INFO     | >> # successes: 336 (95.7%)   run_libero_eval.py:223


  2%|▏         | 1/50 [00:40<32:46, 40.13s/it][A05/20 [23:22:31] INFO     | >>                            run_libero_eval.py:223
                          Task: turn on the stove                               
                 INFO     | >> Starting episode 2...      run_libero_eval.py:223
05/20 [23:23:12] INFO     | >> Success: True              run_libero_eval.py:223
                 INFO     | >> # episodes completed so    run_libero_eval.py:223
                          far: 352                                              
                 INFO     | >> # successes: 337 (95.7%)   run_libero_eval.py:223


  4%|▍         | 2/50 [01:21<32:51, 41.07s/it][A                 INFO     | >>                            run_libero_eval.py:223
                          Task: turn on the stove                               
                 INFO     | >> Starting episode 3...      run_libero_eval.py:223
05/20 [23:23:49] INFO     | >> Success: True              run_libero_eval.py:223
                 INFO     | >> # episodes completed so    run_libero_eval.py:223
                          far: 353                                              
                 INFO     | >> # successes: 338 (95.8%)   run_libero_eval.py:223


  6%|▌         | 3/50 [01:58<30:34, 39.03s/it][A                 INFO     | >>                            run_libero_eval.py:223
                          Task: turn on the stove                               
                 INFO     | >> Starting episode 4...      run_libero_eval.py:223
05/20 [23:24:39] INFO     | >> Success: True              run_libero_eval.py:223
                 INFO     | >> # episodes completed so    run_libero_eval.py:223
                          far: 354                                              
                 INFO     | >> # successes: 339 (95.8%)   run_libero_eval.py:223


  8%|▊         | 4/50 [02:48<33:19, 43.47s/it][A                 INFO     | >>                            run_libero_eval.py:223
                          Task: turn on the stove                               
                 INFO     | >> Starting episode 5...      run_libero_eval.py:223
05/20 [23:25:32] INFO     | >> Success: True              run_libero_eval.py:223
                 INFO     | >> # episodes completed so    run_libero_eval.py:223
                          far: 355                                              
                 INFO     | >> # successes: 340 (95.8%)   run_libero_eval.py:223


 10%|█         | 5/50 [03:41<35:13, 46.97s/it][A                 INFO     | >>                            run_libero_eval.py:223
                          Task: turn on the stove                               
                 INFO     | >> Starting episode 6...      run_libero_eval.py:223
05/20 [23:26:11] INFO     | >> Success: True              run_libero_eval.py:223
                 INFO     | >> # episodes completed so    run_libero_eval.py:223
                          far: 356                                              
                 INFO     | >> # successes: 341 (95.8%)   run_libero_eval.py:223


 12%|█▏        | 6/50 [04:20<32:25, 44.21s/it][A                 INFO     | >>                            run_libero_eval.py:223
                          Task: turn on the stove                               
                 INFO     | >> Starting episode 7...      run_libero_eval.py:223
05/20 [23:26:58] INFO     | >> Success: True              run_libero_eval.py:223
                 INFO     | >> # episodes completed so    run_libero_eval.py:223
                          far: 357                                              
                 INFO     | >> # successes: 342 (95.8%)   run_libero_eval.py:223


 14%|█▍        | 7/50 [05:07<32:15, 45.00s/it][A                 INFO     | >>                            run_libero_eval.py:223
                          Task: turn on the stove                               
                 INFO     | >> Starting episode 8...      run_libero_eval.py:223
05/20 [23:27:23] INFO     | >> Success: True              run_libero_eval.py:223
                 INFO     | >> # episodes completed so    run_libero_eval.py:223
                          far: 358                                              
                 INFO     | >> # successes: 343 (95.8%)   run_libero_eval.py:223


 16%|█▌        | 8/50 [05:32<27:03, 38.65s/it][A                 INFO     | >>                            run_libero_eval.py:223
                          Task: turn on the stove                               
                 INFO     | >> Starting episode 9...      run_libero_eval.py:223
05/20 [23:27:42] INFO     | >> Success: True              run_libero_eval.py:223
                 INFO     | >> # episodes completed so    run_libero_eval.py:223
                          far: 359                                              
                 INFO     | >> # successes: 344 (95.8%)   run_libero_eval.py:223


 18%|█▊        | 9/50 [05:51<22:11, 32.49s/it][A                 INFO     | >>                            run_libero_eval.py:223
                          Task: turn on the stove                               
                 INFO     | >> Starting episode 10...     run_libero_eval.py:223
05/20 [23:28:01] INFO     | >> Success: True              run_libero_eval.py:223
                 INFO     | >> # episodes completed so    run_libero_eval.py:223
                          far: 360                                              
                 INFO     | >> # successes: 345 (95.8%)   run_libero_eval.py:223


 20%|██        | 10/50 [06:10<18:59, 28.50s/it][A                 INFO     | >>                            run_libero_eval.py:223
                          Task: turn on the stove                               
                 INFO     | >> Starting episode 11...     run_libero_eval.py:223
05/20 [23:28:47] INFO     | >> Success: True              run_libero_eval.py:223
                 INFO     | >> # episodes completed so    run_libero_eval.py:223
                          far: 361                                              
                 INFO     | >> # successes: 346 (95.8%)   run_libero_eval.py:223


 22%|██▏       | 11/50 [06:56<21:55, 33.72s/it][A                 INFO     | >>                            run_libero_eval.py:223
                          Task: turn on the stove                               
                 INFO     | >> Starting episode 12...     run_libero_eval.py:223
05/20 [23:30:54] INFO     | >> Success: False             run_libero_eval.py:223
                 INFO     | >> # episodes completed so    run_libero_eval.py:223
                          far: 362                                              
                 INFO     | >> # successes: 346 (95.6%)   run_libero_eval.py:223


 24%|██▍       | 12/50 [09:03<39:18, 62.05s/it][A                 INFO     | >>                            run_libero_eval.py:223
                          Task: turn on the stove                               
                 INFO     | >> Starting episode 13...     run_libero_eval.py:223
05/20 [23:31:40] INFO     | >> Success: True              run_libero_eval.py:223
                 INFO     | >> # episodes completed so    run_libero_eval.py:223
                          far: 363                                              
                 INFO     | >> # successes: 347 (95.6%)   run_libero_eval.py:223


 26%|██▌       | 13/50 [09:49<35:22, 57.37s/it][A                 INFO     | >>                            run_libero_eval.py:223
                          Task: turn on the stove                               
                 INFO     | >> Starting episode 14...     run_libero_eval.py:223
05/20 [23:32:21] INFO     | >> Success: True              run_libero_eval.py:223
                 INFO     | >> # episodes completed so    run_libero_eval.py:223
                          far: 364                                              
                 INFO     | >> # successes: 348 (95.6%)   run_libero_eval.py:223


 28%|██▊       | 14/50 [10:30<31:24, 52.35s/it][A                 INFO     | >>                            run_libero_eval.py:223
                          Task: turn on the stove                               
                 INFO     | >> Starting episode 15...     run_libero_eval.py:223
05/20 [23:33:02] INFO     | >> Success: True              run_libero_eval.py:223
                 INFO     | >> # episodes completed so    run_libero_eval.py:223
                          far: 365                                              
                 INFO     | >> # successes: 349 (95.6%)   run_libero_eval.py:223


 30%|███       | 15/50 [11:12<28:36, 49.04s/it][A                 INFO     | >>                            run_libero_eval.py:223
                          Task: turn on the stove                               
                 INFO     | >> Starting episode 16...     run_libero_eval.py:223
05/20 [23:33:21] INFO     | >> Success: True              run_libero_eval.py:223
                 INFO     | >> # episodes completed so    run_libero_eval.py:223
                          far: 366                                              
                 INFO     | >> # successes: 350 (95.6%)   run_libero_eval.py:223


 32%|███▏      | 16/50 [11:30<22:34, 39.83s/it][A                 INFO     | >>                            run_libero_eval.py:223
                          Task: turn on the stove                               
                 INFO     | >> Starting episode 17...     run_libero_eval.py:223
05/20 [23:33:59] INFO     | >> Success: True              run_libero_eval.py:223
                 INFO     | >> # episodes completed so    run_libero_eval.py:223
                          far: 367                                              
                 INFO     | >> # successes: 351 (95.6%)   run_libero_eval.py:223


 34%|███▍      | 17/50 [12:08<21:40, 39.42s/it][A                 INFO     | >>                            run_libero_eval.py:223
                          Task: turn on the stove                               
                 INFO     | >> Starting episode 18...     run_libero_eval.py:223
05/20 [23:34:29] INFO     | >> Success: True              run_libero_eval.py:223
                 INFO     | >> # episodes completed so    run_libero_eval.py:223
                          far: 368                                              
                 INFO     | >> # successes: 352 (95.7%)   run_libero_eval.py:223


 36%|███▌      | 18/50 [12:38<19:23, 36.35s/it][A                 INFO     | >>                            run_libero_eval.py:223
                          Task: turn on the stove                               
                 INFO     | >> Starting episode 19...     run_libero_eval.py:223
05/20 [23:34:46] INFO     | >> Success: True              run_libero_eval.py:223
                 INFO     | >> # episodes completed so    run_libero_eval.py:223
                          far: 369                                              
                 INFO     | >> # successes: 353 (95.7%)   run_libero_eval.py:223


 38%|███▊      | 19/50 [12:55<15:50, 30.68s/it][A                 INFO     | >>                            run_libero_eval.py:223
                          Task: turn on the stove                               
                 INFO     | >> Starting episode 20...     run_libero_eval.py:223
05/20 [23:35:26] INFO     | >> Success: True              run_libero_eval.py:223
                 INFO     | >> # episodes completed so    run_libero_eval.py:223
                          far: 370                                              
                 INFO     | >> # successes: 354 (95.7%)   run_libero_eval.py:223


 40%|████      | 20/50 [13:35<16:43, 33.47s/it][A                 INFO     | >>                            run_libero_eval.py:223
                          Task: turn on the stove                               
                 INFO     | >> Starting episode 21...     run_libero_eval.py:223
05/20 [23:35:49] INFO     | >> Success: True              run_libero_eval.py:223
                 INFO     | >> # episodes completed so    run_libero_eval.py:223
                          far: 371                                              
                 INFO     | >> # successes: 355 (95.7%)   run_libero_eval.py:223


 42%|████▏     | 21/50 [13:58<14:40, 30.35s/it][A                 INFO     | >>                            run_libero_eval.py:223
                          Task: turn on the stove                               
                 INFO     | >> Starting episode 22...     run_libero_eval.py:223
05/20 [23:36:24] INFO     | >> Success: True              run_libero_eval.py:223
                 INFO     | >> # episodes completed so    run_libero_eval.py:223
                          far: 372                                              
                 INFO     | >> # successes: 356 (95.7%)   run_libero_eval.py:223


 44%|████▍     | 22/50 [14:34<14:51, 31.85s/it][A                 INFO     | >>                            run_libero_eval.py:223
                          Task: turn on the stove                               
                 INFO     | >> Starting episode 23...     run_libero_eval.py:223
05/20 [23:36:51] INFO     | >> Success: True              run_libero_eval.py:223
                 INFO     | >> # episodes completed so    run_libero_eval.py:223
                          far: 373                                              
                 INFO     | >> # successes: 357 (95.7%)   run_libero_eval.py:223


 46%|████▌     | 23/50 [15:00<13:35, 30.21s/it][A                 INFO     | >>                            run_libero_eval.py:223
                          Task: turn on the stove                               
                 INFO     | >> Starting episode 24...     run_libero_eval.py:223
05/20 [23:37:09] INFO     | >> Success: True              run_libero_eval.py:223
                 INFO     | >> # episodes completed so    run_libero_eval.py:223
                          far: 374                                              
                 INFO     | >> # successes: 358 (95.7%)   run_libero_eval.py:223


 48%|████▊     | 24/50 [15:19<11:34, 26.72s/it][A                 INFO     | >>                            run_libero_eval.py:223
                          Task: turn on the stove                               
                 INFO     | >> Starting episode 25...     run_libero_eval.py:223
05/20 [23:37:29] INFO     | >> Success: True              run_libero_eval.py:223
                 INFO     | >> # episodes completed so    run_libero_eval.py:223
                          far: 375                                              
                 INFO     | >> # successes: 359 (95.7%)   run_libero_eval.py:223


 50%|█████     | 25/50 [15:38<10:16, 24.67s/it][A                 INFO     | >>                            run_libero_eval.py:223
                          Task: turn on the stove                               
                 INFO     | >> Starting episode 26...     run_libero_eval.py:223
05/20 [23:37:53] INFO     | >> Success: True              run_libero_eval.py:223
                 INFO     | >> # episodes completed so    run_libero_eval.py:223
                          far: 376                                              
                 INFO     | >> # successes: 360 (95.7%)   run_libero_eval.py:223


 52%|█████▏    | 26/50 [16:02<09:44, 24.34s/it][A                 INFO     | >>                            run_libero_eval.py:223
                          Task: turn on the stove                               
                 INFO     | >> Starting episode 27...     run_libero_eval.py:223
05/20 [23:38:24] INFO     | >> Success: True              run_libero_eval.py:223
                 INFO     | >> # episodes completed so    run_libero_eval.py:223
                          far: 377                                              
                 INFO     | >> # successes: 361 (95.8%)   run_libero_eval.py:223


 54%|█████▍    | 27/50 [16:33<10:08, 26.44s/it][A                 INFO     | >>                            run_libero_eval.py:223
                          Task: turn on the stove                               
                 INFO     | >> Starting episode 28...     run_libero_eval.py:223
05/20 [23:39:14] INFO     | >> Success: True              run_libero_eval.py:223
                 INFO     | >> # episodes completed so    run_libero_eval.py:223
                          far: 378                                              
                 INFO     | >> # successes: 362 (95.8%)   run_libero_eval.py:223


 56%|█████▌    | 28/50 [17:23<12:13, 33.34s/it][A                 INFO     | >>                            run_libero_eval.py:223
                          Task: turn on the stove                               
                 INFO     | >> Starting episode 29...     run_libero_eval.py:223
05/20 [23:39:40] INFO     | >> Success: True              run_libero_eval.py:223
                 INFO     | >> # episodes completed so    run_libero_eval.py:223
                          far: 379                                              
                 INFO     | >> # successes: 363 (95.8%)   run_libero_eval.py:223


 58%|█████▊    | 29/50 [17:49<10:54, 31.16s/it][A                 INFO     | >>                            run_libero_eval.py:223
                          Task: turn on the stove                               
                 INFO     | >> Starting episode 30...     run_libero_eval.py:223
05/20 [23:40:21] INFO     | >> Success: True              run_libero_eval.py:223
                 INFO     | >> # episodes completed so    run_libero_eval.py:223
                          far: 380                                              
                 INFO     | >> # successes: 364 (95.8%)   run_libero_eval.py:223


 60%|██████    | 30/50 [18:30<11:21, 34.07s/it][A                 INFO     | >>                            run_libero_eval.py:223
                          Task: turn on the stove                               
                 INFO     | >> Starting episode 31...     run_libero_eval.py:223
05/20 [23:40:46] INFO     | >> Success: True              run_libero_eval.py:223
                 INFO     | >> # episodes completed so    run_libero_eval.py:223
                          far: 381                                              
                 INFO     | >> # successes: 365 (95.8%)   run_libero_eval.py:223


 62%|██████▏   | 31/50 [18:56<10:00, 31.60s/it][A                 INFO     | >>                            run_libero_eval.py:223
                          Task: turn on the stove                               
                 INFO     | >> Starting episode 32...     run_libero_eval.py:223
05/20 [23:41:18] INFO     | >> Success: True              run_libero_eval.py:223
                 INFO     | >> # episodes completed so    run_libero_eval.py:223
                          far: 382                                              
                 INFO     | >> # successes: 366 (95.8%)   run_libero_eval.py:223


 64%|██████▍   | 32/50 [19:27<09:29, 31.62s/it][A                 INFO     | >>                            run_libero_eval.py:223
                          Task: turn on the stove                               
                 INFO     | >> Starting episode 33...     run_libero_eval.py:223
05/20 [23:42:02] INFO     | >> Success: True              run_libero_eval.py:223
                 INFO     | >> # episodes completed so    run_libero_eval.py:223
                          far: 383                                              
                 INFO     | >> # successes: 367 (95.8%)   run_libero_eval.py:223


 66%|██████▌   | 33/50 [20:11<09:58, 35.20s/it][A                 INFO     | >>                            run_libero_eval.py:223
                          Task: turn on the stove                               
                 INFO     | >> Starting episode 34...     run_libero_eval.py:223
05/20 [23:42:46] INFO     | >> Success: True              run_libero_eval.py:223
                 INFO     | >> # episodes completed so    run_libero_eval.py:223
                          far: 384                                              
                 INFO     | >> # successes: 368 (95.8%)   run_libero_eval.py:223


 68%|██████▊   | 34/50 [20:56<10:09, 38.10s/it][A                 INFO     | >>                            run_libero_eval.py:223
                          Task: turn on the stove                               
                 INFO     | >> Starting episode 35...     run_libero_eval.py:223
05/20 [23:43:13] INFO     | >> Success: True              run_libero_eval.py:223
                 INFO     | >> # episodes completed so    run_libero_eval.py:223
                          far: 385                                              
                 INFO     | >> # successes: 369 (95.8%)   run_libero_eval.py:223


 70%|███████   | 35/50 [21:23<08:41, 34.74s/it][A                 INFO     | >>                            run_libero_eval.py:223
                          Task: turn on the stove                               
                 INFO     | >> Starting episode 36...     run_libero_eval.py:223
05/20 [23:43:43] INFO     | >> Success: True              run_libero_eval.py:223
                 INFO     | >> # episodes completed so    run_libero_eval.py:223
                          far: 386                                              
                 INFO     | >> # successes: 370 (95.9%)   run_libero_eval.py:223


 72%|███████▏  | 36/50 [21:52<07:43, 33.08s/it][A                 INFO     | >>                            run_libero_eval.py:223
                          Task: turn on the stove                               
                 INFO     | >> Starting episode 37...     run_libero_eval.py:223
05/20 [23:44:15] INFO     | >> Success: True              run_libero_eval.py:223
                 INFO     | >> # episodes completed so    run_libero_eval.py:223
                          far: 387                                              
                 INFO     | >> # successes: 371 (95.9%)   run_libero_eval.py:223


 74%|███████▍  | 37/50 [22:24<07:07, 32.85s/it][A                 INFO     | >>                            run_libero_eval.py:223
                          Task: turn on the stove                               
                 INFO     | >> Starting episode 38...     run_libero_eval.py:223
05/20 [23:45:02] INFO     | >> Success: True              run_libero_eval.py:223
                 INFO     | >> # episodes completed so    run_libero_eval.py:223
                          far: 388                                              
                 INFO     | >> # successes: 372 (95.9%)   run_libero_eval.py:223


 76%|███████▌  | 38/50 [23:11<07:24, 37.08s/it][A                 INFO     | >>                            run_libero_eval.py:223
                          Task: turn on the stove                               
                 INFO     | >> Starting episode 39...     run_libero_eval.py:223
05/20 [23:45:26] INFO     | >> Success: True              run_libero_eval.py:223
                 INFO     | >> # episodes completed so    run_libero_eval.py:223
                          far: 389                                              
                 INFO     | >> # successes: 373 (95.9%)   run_libero_eval.py:223


 78%|███████▊  | 39/50 [23:35<06:04, 33.11s/it][A                 INFO     | >>                            run_libero_eval.py:223
                          Task: turn on the stove                               
                 INFO     | >> Starting episode 40...     run_libero_eval.py:223
05/20 [23:46:15] INFO     | >> Success: True              run_libero_eval.py:223
                 INFO     | >> # episodes completed so    run_libero_eval.py:223
                          far: 390                                              
                 INFO     | >> # successes: 374 (95.9%)   run_libero_eval.py:223


 80%|████████  | 40/50 [24:24<06:19, 38.00s/it][A                 INFO     | >>                            run_libero_eval.py:223
                          Task: turn on the stove                               
                 INFO     | >> Starting episode 41...     run_libero_eval.py:223
05/20 [23:46:50] INFO     | >> Success: True              run_libero_eval.py:223
                 INFO     | >> # episodes completed so    run_libero_eval.py:223
                          far: 391                                              
                 INFO     | >> # successes: 375 (95.9%)   run_libero_eval.py:223


 82%|████████▏ | 41/50 [24:59<05:32, 36.98s/it][A                 INFO     | >>                            run_libero_eval.py:223
                          Task: turn on the stove                               
                 INFO     | >> Starting episode 42...     run_libero_eval.py:223
05/20 [23:47:12] INFO     | >> Success: True              run_libero_eval.py:223
                 INFO     | >> # episodes completed so    run_libero_eval.py:223
                          far: 392                                              
                 INFO     | >> # successes: 376 (95.9%)   run_libero_eval.py:223


 84%|████████▍ | 42/50 [25:21<04:20, 32.58s/it][A                 INFO     | >>                            run_libero_eval.py:223
                          Task: turn on the stove                               
                 INFO     | >> Starting episode 43...     run_libero_eval.py:223
05/20 [23:47:36] INFO     | >> Success: True              run_libero_eval.py:223
                 INFO     | >> # episodes completed so    run_libero_eval.py:223
                          far: 393                                              
                 INFO     | >> # successes: 377 (95.9%)   run_libero_eval.py:223


 86%|████████▌ | 43/50 [25:45<03:29, 29.91s/it][A                 INFO     | >>                            run_libero_eval.py:223
                          Task: turn on the stove                               
                 INFO     | >> Starting episode 44...     run_libero_eval.py:223
05/20 [23:48:05] INFO     | >> Success: True              run_libero_eval.py:223
                 INFO     | >> # episodes completed so    run_libero_eval.py:223
                          far: 394                                              
                 INFO     | >> # successes: 378 (95.9%)   run_libero_eval.py:223


 88%|████████▊ | 44/50 [26:14<02:57, 29.62s/it][A                 INFO     | >>                            run_libero_eval.py:223
                          Task: turn on the stove                               
                 INFO     | >> Starting episode 45...     run_libero_eval.py:223
05/20 [23:48:24] INFO     | >> Success: True              run_libero_eval.py:223
                 INFO     | >> # episodes completed so    run_libero_eval.py:223
                          far: 395                                              
                 INFO     | >> # successes: 379 (95.9%)   run_libero_eval.py:223


 90%|█████████ | 45/50 [26:33<02:12, 26.51s/it][A                 INFO     | >>                            run_libero_eval.py:223
                          Task: turn on the stove                               
                 INFO     | >> Starting episode 46...     run_libero_eval.py:223
05/20 [23:49:03] INFO     | >> Success: True              run_libero_eval.py:223
                 INFO     | >> # episodes completed so    run_libero_eval.py:223
                          far: 396                                              
                 INFO     | >> # successes: 380 (96.0%)   run_libero_eval.py:223


 92%|█████████▏| 46/50 [27:12<02:01, 30.26s/it][A                 INFO     | >>                            run_libero_eval.py:223
                          Task: turn on the stove                               
                 INFO     | >> Starting episode 47...     run_libero_eval.py:223
05/20 [23:49:29] INFO     | >> Success: True              run_libero_eval.py:223
                 INFO     | >> # episodes completed so    run_libero_eval.py:223
                          far: 397                                              
                 INFO     | >> # successes: 381 (96.0%)   run_libero_eval.py:223


 94%|█████████▍| 47/50 [27:38<01:26, 28.89s/it][A                 INFO     | >>                            run_libero_eval.py:223
                          Task: turn on the stove                               
                 INFO     | >> Starting episode 48...     run_libero_eval.py:223
05/20 [23:49:52] INFO     | >> Success: True              run_libero_eval.py:223
                 INFO     | >> # episodes completed so    run_libero_eval.py:223
                          far: 398                                              
                 INFO     | >> # successes: 382 (96.0%)   run_libero_eval.py:223


 96%|█████████▌| 48/50 [28:02<00:54, 27.37s/it][A                 INFO     | >>                            run_libero_eval.py:223
                          Task: turn on the stove                               
                 INFO     | >> Starting episode 49...     run_libero_eval.py:223
05/20 [23:50:24] INFO     | >> Success: True              run_libero_eval.py:223
                 INFO     | >> # episodes completed so    run_libero_eval.py:223
                          far: 399                                              
                 INFO     | >> # successes: 383 (96.0%)   run_libero_eval.py:223


 98%|█████████▊| 49/50 [28:33<00:28, 28.65s/it][A                 INFO     | >>                            run_libero_eval.py:223
                          Task: turn on the stove                               
                 INFO     | >> Starting episode 50...     run_libero_eval.py:223
05/20 [23:51:06] INFO     | >> Success: True              run_libero_eval.py:223
                 INFO     | >> # episodes completed so    run_libero_eval.py:223
                          far: 400                                              
                 INFO     | >> # successes: 384 (96.0%)   run_libero_eval.py:223


100%|██████████| 50/50 [29:15<00:00, 32.59s/it][A
100%|██████████| 50/50 [29:15<00:00, 35.11s/it]
                 INFO     | >> Current task success rate: run_libero_eval.py:223
                          0.98                                                  
                 INFO     | >> Current total success      run_libero_eval.py:223
                          rate: 0.96                                            

 80%|████████  | 8/10 [6:35:07<1:32:46, 2783.17s/it][Warning]: datasets path <home_path>/code/publish-ddpvla/LIBERO/datasets does not exist!
                 INFO     | >> Using default initial      run_libero_eval.py:223
                          states                                                
[Warning]: datasets path <home_path>/code/publish-ddpvla/LIBERO/datasets does not exist!


  0%|          | 0/50 [00:00<?, ?it/s][A05/20 [23:51:09] INFO     | >>                            run_libero_eval.py:223
                          Task: put the bowl on the plate                       
                 INFO     | >> Starting episode 1...      run_libero_eval.py:223
05/20 [23:51:34] INFO     | >> Success: True              run_libero_eval.py:223
                 INFO     | >> # episodes completed so    run_libero_eval.py:223
                          far: 401                                              
                 INFO     | >> # successes: 385 (96.0%)   run_libero_eval.py:223


  2%|▏         | 1/50 [00:25<20:37, 25.25s/it][A                 INFO     | >>                            run_libero_eval.py:223
                          Task: put the bowl on the plate                       
                 INFO     | >> Starting episode 2...      run_libero_eval.py:223
05/20 [23:52:10] INFO     | >> Success: True              run_libero_eval.py:223
                 INFO     | >> # episodes completed so    run_libero_eval.py:223
                          far: 402                                              
                 INFO     | >> # successes: 386 (96.0%)   run_libero_eval.py:223


  4%|▍         | 2/50 [01:01<25:13, 31.54s/it][A                 INFO     | >>                            run_libero_eval.py:223
                          Task: put the bowl on the plate                       
                 INFO     | >> Starting episode 3...      run_libero_eval.py:223
05/20 [23:52:41] INFO     | >> Success: True              run_libero_eval.py:223
                 INFO     | >> # episodes completed so    run_libero_eval.py:223
                          far: 403                                              
                 INFO     | >> # successes: 387 (96.0%)   run_libero_eval.py:223


  6%|▌         | 3/50 [01:32<24:33, 31.35s/it][A                 INFO     | >>                            run_libero_eval.py:223
                          Task: put the bowl on the plate                       
                 INFO     | >> Starting episode 4...      run_libero_eval.py:223
05/20 [23:53:05] INFO     | >> Success: True              run_libero_eval.py:223
                 INFO     | >> # episodes completed so    run_libero_eval.py:223
                          far: 404                                              
                 INFO     | >> # successes: 388 (96.0%)   run_libero_eval.py:223


  8%|▊         | 4/50 [01:56<21:45, 28.38s/it][A                 INFO     | >>                            run_libero_eval.py:223
                          Task: put the bowl on the plate                       
                 INFO     | >> Starting episode 5...      run_libero_eval.py:223
05/20 [23:53:40] INFO     | >> Success: True              run_libero_eval.py:223
                 INFO     | >> # episodes completed so    run_libero_eval.py:223
                          far: 405                                              
                 INFO     | >> # successes: 389 (96.0%)   run_libero_eval.py:223


 10%|█         | 5/50 [02:31<23:07, 30.83s/it][A                 INFO     | >>                            run_libero_eval.py:223
                          Task: put the bowl on the plate                       
                 INFO     | >> Starting episode 6...      run_libero_eval.py:223
05/20 [23:54:31] INFO     | >> Success: True              run_libero_eval.py:223
                 INFO     | >> # episodes completed so    run_libero_eval.py:223
                          far: 406                                              
                 INFO     | >> # successes: 390 (96.1%)   run_libero_eval.py:223


 12%|█▏        | 6/50 [03:22<27:35, 37.63s/it][A                 INFO     | >>                            run_libero_eval.py:223
                          Task: put the bowl on the plate                       
                 INFO     | >> Starting episode 7...      run_libero_eval.py:223
05/20 [23:55:19] INFO     | >> Success: True              run_libero_eval.py:223
                 INFO     | >> # episodes completed so    run_libero_eval.py:223
                          far: 407                                              
                 INFO     | >> # successes: 391 (96.1%)   run_libero_eval.py:223


 14%|█▍        | 7/50 [04:10<29:24, 41.04s/it][A                 INFO     | >>                            run_libero_eval.py:223
                          Task: put the bowl on the plate                       
                 INFO     | >> Starting episode 8...      run_libero_eval.py:223
05/20 [23:56:04] INFO     | >> Success: True              run_libero_eval.py:223
                 INFO     | >> # episodes completed so    run_libero_eval.py:223
                          far: 408                                              
                 INFO     | >> # successes: 392 (96.1%)   run_libero_eval.py:223


 16%|█▌        | 8/50 [04:55<29:37, 42.32s/it][A                 INFO     | >>                            run_libero_eval.py:223
                          Task: put the bowl on the plate                       
                 INFO     | >> Starting episode 9...      run_libero_eval.py:223
05/20 [23:56:49] INFO     | >> Success: True              run_libero_eval.py:223
                 INFO     | >> # episodes completed so    run_libero_eval.py:223
                          far: 409                                              
                 INFO     | >> # successes: 393 (96.1%)   run_libero_eval.py:223


 18%|█▊        | 9/50 [05:40<29:26, 43.08s/it][A                 INFO     | >>                            run_libero_eval.py:223
                          Task: put the bowl on the plate                       
                 INFO     | >> Starting episode 10...     run_libero_eval.py:223
05/20 [23:57:18] INFO     | >> Success: True              run_libero_eval.py:223
                 INFO     | >> # episodes completed so    run_libero_eval.py:223
                          far: 410                                              
                 INFO     | >> # successes: 394 (96.1%)   run_libero_eval.py:223


 20%|██        | 10/50 [06:09<25:51, 38.80s/it][A                 INFO     | >>                            run_libero_eval.py:223
                          Task: put the bowl on the plate                       
                 INFO     | >> Starting episode 11...     run_libero_eval.py:223
05/20 [23:57:55] INFO     | >> Success: True              run_libero_eval.py:223
                 INFO     | >> # episodes completed so    run_libero_eval.py:223
                          far: 411                                              
                 INFO     | >> # successes: 395 (96.1%)   run_libero_eval.py:223


 22%|██▏       | 11/50 [06:46<24:57, 38.41s/it][A                 INFO     | >>                            run_libero_eval.py:223
                          Task: put the bowl on the plate                       
                 INFO     | >> Starting episode 12...     run_libero_eval.py:223
05/20 [23:58:46] INFO     | >> Success: True              run_libero_eval.py:223
                 INFO     | >> # episodes completed so    run_libero_eval.py:223
                          far: 412                                              
                 INFO     | >> # successes: 396 (96.1%)   run_libero_eval.py:223


 24%|██▍       | 12/50 [07:37<26:41, 42.14s/it][A                 INFO     | >>                            run_libero_eval.py:223
                          Task: put the bowl on the plate                       
                 INFO     | >> Starting episode 13...     run_libero_eval.py:223
05/20 [23:59:10] INFO     | >> Success: True              run_libero_eval.py:223
                 INFO     | >> # episodes completed so    run_libero_eval.py:223
                          far: 413                                              
                 INFO     | >> # successes: 397 (96.1%)   run_libero_eval.py:223


 26%|██▌       | 13/50 [08:01<22:34, 36.60s/it][A                 INFO     | >>                            run_libero_eval.py:223
                          Task: put the bowl on the plate                       
                 INFO     | >> Starting episode 14...     run_libero_eval.py:223
05/20 [23:59:33] INFO     | >> Success: True              run_libero_eval.py:223
                 INFO     | >> # episodes completed so    run_libero_eval.py:223
                          far: 414                                              
                 INFO     | >> # successes: 398 (96.1%)   run_libero_eval.py:223


 28%|██▊       | 14/50 [08:24<19:28, 32.45s/it][A                 INFO     | >>                            run_libero_eval.py:223
                          Task: put the bowl on the plate                       
                 INFO     | >> Starting episode 15...     run_libero_eval.py:223
05/21 [00:00:00] INFO     | >> Success: True              run_libero_eval.py:223
                 INFO     | >> # episodes completed so    run_libero_eval.py:223
                          far: 415                                              
                 INFO     | >> # successes: 399 (96.1%)   run_libero_eval.py:223


 30%|███       | 15/50 [08:51<17:59, 30.86s/it][A                 INFO     | >>                            run_libero_eval.py:223
                          Task: put the bowl on the plate                       
                 INFO     | >> Starting episode 16...     run_libero_eval.py:223
05/21 [00:00:23] INFO     | >> Success: True              run_libero_eval.py:223
                 INFO     | >> # episodes completed so    run_libero_eval.py:223
                          far: 416                                              
                 INFO     | >> # successes: 400 (96.2%)   run_libero_eval.py:223


 32%|███▏      | 16/50 [09:13<16:04, 28.37s/it][A                 INFO     | >>                            run_libero_eval.py:223
                          Task: put the bowl on the plate                       
                 INFO     | >> Starting episode 17...     run_libero_eval.py:223
05/21 [00:01:05] INFO     | >> Success: True              run_libero_eval.py:223
                 INFO     | >> # episodes completed so    run_libero_eval.py:223
                          far: 417                                              
                 INFO     | >> # successes: 401 (96.2%)   run_libero_eval.py:223


 34%|███▍      | 17/50 [09:56<17:56, 32.62s/it][A                 INFO     | >>                            run_libero_eval.py:223
                          Task: put the bowl on the plate                       
                 INFO     | >> Starting episode 18...     run_libero_eval.py:223
05/21 [00:01:41] INFO     | >> Success: True              run_libero_eval.py:223
                 INFO     | >> # episodes completed so    run_libero_eval.py:223
                          far: 418                                              
                 INFO     | >> # successes: 402 (96.2%)   run_libero_eval.py:223


 36%|███▌      | 18/50 [10:32<17:53, 33.56s/it][A                 INFO     | >>                            run_libero_eval.py:223
                          Task: put the bowl on the plate                       
                 INFO     | >> Starting episode 19...     run_libero_eval.py:223
05/21 [00:02:11] INFO     | >> Success: True              run_libero_eval.py:223
                 INFO     | >> # episodes completed so    run_libero_eval.py:223
                          far: 419                                              
                 INFO     | >> # successes: 403 (96.2%)   run_libero_eval.py:223


 38%|███▊      | 19/50 [11:02<16:52, 32.65s/it][A                 INFO     | >>                            run_libero_eval.py:223
                          Task: put the bowl on the plate                       
                 INFO     | >> Starting episode 20...     run_libero_eval.py:223
05/21 [00:02:59] INFO     | >> Success: True              run_libero_eval.py:223
                 INFO     | >> # episodes completed so    run_libero_eval.py:223
                          far: 420                                              
                 INFO     | >> # successes: 404 (96.2%)   run_libero_eval.py:223


 40%|████      | 20/50 [11:50<18:32, 37.09s/it][A                 INFO     | >>                            run_libero_eval.py:223
                          Task: put the bowl on the plate                       
                 INFO     | >> Starting episode 21...     run_libero_eval.py:223
05/21 [00:03:40] INFO     | >> Success: True              run_libero_eval.py:223
                 INFO     | >> # episodes completed so    run_libero_eval.py:223
                          far: 421                                              
                 INFO     | >> # successes: 405 (96.2%)   run_libero_eval.py:223


 42%|████▏     | 21/50 [12:31<18:30, 38.29s/it][A                 INFO     | >>                            run_libero_eval.py:223
                          Task: put the bowl on the plate                       
                 INFO     | >> Starting episode 22...     run_libero_eval.py:223
05/21 [00:04:21] INFO     | >> Success: True              run_libero_eval.py:223
                 INFO     | >> # episodes completed so    run_libero_eval.py:223
                          far: 422                                              
                 INFO     | >> # successes: 406 (96.2%)   run_libero_eval.py:223


 44%|████▍     | 22/50 [13:12<18:13, 39.06s/it][A                 INFO     | >>                            run_libero_eval.py:223
                          Task: put the bowl on the plate                       
                 INFO     | >> Starting episode 23...     run_libero_eval.py:223
05/21 [00:04:45] INFO     | >> Success: True              run_libero_eval.py:223
                 INFO     | >> # episodes completed so    run_libero_eval.py:223
                          far: 423                                              
                 INFO     | >> # successes: 407 (96.2%)   run_libero_eval.py:223


 46%|████▌     | 23/50 [13:36<15:33, 34.59s/it][A                 INFO     | >>                            run_libero_eval.py:223
                          Task: put the bowl on the plate                       
                 INFO     | >> Starting episode 24...     run_libero_eval.py:223
05/21 [00:05:13] INFO     | >> Success: True              run_libero_eval.py:223
                 INFO     | >> # episodes completed so    run_libero_eval.py:223
                          far: 424                                              
                 INFO     | >> # successes: 408 (96.2%)   run_libero_eval.py:223


 48%|████▊     | 24/50 [14:04<14:09, 32.68s/it][A                 INFO     | >>                            run_libero_eval.py:223
                          Task: put the bowl on the plate                       
                 INFO     | >> Starting episode 25...     run_libero_eval.py:223
05/21 [00:05:40] INFO     | >> Success: True              run_libero_eval.py:223
                 INFO     | >> # episodes completed so    run_libero_eval.py:223
                          far: 425                                              
                 INFO     | >> # successes: 409 (96.2%)   run_libero_eval.py:223


 50%|█████     | 25/50 [14:31<12:51, 30.88s/it][A                 INFO     | >>                            run_libero_eval.py:223
                          Task: put the bowl on the plate                       
                 INFO     | >> Starting episode 26...     run_libero_eval.py:223
05/21 [00:07:38] INFO     | >> Success: True              run_libero_eval.py:223
                 INFO     | >> # episodes completed so    run_libero_eval.py:223
                          far: 426                                              
                 INFO     | >> # successes: 410 (96.2%)   run_libero_eval.py:223


 52%|█████▏    | 26/50 [16:29<22:52, 57.17s/it][A                 INFO     | >>                            run_libero_eval.py:223
                          Task: put the bowl on the plate                       
                 INFO     | >> Starting episode 27...     run_libero_eval.py:223
05/21 [00:08:00] INFO     | >> Success: True              run_libero_eval.py:223
                 INFO     | >> # episodes completed so    run_libero_eval.py:223
                          far: 427                                              
                 INFO     | >> # successes: 411 (96.3%)   run_libero_eval.py:223


 54%|█████▍    | 27/50 [16:51<17:50, 46.55s/it][A                 INFO     | >>                            run_libero_eval.py:223
                          Task: put the bowl on the plate                       
                 INFO     | >> Starting episode 28...     run_libero_eval.py:223
05/21 [00:08:20] INFO     | >> Success: True              run_libero_eval.py:223
                 INFO     | >> # episodes completed so    run_libero_eval.py:223
                          far: 428                                              
                 INFO     | >> # successes: 412 (96.3%)   run_libero_eval.py:223


 56%|█████▌    | 28/50 [17:11<14:08, 38.56s/it][A                 INFO     | >>                            run_libero_eval.py:223
                          Task: put the bowl on the plate                       
                 INFO     | >> Starting episode 29...     run_libero_eval.py:223
05/21 [00:09:00] INFO     | >> Success: True              run_libero_eval.py:223
                 INFO     | >> # episodes completed so    run_libero_eval.py:223
                          far: 429                                              
                 INFO     | >> # successes: 413 (96.3%)   run_libero_eval.py:223


 58%|█████▊    | 29/50 [17:51<13:37, 38.94s/it][A                 INFO     | >>                            run_libero_eval.py:223
                          Task: put the bowl on the plate                       
                 INFO     | >> Starting episode 30...     run_libero_eval.py:223
05/21 [00:09:22] INFO     | >> Success: True              run_libero_eval.py:223
                 INFO     | >> # episodes completed so    run_libero_eval.py:223
                          far: 430                                              
                 INFO     | >> # successes: 414 (96.3%)   run_libero_eval.py:223


 60%|██████    | 30/50 [18:13<11:17, 33.85s/it][A                 INFO     | >>                            run_libero_eval.py:223
                          Task: put the bowl on the plate                       
                 INFO     | >> Starting episode 31...     run_libero_eval.py:223
05/21 [00:09:51] INFO     | >> Success: True              run_libero_eval.py:223
                 INFO     | >> # episodes completed so    run_libero_eval.py:223
                          far: 431                                              
                 INFO     | >> # successes: 415 (96.3%)   run_libero_eval.py:223


 62%|██████▏   | 31/50 [18:41<10:14, 32.33s/it][A                 INFO     | >>                            run_libero_eval.py:223
                          Task: put the bowl on the plate                       
                 INFO     | >> Starting episode 32...     run_libero_eval.py:223
05/21 [00:10:34] INFO     | >> Success: True              run_libero_eval.py:223
                 INFO     | >> # episodes completed so    run_libero_eval.py:223
                          far: 432                                              
                 INFO     | >> # successes: 416 (96.3%)   run_libero_eval.py:223


 64%|██████▍   | 32/50 [19:25<10:41, 35.64s/it][A                 INFO     | >>                            run_libero_eval.py:223
                          Task: put the bowl on the plate                       
                 INFO     | >> Starting episode 33...     run_libero_eval.py:223
05/21 [00:11:02] INFO     | >> Success: True              run_libero_eval.py:223
                 INFO     | >> # episodes completed so    run_libero_eval.py:223
                          far: 433                                              
                 INFO     | >> # successes: 417 (96.3%)   run_libero_eval.py:223


 66%|██████▌   | 33/50 [19:52<09:25, 33.24s/it][A                 INFO     | >>                            run_libero_eval.py:223
                          Task: put the bowl on the plate                       
                 INFO     | >> Starting episode 34...     run_libero_eval.py:223
05/21 [00:11:23] INFO     | >> Success: True              run_libero_eval.py:223
                 INFO     | >> # episodes completed so    run_libero_eval.py:223
                          far: 434                                              
                 INFO     | >> # successes: 418 (96.3%)   run_libero_eval.py:223


 68%|██████▊   | 34/50 [20:13<07:53, 29.59s/it][A                 INFO     | >>                            run_libero_eval.py:223
                          Task: put the bowl on the plate                       
                 INFO     | >> Starting episode 35...     run_libero_eval.py:223
05/21 [00:11:43] INFO     | >> Success: True              run_libero_eval.py:223
                 INFO     | >> # episodes completed so    run_libero_eval.py:223
                          far: 435                                              
                 INFO     | >> # successes: 419 (96.3%)   run_libero_eval.py:223


 70%|███████   | 35/50 [20:34<06:42, 26.81s/it][A                 INFO     | >>                            run_libero_eval.py:223
                          Task: put the bowl on the plate                       
                 INFO     | >> Starting episode 36...     run_libero_eval.py:223
05/21 [00:12:05] INFO     | >> Success: True              run_libero_eval.py:223
                 INFO     | >> # episodes completed so    run_libero_eval.py:223
                          far: 436                                              
                 INFO     | >> # successes: 420 (96.3%)   run_libero_eval.py:223


 72%|███████▏  | 36/50 [20:55<05:53, 25.24s/it][A                 INFO     | >>                            run_libero_eval.py:223
                          Task: put the bowl on the plate                       
                 INFO     | >> Starting episode 37...     run_libero_eval.py:223
05/21 [00:12:26] INFO     | >> Success: True              run_libero_eval.py:223
                 INFO     | >> # episodes completed so    run_libero_eval.py:223
                          far: 437                                              
                 INFO     | >> # successes: 421 (96.3%)   run_libero_eval.py:223


 74%|███████▍  | 37/50 [21:16<05:11, 24.00s/it][A                 INFO     | >>                            run_libero_eval.py:223
                          Task: put the bowl on the plate                       
                 INFO     | >> Starting episode 38...     run_libero_eval.py:223
05/21 [00:13:12] INFO     | >> Success: True              run_libero_eval.py:223
                 INFO     | >> # episodes completed so    run_libero_eval.py:223
                          far: 438                                              
                 INFO     | >> # successes: 422 (96.3%)   run_libero_eval.py:223


 76%|███████▌  | 38/50 [22:03<06:09, 30.76s/it][A                 INFO     | >>                            run_libero_eval.py:223
                          Task: put the bowl on the plate                       
                 INFO     | >> Starting episode 39...     run_libero_eval.py:223
05/21 [00:13:35] INFO     | >> Success: True              run_libero_eval.py:223
                 INFO     | >> # episodes completed so    run_libero_eval.py:223
                          far: 439                                              
                 INFO     | >> # successes: 423 (96.4%)   run_libero_eval.py:223


 78%|███████▊  | 39/50 [22:26<05:12, 28.41s/it][A                 INFO     | >>                            run_libero_eval.py:223
                          Task: put the bowl on the plate                       
                 INFO     | >> Starting episode 40...     run_libero_eval.py:223
05/21 [00:14:29] INFO     | >> Success: True              run_libero_eval.py:223
                 INFO     | >> # episodes completed so    run_libero_eval.py:223
                          far: 440                                              
                 INFO     | >> # successes: 424 (96.4%)   run_libero_eval.py:223


 80%|████████  | 40/50 [23:20<06:00, 36.08s/it][A                 INFO     | >>                            run_libero_eval.py:223
                          Task: put the bowl on the plate                       
                 INFO     | >> Starting episode 41...     run_libero_eval.py:223
05/21 [00:14:54] INFO     | >> Success: True              run_libero_eval.py:223
                 INFO     | >> # episodes completed so    run_libero_eval.py:223
                          far: 441                                              
                 INFO     | >> # successes: 425 (96.4%)   run_libero_eval.py:223


 82%|████████▏ | 41/50 [23:45<04:54, 32.75s/it][A                 INFO     | >>                            run_libero_eval.py:223
                          Task: put the bowl on the plate                       
                 INFO     | >> Starting episode 42...     run_libero_eval.py:223
05/21 [00:15:22] INFO     | >> Success: True              run_libero_eval.py:223
                 INFO     | >> # episodes completed so    run_libero_eval.py:223
                          far: 442                                              
                 INFO     | >> # successes: 426 (96.4%)   run_libero_eval.py:223


 84%|████████▍ | 42/50 [24:13<04:10, 31.36s/it][A                 INFO     | >>                            run_libero_eval.py:223
                          Task: put the bowl on the plate                       
                 INFO     | >> Starting episode 43...     run_libero_eval.py:223
05/21 [00:15:53] INFO     | >> Success: True              run_libero_eval.py:223
                 INFO     | >> # episodes completed so    run_libero_eval.py:223
                          far: 443                                              
                 INFO     | >> # successes: 427 (96.4%)   run_libero_eval.py:223


 86%|████████▌ | 43/50 [24:44<03:39, 31.30s/it][A                 INFO     | >>                            run_libero_eval.py:223
                          Task: put the bowl on the plate                       
                 INFO     | >> Starting episode 44...     run_libero_eval.py:223
05/21 [00:16:24] INFO     | >> Success: True              run_libero_eval.py:223
                 INFO     | >> # episodes completed so    run_libero_eval.py:223
                          far: 444                                              
                 INFO     | >> # successes: 428 (96.4%)   run_libero_eval.py:223


 88%|████████▊ | 44/50 [25:15<03:06, 31.13s/it][A                 INFO     | >>                            run_libero_eval.py:223
                          Task: put the bowl on the plate                       
                 INFO     | >> Starting episode 45...     run_libero_eval.py:223
05/21 [00:16:59] INFO     | >> Success: True              run_libero_eval.py:223
                 INFO     | >> # episodes completed so    run_libero_eval.py:223
                          far: 445                                              
                 INFO     | >> # successes: 429 (96.4%)   run_libero_eval.py:223


 90%|█████████ | 45/50 [25:50<02:41, 32.25s/it][A                 INFO     | >>                            run_libero_eval.py:223
                          Task: put the bowl on the plate                       
                 INFO     | >> Starting episode 46...     run_libero_eval.py:223
05/21 [00:17:23] INFO     | >> Success: True              run_libero_eval.py:223
                 INFO     | >> # episodes completed so    run_libero_eval.py:223
                          far: 446                                              
                 INFO     | >> # successes: 430 (96.4%)   run_libero_eval.py:223


 92%|█████████▏| 46/50 [26:14<01:59, 29.76s/it][A                 INFO     | >>                            run_libero_eval.py:223
                          Task: put the bowl on the plate                       
                 INFO     | >> Starting episode 47...     run_libero_eval.py:223
05/21 [00:17:48] INFO     | >> Success: True              run_libero_eval.py:223
                 INFO     | >> # episodes completed so    run_libero_eval.py:223
                          far: 447                                              
                 INFO     | >> # successes: 431 (96.4%)   run_libero_eval.py:223


 94%|█████████▍| 47/50 [26:38<01:24, 28.26s/it][A                 INFO     | >>                            run_libero_eval.py:223
                          Task: put the bowl on the plate                       
                 INFO     | >> Starting episode 48...     run_libero_eval.py:223
05/21 [00:18:17] INFO     | >> Success: True              run_libero_eval.py:223
                 INFO     | >> # episodes completed so    run_libero_eval.py:223
                          far: 448                                              
                 INFO     | >> # successes: 432 (96.4%)   run_libero_eval.py:223


 96%|█████████▌| 48/50 [27:08<00:57, 28.61s/it][A                 INFO     | >>                            run_libero_eval.py:223
                          Task: put the bowl on the plate                       
                 INFO     | >> Starting episode 49...     run_libero_eval.py:223
05/21 [00:18:40] INFO     | >> Success: True              run_libero_eval.py:223
                 INFO     | >> # episodes completed so    run_libero_eval.py:223
                          far: 449                                              
                 INFO     | >> # successes: 433 (96.4%)   run_libero_eval.py:223


 98%|█████████▊| 49/50 [27:31<00:26, 26.93s/it][A                 INFO     | >>                            run_libero_eval.py:223
                          Task: put the bowl on the plate                       
                 INFO     | >> Starting episode 50...     run_libero_eval.py:223
05/21 [00:19:17] INFO     | >> Success: True              run_libero_eval.py:223
                 INFO     | >> # episodes completed so    run_libero_eval.py:223
                          far: 450                                              
                 INFO     | >> # successes: 434 (96.4%)   run_libero_eval.py:223


100%|██████████| 50/50 [28:08<00:00, 29.97s/it][A
100%|██████████| 50/50 [28:08<00:00, 33.77s/it]
                 INFO     | >> Current task success rate: run_libero_eval.py:223
                          1.0                                                   
                 INFO     | >> Current total success      run_libero_eval.py:223
                          rate: 0.9644444444444444                              

 90%|█████████ | 9/10 [7:03:19<40:41, 2441.86s/it]  [Warning]: datasets path <home_path>/code/publish-ddpvla/LIBERO/datasets does not exist!
                 INFO     | >> Using default initial      run_libero_eval.py:223
                          states                                                
[Warning]: datasets path <home_path>/code/publish-ddpvla/LIBERO/datasets does not exist!


  0%|          | 0/50 [00:00<?, ?it/s][A05/21 [00:19:18] INFO     | >>                            run_libero_eval.py:223
                          Task: put the wine bottle on                          
                          the rack                                              
                 INFO     | >> Starting episode 1...      run_libero_eval.py:223
05/21 [00:19:50] INFO     | >> Success: True              run_libero_eval.py:223
                 INFO     | >> # episodes completed so    run_libero_eval.py:223
                          far: 451                                              
                 INFO     | >> # successes: 435 (96.5%)   run_libero_eval.py:223


  2%|▏         | 1/50 [00:31<26:00, 31.85s/it][A                 INFO     | >>                            run_libero_eval.py:223
                          Task: put the wine bottle on                          
                          the rack                                              
                 INFO     | >> Starting episode 2...      run_libero_eval.py:223
05/21 [00:20:31] INFO     | >> Success: True              run_libero_eval.py:223
                 INFO     | >> # episodes completed so    run_libero_eval.py:223
                          far: 452                                              
                 INFO     | >> # successes: 436 (96.5%)   run_libero_eval.py:223


  4%|▍         | 2/50 [01:13<30:03, 37.58s/it][A                 INFO     | >>                            run_libero_eval.py:223
                          Task: put the wine bottle on                          
                          the rack                                              
                 INFO     | >> Starting episode 3...      run_libero_eval.py:223
05/21 [00:21:39] INFO     | >> Success: True              run_libero_eval.py:223
                 INFO     | >> # episodes completed so    run_libero_eval.py:223
                          far: 453                                              
                 INFO     | >> # successes: 437 (96.5%)   run_libero_eval.py:223


  6%|▌         | 3/50 [02:20<40:06, 51.20s/it][A                 INFO     | >>                            run_libero_eval.py:223
                          Task: put the wine bottle on                          
                          the rack                                              
                 INFO     | >> Starting episode 4...      run_libero_eval.py:223
05/21 [00:22:27] INFO     | >> Success: True              run_libero_eval.py:223
                 INFO     | >> # episodes completed so    run_libero_eval.py:223
                          far: 454                                              
                 INFO     | >> # successes: 438 (96.5%)   run_libero_eval.py:223


  8%|▊         | 4/50 [03:09<38:24, 50.10s/it][A                 INFO     | >>                            run_libero_eval.py:223
                          Task: put the wine bottle on                          
                          the rack                                              
                 INFO     | >> Starting episode 5...      run_libero_eval.py:223
05/21 [00:23:22] INFO     | >> Success: True              run_libero_eval.py:223
                 INFO     | >> # episodes completed so    run_libero_eval.py:223
                          far: 455                                              
                 INFO     | >> # successes: 439 (96.5%)   run_libero_eval.py:223


 10%|█         | 5/50 [04:04<38:50, 51.79s/it][A                 INFO     | >>                            run_libero_eval.py:223
                          Task: put the wine bottle on                          
                          the rack                                              
                 INFO     | >> Starting episode 6...      run_libero_eval.py:223
05/21 [00:23:56] INFO     | >> Success: True              run_libero_eval.py:223
                 INFO     | >> # episodes completed so    run_libero_eval.py:223
                          far: 456                                              
                 INFO     | >> # successes: 440 (96.5%)   run_libero_eval.py:223


 12%|█▏        | 6/50 [04:37<33:24, 45.56s/it][A                 INFO     | >>                            run_libero_eval.py:223
                          Task: put the wine bottle on                          
                          the rack                                              
                 INFO     | >> Starting episode 7...      run_libero_eval.py:223
05/21 [00:24:28] INFO     | >> Success: True              run_libero_eval.py:223
                 INFO     | >> # episodes completed so    run_libero_eval.py:223
                          far: 457                                              
                 INFO     | >> # successes: 441 (96.5%)   run_libero_eval.py:223


 14%|█▍        | 7/50 [05:09<29:27, 41.11s/it][A                 INFO     | >>                            run_libero_eval.py:223
                          Task: put the wine bottle on                          
                          the rack                                              
                 INFO     | >> Starting episode 8...      run_libero_eval.py:223
05/21 [00:25:03] INFO     | >> Success: True              run_libero_eval.py:223
                 INFO     | >> # episodes completed so    run_libero_eval.py:223
                          far: 458                                              
                 INFO     | >> # successes: 442 (96.5%)   run_libero_eval.py:223


 16%|█▌        | 8/50 [05:44<27:31, 39.32s/it][A                 INFO     | >>                            run_libero_eval.py:223
                          Task: put the wine bottle on                          
                          the rack                                              
                 INFO     | >> Starting episode 9...      run_libero_eval.py:223
05/21 [00:26:14] INFO     | >> Success: True              run_libero_eval.py:223
                 INFO     | >> # episodes completed so    run_libero_eval.py:223
                          far: 459                                              
                 INFO     | >> # successes: 443 (96.5%)   run_libero_eval.py:223


 18%|█▊        | 9/50 [06:56<33:41, 49.31s/it][A                 INFO     | >>                            run_libero_eval.py:223
                          Task: put the wine bottle on                          
                          the rack                                              
                 INFO     | >> Starting episode 10...     run_libero_eval.py:223
05/21 [00:27:31] INFO     | >> Success: True              run_libero_eval.py:223
                 INFO     | >> # episodes completed so    run_libero_eval.py:223
                          far: 460                                              
                 INFO     | >> # successes: 444 (96.5%)   run_libero_eval.py:223


 20%|██        | 10/50 [08:12<38:29, 57.74s/it][A                 INFO     | >>                            run_libero_eval.py:223
                          Task: put the wine bottle on                          
                          the rack                                              
                 INFO     | >> Starting episode 11...     run_libero_eval.py:223
05/21 [00:28:41] INFO     | >> Success: True              run_libero_eval.py:223
                 INFO     | >> # episodes completed so    run_libero_eval.py:223
                          far: 461                                              
                 INFO     | >> # successes: 445 (96.5%)   run_libero_eval.py:223


 22%|██▏       | 11/50 [09:23<40:00, 61.56s/it][A                 INFO     | >>                            run_libero_eval.py:223
                          Task: put the wine bottle on                          
                          the rack                                              
                 INFO     | >> Starting episode 12...     run_libero_eval.py:223
05/21 [00:29:33] INFO     | >> Success: True              run_libero_eval.py:223
                 INFO     | >> # episodes completed so    run_libero_eval.py:223
                          far: 462                                              
                 INFO     | >> # successes: 446 (96.5%)   run_libero_eval.py:223


 24%|██▍       | 12/50 [10:15<37:09, 58.67s/it][A                 INFO     | >>                            run_libero_eval.py:223
                          Task: put the wine bottle on                          
                          the rack                                              
                 INFO     | >> Starting episode 13...     run_libero_eval.py:223
05/21 [00:30:51] INFO     | >> Success: True              run_libero_eval.py:223
                 INFO     | >> # episodes completed so    run_libero_eval.py:223
                          far: 463                                              
                 INFO     | >> # successes: 447 (96.5%)   run_libero_eval.py:223


 26%|██▌       | 13/50 [11:32<39:45, 64.46s/it][A                 INFO     | >>                            run_libero_eval.py:223
                          Task: put the wine bottle on                          
                          the rack                                              
                 INFO     | >> Starting episode 14...     run_libero_eval.py:223
05/21 [00:31:52] INFO     | >> Success: True              run_libero_eval.py:223
                 INFO     | >> # episodes completed so    run_libero_eval.py:223
                          far: 464                                              
                 INFO     | >> # successes: 448 (96.6%)   run_libero_eval.py:223


 28%|██▊       | 14/50 [12:33<38:01, 63.38s/it][A                 INFO     | >>                            run_libero_eval.py:223
                          Task: put the wine bottle on                          
                          the rack                                              
                 INFO     | >> Starting episode 15...     run_libero_eval.py:223
05/21 [00:33:01] INFO     | >> Success: True              run_libero_eval.py:223
                 INFO     | >> # episodes completed so    run_libero_eval.py:223
                          far: 465                                              
                 INFO     | >> # successes: 449 (96.6%)   run_libero_eval.py:223


 30%|███       | 15/50 [13:43<38:00, 65.17s/it][A                 INFO     | >>                            run_libero_eval.py:223
                          Task: put the wine bottle on                          
                          the rack                                              
                 INFO     | >> Starting episode 16...     run_libero_eval.py:223
05/21 [00:33:40] INFO     | >> Success: True              run_libero_eval.py:223
                 INFO     | >> # episodes completed so    run_libero_eval.py:223
                          far: 466                                              
                 INFO     | >> # successes: 450 (96.6%)   run_libero_eval.py:223


 32%|███▏      | 16/50 [14:21<32:22, 57.13s/it][A                 INFO     | >>                            run_libero_eval.py:223
                          Task: put the wine bottle on                          
                          the rack                                              
                 INFO     | >> Starting episode 17...     run_libero_eval.py:223
05/21 [00:34:51] INFO     | >> Success: True              run_libero_eval.py:223
                 INFO     | >> # episodes completed so    run_libero_eval.py:223
                          far: 467                                              
                 INFO     | >> # successes: 451 (96.6%)   run_libero_eval.py:223


 34%|███▍      | 17/50 [15:32<33:45, 61.38s/it][A                 INFO     | >>                            run_libero_eval.py:223
                          Task: put the wine bottle on                          
                          the rack                                              
                 INFO     | >> Starting episode 18...     run_libero_eval.py:223
05/21 [00:35:58] INFO     | >> Success: True              run_libero_eval.py:223
                 INFO     | >> # episodes completed so    run_libero_eval.py:223
                          far: 468                                              
                 INFO     | >> # successes: 452 (96.6%)   run_libero_eval.py:223


 36%|███▌      | 18/50 [16:40<33:42, 63.19s/it][A                 INFO     | >>                            run_libero_eval.py:223
                          Task: put the wine bottle on                          
                          the rack                                              
                 INFO     | >> Starting episode 19...     run_libero_eval.py:223
05/21 [00:36:30] INFO     | >> Success: True              run_libero_eval.py:223
                 INFO     | >> # episodes completed so    run_libero_eval.py:223
                          far: 469                                              
                 INFO     | >> # successes: 453 (96.6%)   run_libero_eval.py:223


 38%|███▊      | 19/50 [17:12<27:49, 53.85s/it][A                 INFO     | >>                            run_libero_eval.py:223
                          Task: put the wine bottle on                          
                          the rack                                              
                 INFO     | >> Starting episode 20...     run_libero_eval.py:223
05/21 [00:37:26] INFO     | >> Success: True              run_libero_eval.py:223
                 INFO     | >> # episodes completed so    run_libero_eval.py:223
                          far: 470                                              
                 INFO     | >> # successes: 454 (96.6%)   run_libero_eval.py:223


 40%|████      | 20/50 [18:07<27:08, 54.28s/it][A                 INFO     | >>                            run_libero_eval.py:223
                          Task: put the wine bottle on                          
                          the rack                                              
                 INFO     | >> Starting episode 21...     run_libero_eval.py:223
05/21 [00:38:16] INFO     | >> Success: True              run_libero_eval.py:223
                 INFO     | >> # episodes completed so    run_libero_eval.py:223
                          far: 471                                              
                 INFO     | >> # successes: 455 (96.6%)   run_libero_eval.py:223


 42%|████▏     | 21/50 [18:58<25:40, 53.11s/it][A                 INFO     | >>                            run_libero_eval.py:223
                          Task: put the wine bottle on                          
                          the rack                                              
                 INFO     | >> Starting episode 22...     run_libero_eval.py:223
05/21 [00:39:09] INFO     | >> Success: True              run_libero_eval.py:223
                 INFO     | >> # episodes completed so    run_libero_eval.py:223
                          far: 472                                              
                 INFO     | >> # successes: 456 (96.6%)   run_libero_eval.py:223


 44%|████▍     | 22/50 [19:50<24:42, 52.93s/it][A                 INFO     | >>                            run_libero_eval.py:223
                          Task: put the wine bottle on                          
                          the rack                                              
                 INFO     | >> Starting episode 23...     run_libero_eval.py:223
05/21 [00:40:14] INFO     | >> Success: True              run_libero_eval.py:223
                 INFO     | >> # episodes completed so    run_libero_eval.py:223
                          far: 473                                              
                 INFO     | >> # successes: 457 (96.6%)   run_libero_eval.py:223


 46%|████▌     | 23/50 [20:56<25:33, 56.81s/it][A                 INFO     | >>                            run_libero_eval.py:223
                          Task: put the wine bottle on                          
                          the rack                                              
                 INFO     | >> Starting episode 24...     run_libero_eval.py:223
05/21 [00:41:01] INFO     | >> Success: True              run_libero_eval.py:223
                 INFO     | >> # episodes completed so    run_libero_eval.py:223
                          far: 474                                              
                 INFO     | >> # successes: 458 (96.6%)   run_libero_eval.py:223


 48%|████▊     | 24/50 [21:42<23:14, 53.63s/it][A                 INFO     | >>                            run_libero_eval.py:223
                          Task: put the wine bottle on                          
                          the rack                                              
                 INFO     | >> Starting episode 25...     run_libero_eval.py:223
05/21 [00:41:56] INFO     | >> Success: True              run_libero_eval.py:223
                 INFO     | >> # episodes completed so    run_libero_eval.py:223
                          far: 475                                              
                 INFO     | >> # successes: 459 (96.6%)   run_libero_eval.py:223


 50%|█████     | 25/50 [22:37<22:33, 54.14s/it][A                 INFO     | >>                            run_libero_eval.py:223
                          Task: put the wine bottle on                          
                          the rack                                              
                 INFO     | >> Starting episode 26...     run_libero_eval.py:223
05/21 [00:42:45] INFO     | >> Success: True              run_libero_eval.py:223
                 INFO     | >> # episodes completed so    run_libero_eval.py:223
                          far: 476                                              
                 INFO     | >> # successes: 460 (96.6%)   run_libero_eval.py:223


 52%|█████▏    | 26/50 [23:27<21:02, 52.62s/it][A                 INFO     | >>                            run_libero_eval.py:223
                          Task: put the wine bottle on                          
                          the rack                                              
                 INFO     | >> Starting episode 27...     run_libero_eval.py:223
05/21 [00:43:41] INFO     | >> Success: True              run_libero_eval.py:223
                 INFO     | >> # episodes completed so    run_libero_eval.py:223
                          far: 477                                              
                 INFO     | >> # successes: 461 (96.6%)   run_libero_eval.py:223


 54%|█████▍    | 27/50 [24:22<20:31, 53.53s/it][A                 INFO     | >>                            run_libero_eval.py:223
                          Task: put the wine bottle on                          
                          the rack                                              
                 INFO     | >> Starting episode 28...     run_libero_eval.py:223
05/21 [00:44:46] INFO     | >> Success: True              run_libero_eval.py:223
                 INFO     | >> # episodes completed so    run_libero_eval.py:223
                          far: 478                                              
                 INFO     | >> # successes: 462 (96.7%)   run_libero_eval.py:223


 56%|█████▌    | 28/50 [25:28<20:58, 57.19s/it][A                 INFO     | >>                            run_libero_eval.py:223
                          Task: put the wine bottle on                          
                          the rack                                              
                 INFO     | >> Starting episode 29...     run_libero_eval.py:223
05/21 [00:45:56] INFO     | >> Success: True              run_libero_eval.py:223
                 INFO     | >> # episodes completed so    run_libero_eval.py:223
                          far: 479                                              
                 INFO     | >> # successes: 463 (96.7%)   run_libero_eval.py:223


 58%|█████▊    | 29/50 [26:37<21:17, 60.85s/it][A                 INFO     | >>                            run_libero_eval.py:223
                          Task: put the wine bottle on                          
                          the rack                                              
                 INFO     | >> Starting episode 30...     run_libero_eval.py:223
05/21 [00:46:59] INFO     | >> Success: True              run_libero_eval.py:223
                 INFO     | >> # episodes completed so    run_libero_eval.py:223
                          far: 480                                              
                 INFO     | >> # successes: 464 (96.7%)   run_libero_eval.py:223


 60%|██████    | 30/50 [27:41<20:33, 61.66s/it][A                 INFO     | >>                            run_libero_eval.py:223
                          Task: put the wine bottle on                          
                          the rack                                              
                 INFO     | >> Starting episode 31...     run_libero_eval.py:223
05/21 [00:48:16] INFO     | >> Success: True              run_libero_eval.py:223
                 INFO     | >> # episodes completed so    run_libero_eval.py:223
                          far: 481                                              
                 INFO     | >> # successes: 465 (96.7%)   run_libero_eval.py:223


 62%|██████▏   | 31/50 [28:57<20:55, 66.06s/it][A                 INFO     | >>                            run_libero_eval.py:223
                          Task: put the wine bottle on                          
                          the rack                                              
                 INFO     | >> Starting episode 32...     run_libero_eval.py:223
05/21 [00:49:02] INFO     | >> Success: True              run_libero_eval.py:223
                 INFO     | >> # episodes completed so    run_libero_eval.py:223
                          far: 482                                              
                 INFO     | >> # successes: 466 (96.7%)   run_libero_eval.py:223


 64%|██████▍   | 32/50 [29:44<18:03, 60.22s/it][A                 INFO     | >>                            run_libero_eval.py:223
                          Task: put the wine bottle on                          
                          the rack                                              
                 INFO     | >> Starting episode 33...     run_libero_eval.py:223
05/21 [00:49:56] INFO     | >> Success: True              run_libero_eval.py:223
                 INFO     | >> # episodes completed so    run_libero_eval.py:223
                          far: 483                                              
                 INFO     | >> # successes: 467 (96.7%)   run_libero_eval.py:223


 66%|██████▌   | 33/50 [30:38<16:31, 58.32s/it][A                 INFO     | >>                            run_libero_eval.py:223
                          Task: put the wine bottle on                          
                          the rack                                              
                 INFO     | >> Starting episode 34...     run_libero_eval.py:223
05/21 [00:50:52] INFO     | >> Success: True              run_libero_eval.py:223
                 INFO     | >> # episodes completed so    run_libero_eval.py:223
                          far: 484                                              
                 INFO     | >> # successes: 468 (96.7%)   run_libero_eval.py:223


 68%|██████▊   | 34/50 [31:33<15:21, 57.56s/it][A                 INFO     | >>                            run_libero_eval.py:223
                          Task: put the wine bottle on                          
                          the rack                                              
                 INFO     | >> Starting episode 35...     run_libero_eval.py:223
05/21 [00:51:34] INFO     | >> Success: True              run_libero_eval.py:223
                 INFO     | >> # episodes completed so    run_libero_eval.py:223
                          far: 485                                              
                 INFO     | >> # successes: 469 (96.7%)   run_libero_eval.py:223


 70%|███████   | 35/50 [32:15<13:11, 52.78s/it][A                 INFO     | >>                            run_libero_eval.py:223
                          Task: put the wine bottle on                          
                          the rack                                              
                 INFO     | >> Starting episode 36...     run_libero_eval.py:223
05/21 [00:52:22] INFO     | >> Success: True              run_libero_eval.py:223
                 INFO     | >> # episodes completed so    run_libero_eval.py:223
                          far: 486                                              
                 INFO     | >> # successes: 470 (96.7%)   run_libero_eval.py:223


 72%|███████▏  | 36/50 [33:03<11:58, 51.34s/it][A                 INFO     | >>                            run_libero_eval.py:223
                          Task: put the wine bottle on                          
                          the rack                                              
                 INFO     | >> Starting episode 37...     run_libero_eval.py:223
05/21 [00:53:31] INFO     | >> Success: True              run_libero_eval.py:223
                 INFO     | >> # episodes completed so    run_libero_eval.py:223
                          far: 487                                              
                 INFO     | >> # successes: 471 (96.7%)   run_libero_eval.py:223


 74%|███████▍  | 37/50 [34:12<12:17, 56.71s/it][A                 INFO     | >>                            run_libero_eval.py:223
                          Task: put the wine bottle on                          
                          the rack                                              
                 INFO     | >> Starting episode 38...     run_libero_eval.py:223
05/21 [00:54:29] INFO     | >> Success: True              run_libero_eval.py:223
                 INFO     | >> # episodes completed so    run_libero_eval.py:223
                          far: 488                                              
                 INFO     | >> # successes: 472 (96.7%)   run_libero_eval.py:223


 76%|███████▌  | 38/50 [35:10<11:25, 57.14s/it][A                 INFO     | >>                            run_libero_eval.py:223
                          Task: put the wine bottle on                          
                          the rack                                              
                 INFO     | >> Starting episode 39...     run_libero_eval.py:223
05/21 [00:55:32] INFO     | >> Success: True              run_libero_eval.py:223
                 INFO     | >> # episodes completed so    run_libero_eval.py:223
                          far: 489                                              
                 INFO     | >> # successes: 473 (96.7%)   run_libero_eval.py:223


 78%|███████▊  | 39/50 [36:13<10:48, 58.91s/it][A                 INFO     | >>                            run_libero_eval.py:223
                          Task: put the wine bottle on                          
                          the rack                                              
                 INFO     | >> Starting episode 40...     run_libero_eval.py:223
05/21 [00:56:37] INFO     | >> Success: True              run_libero_eval.py:223
                 INFO     | >> # episodes completed so    run_libero_eval.py:223
                          far: 490                                              
                 INFO     | >> # successes: 474 (96.7%)   run_libero_eval.py:223


 80%|████████  | 40/50 [37:19<10:07, 60.77s/it][A                 INFO     | >>                            run_libero_eval.py:223
                          Task: put the wine bottle on                          
                          the rack                                              
                 INFO     | >> Starting episode 41...     run_libero_eval.py:223
05/21 [00:57:23] INFO     | >> Success: True              run_libero_eval.py:223
                 INFO     | >> # episodes completed so    run_libero_eval.py:223
                          far: 491                                              
                 INFO     | >> # successes: 475 (96.7%)   run_libero_eval.py:223


 82%|████████▏ | 41/50 [38:05<08:26, 56.33s/it][A                 INFO     | >>                            run_libero_eval.py:223
                          Task: put the wine bottle on                          
                          the rack                                              
                 INFO     | >> Starting episode 42...     run_libero_eval.py:223
05/21 [00:57:58] INFO     | >> Success: True              run_libero_eval.py:223
                 INFO     | >> # episodes completed so    run_libero_eval.py:223
                          far: 492                                              
                 INFO     | >> # successes: 476 (96.7%)   run_libero_eval.py:223


 84%|████████▍ | 42/50 [38:40<06:40, 50.02s/it][A                 INFO     | >>                            run_libero_eval.py:223
                          Task: put the wine bottle on                          
                          the rack                                              
                 INFO     | >> Starting episode 43...     run_libero_eval.py:223
05/21 [00:58:33] INFO     | >> Success: True              run_libero_eval.py:223
                 INFO     | >> # episodes completed so    run_libero_eval.py:223
                          far: 493                                              
                 INFO     | >> # successes: 477 (96.8%)   run_libero_eval.py:223


 86%|████████▌ | 43/50 [39:14<05:17, 45.38s/it][A                 INFO     | >>                            run_libero_eval.py:223
                          Task: put the wine bottle on                          
                          the rack                                              
                 INFO     | >> Starting episode 44...     run_libero_eval.py:223
05/21 [00:59:09] INFO     | >> Success: True              run_libero_eval.py:223
                 INFO     | >> # episodes completed so    run_libero_eval.py:223
                          far: 494                                              
                 INFO     | >> # successes: 478 (96.8%)   run_libero_eval.py:223


 88%|████████▊ | 44/50 [39:51<04:16, 42.67s/it][A                 INFO     | >>                            run_libero_eval.py:223
                          Task: put the wine bottle on                          
                          the rack                                              
                 INFO     | >> Starting episode 45...     run_libero_eval.py:223
05/21 [01:00:04] INFO     | >> Success: True              run_libero_eval.py:223
                 INFO     | >> # episodes completed so    run_libero_eval.py:223
                          far: 495                                              
                 INFO     | >> # successes: 479 (96.8%)   run_libero_eval.py:223


 90%|█████████ | 45/50 [40:45<03:50, 46.17s/it][A                 INFO     | >>                            run_libero_eval.py:223
                          Task: put the wine bottle on                          
                          the rack                                              
                 INFO     | >> Starting episode 46...     run_libero_eval.py:223
05/21 [01:00:53] INFO     | >> Success: True              run_libero_eval.py:223
                 INFO     | >> # episodes completed so    run_libero_eval.py:223
                          far: 496                                              
                 INFO     | >> # successes: 480 (96.8%)   run_libero_eval.py:223


 92%|█████████▏| 46/50 [41:34<03:08, 47.13s/it][A                 INFO     | >>                            run_libero_eval.py:223
                          Task: put the wine bottle on                          
                          the rack                                              
                 INFO     | >> Starting episode 47...     run_libero_eval.py:223
05/21 [01:01:42] INFO     | >> Success: True              run_libero_eval.py:223
                 INFO     | >> # episodes completed so    run_libero_eval.py:223
                          far: 497                                              
                 INFO     | >> # successes: 481 (96.8%)   run_libero_eval.py:223


 94%|█████████▍| 47/50 [42:23<02:23, 47.67s/it][A                 INFO     | >>                            run_libero_eval.py:223
                          Task: put the wine bottle on                          
                          the rack                                              
                 INFO     | >> Starting episode 48...     run_libero_eval.py:223
05/21 [01:02:53] INFO     | >> Success: True              run_libero_eval.py:223
                 INFO     | >> # episodes completed so    run_libero_eval.py:223
                          far: 498                                              
                 INFO     | >> # successes: 482 (96.8%)   run_libero_eval.py:223


 96%|█████████▌| 48/50 [43:34<01:49, 54.66s/it][A                 INFO     | >>                            run_libero_eval.py:223
                          Task: put the wine bottle on                          
                          the rack                                              
                 INFO     | >> Starting episode 49...     run_libero_eval.py:223
05/21 [01:03:58] INFO     | >> Success: True              run_libero_eval.py:223
                 INFO     | >> # episodes completed so    run_libero_eval.py:223
                          far: 499                                              
                 INFO     | >> # successes: 483 (96.8%)   run_libero_eval.py:223


 98%|█████████▊| 49/50 [44:39<00:57, 57.70s/it][A                 INFO     | >>                            run_libero_eval.py:223
                          Task: put the wine bottle on                          
                          the rack                                              
                 INFO     | >> Starting episode 50...     run_libero_eval.py:223
05/21 [01:04:35] INFO     | >> Success: True              run_libero_eval.py:223
                 INFO     | >> # episodes completed so    run_libero_eval.py:223
                          far: 500                                              
                 INFO     | >> # successes: 484 (96.8%)   run_libero_eval.py:223


100%|██████████| 50/50 [45:16<00:00, 51.52s/it][A
100%|██████████| 50/50 [45:16<00:00, 54.34s/it]
                 INFO     | >> Current task success rate: run_libero_eval.py:223
                          1.0                                                   
                 INFO     | >> Current total success      run_libero_eval.py:223
                          rate: 0.968                                           

100%|██████████| 10/10 [7:48:36<00:00, 2526.99s/it]
100%|██████████| 10/10 [7:48:36<00:00, 2811.69s/it]
                 INFO     | >> Final results:             run_libero_eval.py:223
                 INFO     | >> Total episodes: 500        run_libero_eval.py:223
                 INFO     | >> Total successes: 484       run_libero_eval.py:223
                 INFO     | >> Overall success rate:      run_libero_eval.py:223
                          0.9680 (96.8%)                                        
wandb: WARNING Symlinked 1 file into the W&B run directory; call wandb.save again to sync new files.
[1;34mwandb[0m: 
[1;34mwandb[0m: 🚀 View run [33mEVAL-libero_goal-openvla-2026_05_20-17_14_13[0m at: [34mhttps://wandb.ai/zxliang/openvla-oft-evaluation/runs/mxv5bq3f[0m
[1;34mwandb[0m: Find logs at: [1;35mwandb/run-20260520_171556-mxv5bq3f/logs[0m
Exception ignored in: <function MjRenderContext.__del__ at 0x7f3a5d1f0820>
Traceback (most recent call last):
  File "<home_path>/miniconda3/envs/pub-ddpvla4/lib/python3.10/site-packages/robosuite/utils/binding_utils.py", line 199, in __del__
    self.gl_ctx.free()
  File "<home_path>/miniconda3/envs/pub-ddpvla4/lib/python3.10/site-packages/robosuite/renderers/context/egl_context.py", line 149, in free
    EGL.eglMakeCurrent(EGL_DISPLAY, EGL.EGL_NO_SURFACE, EGL.EGL_NO_SURFACE, EGL.EGL_NO_CONTEXT)
  File "<home_path>/miniconda3/envs/pub-ddpvla4/lib/python3.10/site-packages/OpenGL/error.py", line 230, in glCheckError
    raise self._errorClass(
OpenGL.raw.EGL._errors.EGLError: EGLError(
	err = EGL_NOT_INITIALIZED,
	baseOperation = eglMakeCurrent,
	cArguments = (
		<OpenGL._opaque.EGLDisplay_pointer object at 0x7f39ec406640>,
		<OpenGL._opaque.EGLSurface_pointer object at 0x7f3a5d517240>,
		<OpenGL._opaque.EGLSurface_pointer object at 0x7f3a5d517240>,
		<OpenGL._opaque.EGLContext_pointer object at 0x7f3a5d5171c0>,
	),
	result = 0
)
Exception ignored in: <function EGLGLContext.__del__ at 0x7f3a5d1f0670>
Traceback (most recent call last):
  File "<home_path>/miniconda3/envs/pub-ddpvla4/lib/python3.10/site-packages/robosuite/renderers/context/egl_context.py", line 155, in __del__
    self.free()
  File "<home_path>/miniconda3/envs/pub-ddpvla4/lib/python3.10/site-packages/robosuite/renderers/context/egl_context.py", line 149, in free
    EGL.eglMakeCurrent(EGL_DISPLAY, EGL.EGL_NO_SURFACE, EGL.EGL_NO_SURFACE, EGL.EGL_NO_CONTEXT)
  File "<home_path>/miniconda3/envs/pub-ddpvla4/lib/python3.10/site-packages/OpenGL/error.py", line 230, in glCheckError
    raise self._errorClass(
OpenGL.raw.EGL._errors.EGLError: EGLError(
	err = EGL_NOT_INITIALIZED,
	baseOperation = eglMakeCurrent,
	cArguments = (
		<OpenGL._opaque.EGLDisplay_pointer object at 0x7f39ec406640>,
		<OpenGL._opaque.EGLSurface_pointer object at 0x7f3a5d517240>,
		<OpenGL._opaque.EGLSurface_pointer object at 0x7f3a5d517240>,
		<OpenGL._opaque.EGLContext_pointer object at 0x7f3a5d5171c0>,
	),
	result = 0
)
